RunIndex,TrialIndex,Mode,Family,SubCase,TrueLabel,Observation,PredictedVerdict,Detection,IsCorrect,LatencyMicros
1,1,PRE_REMEDIATION,Source: Commit Author/Email Spoofing,Case B: Unsigned Commit (Author Spoofed),ATTACK,UNOBSERVED,TRUSTED,MISSED,false,12
1,3,PRE_REMEDIATION,Source: Commit Author/Email Spoofing,Case B: Unsigned Commit (Author Spoofed),ATTACK,UNOBSERVED,TRUSTED,MISSED,false,12
1,5,PRE_REMEDIATION,Source: Commit Author/Email Spoofing,Case B: Unsigned Commit (Author Spoofed),ATTACK,UNOBSERVED,TRUSTED,MISSED,false,12
1,7,PRE_REMEDIATION,Source: Commit Author/Email Spoofing,Case B: Unsigned Commit (Author Spoofed),ATTACK,UNOBSERVED,TRUSTED,MISSED,false,12
1,9,PRE_REMEDIATION,Source: Commit Author/Email Spoofing,Case B: Unsigned Commit (Author Spoofed),ATTACK,UNOBSERVED,TRUSTED,MISSED,false,12
1,11,PRE_REMEDIATION,Source: Commit Author/Email Spoofing,Case B: Unsigned Commit (Author Spoofed),ATTACK,UNOBSERVED,TRUSTED,MISSED,false,12
1,13,PRE_REMEDIATION,Source: Commit Author/Email Spoofing,Case B: Unsigned Commit (Author Spoofed),ATTACK,UNOBSERVED,TRUSTED,MISSED,false,12
1,15,PRE_REMEDIATION,Source: Commit Author/Email Spoofing,Case B: Unsigned Commit (Author Spoofed),ATTACK,UNOBSERVED,TRUSTED,MISSED,false,12
1,17,PRE_REMEDIATION,Source: Commit Author/Email Spoofing,Case B: Unsigned Commit (Author Spoofed),ATTACK,UNOBSERVED,TRUSTED,MISSED,false,12
1,19,PRE_REMEDIATION,Source: Commit Author/Email Spoofing,Case B: Unsigned Commit (Author Spoofed),ATTACK,UNOBSERVED,TRUSTED,MISSED,false,12
1,21,PRE_REMEDIATION,Source: Commit Author/Email Spoofing,Case B: Unsigned Commit (Author Spoofed),ATTACK,UNOBSERVED,TRUSTED,MISSED,false,12
1,23,PRE_REMEDIATION,Source: Commit Author/Email Spoofing,Case B: Unsigned Commit (Author Spoofed),ATTACK,UNOBSERVED,TRUSTED,MISSED,false,12
1,25,PRE_REMEDIATION,Source: Commit Author/Email Spoofing,Case B: Unsigned Commit (Author Spoofed),ATTACK,UNOBSERVED,TRUSTED,MISSED,false,12
1,27,PRE_REMEDIATION,Source: Commit Author/Email Spoofing,Case B: Unsigned Commit (Author Spoofed),ATTACK,UNOBSERVED,TRUSTED,MISSED,false,12
1,29,PRE_REMEDIATION,Source: Commit Author/Email Spoofing,Case B: Unsigned Commit (Author Spoofed),ATTACK,UNOBSERVED,TRUSTED,MISSED,false,12
1,31,PRE_REMEDIATION,Source: Commit Author/Email Spoofing,Case B: Unsigned Commit (Author Spoofed),ATTACK,UNOBSERVED,TRUSTED,MISSED,false,12
1,33,PRE_REMEDIATION,Source: Commit Author/Email Spoofing,Case B: Unsigned Commit (Author Spoofed),ATTACK,UNOBSERVED,TRUSTED,MISSED,false,12
1,35,PRE_REMEDIATION,Source: Commit Author/Email Spoofing,Case B: Unsigned Commit (Author Spoofed),ATTACK,UNOBSERVED,TRUSTED,MISSED,false,12
1,37,PRE_REMEDIATION,Source: Commit Author/Email Spoofing,Case B: Unsigned Commit (Author Spoofed),ATTACK,UNOBSERVED,TRUSTED,MISSED,false,12
1,39,PRE_REMEDIATION,Source: Commit Author/Email Spoofing,Case B: Unsigned Commit (Author Spoofed),ATTACK,UNOBSERVED,TRUSTED,MISSED,false,12
1,41,PRE_REMEDIATION,Source: Commit Author/Email Spoofing,Case B: Unsigned Commit (Author Spoofed),ATTACK,UNOBSERVED,TRUSTED,MISSED,false,12
1,43,PRE_REMEDIATION,Source: Commit Author/Email Spoofing,Case B: Unsigned Commit (Author Spoofed),ATTACK,UNOBSERVED,TRUSTED,MISSED,false,12
1,45,PRE_REMEDIATION,Source: Commit Author/Email Spoofing,Case B: Unsigned Commit (Author Spoofed),ATTACK,UNOBSERVED,TRUSTED,MISSED,false,12
1,47,PRE_REMEDIATION,Source: Commit Author/Email Spoofing,Case B: Unsigned Commit (Author Spoofed),ATTACK,UNOBSERVED,TRUSTED,MISSED,false,12
1,49,PRE_REMEDIATION,Source: Commit Author/Email Spoofing,Case B: Unsigned Commit (Author Spoofed),ATTACK,UNOBSERVED,TRUSTED,MISSED,false,12
1,51,PRE_REMEDIATION,Source: Commit Author/Email Spoofing,Case B: Unsigned Commit (Author Spoofed),ATTACK,UNOBSERVED,TRUSTED,MISSED,false,12
1,53,PRE_REMEDIATION,Source: Commit Author/Email Spoofing,Case B: Unsigned Commit (Author Spoofed),ATTACK,UNOBSERVED,TRUSTED,MISSED,false,12
1,55,PRE_REMEDIATION,Source: Commit Author/Email Spoofing,Case B: Unsigned Commit (Author Spoofed),ATTACK,UNOBSERVED,TRUSTED,MISSED,false,12
1,57,PRE_REMEDIATION,Source: Commit Author/Email Spoofing,Case B: Unsigned Commit (Author Spoofed),ATTACK,UNOBSERVED,TRUSTED,MISSED,false,12
1,59,PRE_REMEDIATION,Source: Commit Author/Email Spoofing,Case B: Unsigned Commit (Author Spoofed),ATTACK,UNOBSERVED,TRUSTED,MISSED,false,12
1,61,PRE_REMEDIATION,Source: Commit Author/Email Spoofing,Case B: Unsigned Commit (Author Spoofed),ATTACK,UNOBSERVED,TRUSTED,MISSED,false,12
1,63,PRE_REMEDIATION,Source: Commit Author/Email Spoofing,Case B: Unsigned Commit (Author Spoofed),ATTACK,UNOBSERVED,TRUSTED,MISSED,false,12
1,65,PRE_REMEDIATION,Source: Commit Author/Email Spoofing,Case B: Unsigned Commit (Author Spoofed),ATTACK,UNOBSERVED,TRUSTED,MISSED,false,12
1,67,PRE_REMEDIATION,Source: Commit Author/Email Spoofing,Case B: Unsigned Commit (Author Spoofed),ATTACK,UNOBSERVED,TRUSTED,MISSED,false,12
1,69,PRE_REMEDIATION,Source: Commit Author/Email Spoofing,Case B: Unsigned Commit (Author Spoofed),ATTACK,UNOBSERVED,TRUSTED,MISSED,false,12
1,71,PRE_REMEDIATION,Source: Commit Author/Email Spoofing,Case B: Unsigned Commit (Author Spoofed),ATTACK,UNOBSERVED,TRUSTED,MISSED,false,12
1,73,PRE_REMEDIATION,Source: Commit Author/Email Spoofing,Case B: Unsigned Commit (Author Spoofed),ATTACK,UNOBSERVED,TRUSTED,MISSED,false,12
1,75,PRE_REMEDIATION,Source: Commit Author/Email Spoofing,Case B: Unsigned Commit (Author Spoofed),ATTACK,UNOBSERVED,TRUSTED,MISSED,false,12
1,77,PRE_REMEDIATION,Source: Commit Author/Email Spoofing,Case B: Unsigned Commit (Author Spoofed),ATTACK,UNOBSERVED,TRUSTED,MISSED,false,12
1,79,PRE_REMEDIATION,Source: Commit Author/Email Spoofing,Case B: Unsigned Commit (Author Spoofed),ATTACK,UNOBSERVED,TRUSTED,MISSED,false,12
1,81,PRE_REMEDIATION,Source: Commit Author/Email Spoofing,Case B: Unsigned Commit (Author Spoofed),ATTACK,UNOBSERVED,TRUSTED,MISSED,false,12
1,83,PRE_REMEDIATION,Source: Commit Author/Email Spoofing,Case B: Unsigned Commit (Author Spoofed),ATTACK,UNOBSERVED,TRUSTED,MISSED,false,12
1,85,PRE_REMEDIATION,Source: Commit Author/Email Spoofing,Case B: Unsigned Commit (Author Spoofed),ATTACK,UNOBSERVED,TRUSTED,MISSED,false,12
1,87,PRE_REMEDIATION,Source: Commit Author/Email Spoofing,Case B: Unsigned Commit (Author Spoofed),ATTACK,UNOBSERVED,TRUSTED,MISSED,false,12
1,89,PRE_REMEDIATION,Source: Commit Author/Email Spoofing,Case B: Unsigned Commit (Author Spoofed),ATTACK,UNOBSERVED,TRUSTED,MISSED,false,12
1,91,PRE_REMEDIATION,Source: Commit Author/Email Spoofing,Case B: Unsigned Commit (Author Spoofed),ATTACK,UNOBSERVED,TRUSTED,MISSED,false,12
1,93,PRE_REMEDIATION,Source: Commit Author/Email Spoofing,Case B: Unsigned Commit (Author Spoofed),ATTACK,UNOBSERVED,TRUSTED,MISSED,false,12
1,95,PRE_REMEDIATION,Source: Commit Author/Email Spoofing,Case B: Unsigned Commit (Author Spoofed),ATTACK,UNOBSERVED,TRUSTED,MISSED,false,12
1,97,PRE_REMEDIATION,Source: Commit Author/Email Spoofing,Case B: Unsigned Commit (Author Spoofed),ATTACK,UNOBSERVED,TRUSTED,MISSED,false,12
1,99,PRE_REMEDIATION,Source: Commit Author/Email Spoofing,Case B: Unsigned Commit (Author Spoofed),ATTACK,UNOBSERVED,TRUSTED,MISSED,false,12
1,101,PRE_REMEDIATION,Source: Commit Author/Email Spoofing,Case B: Unsigned Commit (Author Spoofed),ATTACK,UNOBSERVED,TRUSTED,MISSED,false,12
1,103,PRE_REMEDIATION,Source: Commit Author/Email Spoofing,Case B: Unsigned Commit (Author Spoofed),ATTACK,UNOBSERVED,TRUSTED,MISSED,false,12
1,105,PRE_REMEDIATION,Source: Commit Author/Email Spoofing,Case B: Unsigned Commit (Author Spoofed),ATTACK,UNOBSERVED,TRUSTED,MISSED,false,12
1,107,PRE_REMEDIATION,Source: Commit Author/Email Spoofing,Case B: Unsigned Commit (Author Spoofed),ATTACK,UNOBSERVED,TRUSTED,MISSED,false,12
1,109,PRE_REMEDIATION,Source: Commit Author/Email Spoofing,Case B: Unsigned Commit (Author Spoofed),ATTACK,UNOBSERVED,TRUSTED,MISSED,false,12
1,111,PRE_REMEDIATION,Source: Commit Author/Email Spoofing,Case B: Unsigned Commit (Author Spoofed),ATTACK,UNOBSERVED,TRUSTED,MISSED,false,12
1,113,PRE_REMEDIATION,Source: Commit Author/Email Spoofing,Case B: Unsigned Commit (Author Spoofed),ATTACK,UNOBSERVED,TRUSTED,MISSED,false,12
1,115,PRE_REMEDIATION,Source: Commit Author/Email Spoofing,Case B: Unsigned Commit (Author Spoofed),ATTACK,UNOBSERVED,TRUSTED,MISSED,false,12
1,117,PRE_REMEDIATION,Source: Commit Author/Email Spoofing,Case B: Unsigned Commit (Author Spoofed),ATTACK,UNOBSERVED,TRUSTED,MISSED,false,12
1,119,PRE_REMEDIATION,Source: Commit Author/Email Spoofing,Case B: Unsigned Commit (Author Spoofed),ATTACK,UNOBSERVED,TRUSTED,MISSED,false,12
1,121,PRE_REMEDIATION,Source: Commit Author/Email Spoofing,Case B: Unsigned Commit (Author Spoofed),ATTACK,UNOBSERVED,TRUSTED,MISSED,false,12
1,123,PRE_REMEDIATION,Source: Commit Author/Email Spoofing,Case B: Unsigned Commit (Author Spoofed),ATTACK,UNOBSERVED,TRUSTED,MISSED,false,12
1,125,PRE_REMEDIATION,Source: Commit Author/Email Spoofing,Case B: Unsigned Commit (Author Spoofed),ATTACK,UNOBSERVED,TRUSTED,MISSED,false,12
1,127,PRE_REMEDIATION,Source: Commit Author/Email Spoofing,Case B: Unsigned Commit (Author Spoofed),ATTACK,UNOBSERVED,TRUSTED,MISSED,false,12
1,129,PRE_REMEDIATION,Source: Commit Author/Email Spoofing,Case B: Unsigned Commit (Author Spoofed),ATTACK,UNOBSERVED,TRUSTED,MISSED,false,12
1,131,PRE_REMEDIATION,Source: Commit Author/Email Spoofing,Case B: Unsigned Commit (Author Spoofed),ATTACK,UNOBSERVED,TRUSTED,MISSED,false,12
1,133,PRE_REMEDIATION,Source: Commit Author/Email Spoofing,Case B: Unsigned Commit (Author Spoofed),ATTACK,UNOBSERVED,TRUSTED,MISSED,false,12
1,135,PRE_REMEDIATION,Source: Commit Author/Email Spoofing,Case B: Unsigned Commit (Author Spoofed),ATTACK,UNOBSERVED,TRUSTED,MISSED,false,12
1,137,PRE_REMEDIATION,Source: Commit Author/Email Spoofing,Case B: Unsigned Commit (Author Spoofed),ATTACK,UNOBSERVED,TRUSTED,MISSED,false,12
1,139,PRE_REMEDIATION,Source: Commit Author/Email Spoofing,Case B: Unsigned Commit (Author Spoofed),ATTACK,UNOBSERVED,TRUSTED,MISSED,false,12
1,141,PRE_REMEDIATION,Source: Commit Author/Email Spoofing,Case B: Unsigned Commit (Author Spoofed),ATTACK,UNOBSERVED,TRUSTED,MISSED,false,12
1,143,PRE_REMEDIATION,Source: Commit Author/Email Spoofing,Case B: Unsigned Commit (Author Spoofed),ATTACK,UNOBSERVED,TRUSTED,MISSED,false,12
1,145,PRE_REMEDIATION,Source: Commit Author/Email Spoofing,Case B: Unsigned Commit (Author Spoofed),ATTACK,UNOBSERVED,TRUSTED,MISSED,false,12
1,147,PRE_REMEDIATION,Source: Commit Author/Email Spoofing,Case B: Unsigned Commit (Author Spoofed),ATTACK,UNOBSERVED,TRUSTED,MISSED,false,12
1,149,PRE_REMEDIATION,Source: Commit Author/Email Spoofing,Case B: Unsigned Commit (Author Spoofed),ATTACK,UNOBSERVED,TRUSTED,MISSED,false,12
1,151,PRE_REMEDIATION,Source: Commit Author/Email Spoofing,Case B: Unsigned Commit (Author Spoofed),ATTACK,UNOBSERVED,TRUSTED,MISSED,false,12
1,153,PRE_REMEDIATION,Source: Commit Author/Email Spoofing,Case B: Unsigned Commit (Author Spoofed),ATTACK,UNOBSERVED,TRUSTED,MISSED,false,12
1,155,PRE_REMEDIATION,Source: Commit Author/Email Spoofing,Case B: Unsigned Commit (Author Spoofed),ATTACK,UNOBSERVED,TRUSTED,MISSED,false,12
1,157,PRE_REMEDIATION,Source: Commit Author/Email Spoofing,Case B: Unsigned Commit (Author Spoofed),ATTACK,UNOBSERVED,TRUSTED,MISSED,false,12
1,159,PRE_REMEDIATION,Source: Commit Author/Email Spoofing,Case B: Unsigned Commit (Author Spoofed),ATTACK,UNOBSERVED,TRUSTED,MISSED,false,12
1,161,PRE_REMEDIATION,Source: Commit Author/Email Spoofing,Case B: Unsigned Commit (Author Spoofed),ATTACK,UNOBSERVED,TRUSTED,MISSED,false,12
1,163,PRE_REMEDIATION,Source: Commit Author/Email Spoofing,Case B: Unsigned Commit (Author Spoofed),ATTACK,UNOBSERVED,TRUSTED,MISSED,false,12
1,165,PRE_REMEDIATION,Source: Commit Author/Email Spoofing,Case B: Unsigned Commit (Author Spoofed),ATTACK,UNOBSERVED,TRUSTED,MISSED,false,12
1,167,PRE_REMEDIATION,Source: Commit Author/Email Spoofing,Case B: Unsigned Commit (Author Spoofed),ATTACK,UNOBSERVED,TRUSTED,MISSED,false,12
1,169,PRE_REMEDIATION,Source: Commit Author/Email Spoofing,Case B: Unsigned Commit (Author Spoofed),ATTACK,UNOBSERVED,TRUSTED,MISSED,false,12
1,171,PRE_REMEDIATION,Source: Commit Author/Email Spoofing,Case B: Unsigned Commit (Author Spoofed),ATTACK,UNOBSERVED,TRUSTED,MISSED,false,12
1,173,PRE_REMEDIATION,Source: Commit Author/Email Spoofing,Case B: Unsigned Commit (Author Spoofed),ATTACK,UNOBSERVED,TRUSTED,MISSED,false,12
1,175,PRE_REMEDIATION,Source: Commit Author/Email Spoofing,Case B: Unsigned Commit (Author Spoofed),ATTACK,UNOBSERVED,TRUSTED,MISSED,false,12
1,177,PRE_REMEDIATION,Source: Commit Author/Email Spoofing,Case B: Unsigned Commit (Author Spoofed),ATTACK,UNOBSERVED,TRUSTED,MISSED,false,12
1,179,PRE_REMEDIATION,Source: Commit Author/Email Spoofing,Case B: Unsigned Commit (Author Spoofed),ATTACK,UNOBSERVED,TRUSTED,MISSED,false,12
1,181,PRE_REMEDIATION,Source: Commit Author/Email Spoofing,Case B: Unsigned Commit (Author Spoofed),ATTACK,UNOBSERVED,TRUSTED,MISSED,false,12
1,183,PRE_REMEDIATION,Source: Commit Author/Email Spoofing,Case B: Unsigned Commit (Author Spoofed),ATTACK,UNOBSERVED,TRUSTED,MISSED,false,12
1,185,PRE_REMEDIATION,Source: Commit Author/Email Spoofing,Case B: Unsigned Commit (Author Spoofed),ATTACK,UNOBSERVED,TRUSTED,MISSED,false,12
1,187,PRE_REMEDIATION,Source: Commit Author/Email Spoofing,Case B: Unsigned Commit (Author Spoofed),ATTACK,UNOBSERVED,TRUSTED,MISSED,false,12
1,189,PRE_REMEDIATION,Source: Commit Author/Email Spoofing,Case B: Unsigned Commit (Author Spoofed),ATTACK,UNOBSERVED,TRUSTED,MISSED,false,12
1,191,PRE_REMEDIATION,Source: Commit Author/Email Spoofing,Case B: Unsigned Commit (Author Spoofed),ATTACK,UNOBSERVED,TRUSTED,MISSED,false,12
1,193,PRE_REMEDIATION,Source: Commit Author/Email Spoofing,Case B: Unsigned Commit (Author Spoofed),ATTACK,UNOBSERVED,TRUSTED,MISSED,false,12
1,195,PRE_REMEDIATION,Source: Commit Author/Email Spoofing,Case B: Unsigned Commit (Author Spoofed),ATTACK,UNOBSERVED,TRUSTED,MISSED,false,12
1,197,PRE_REMEDIATION,Source: Commit Author/Email Spoofing,Case B: Unsigned Commit (Author Spoofed),ATTACK,UNOBSERVED,TRUSTED,MISSED,false,12
1,199,PRE_REMEDIATION,Source: Commit Author/Email Spoofing,Case B: Unsigned Commit (Author Spoofed),ATTACK,UNOBSERVED,TRUSTED,MISSED,false,12
1,201,PRE_REMEDIATION,Process: Short-Lived Subprocess (Polling Evasion),<1 ms,ATTACK,UNOBSERVED,TRUSTED,MISSED,false,12
1,203,PRE_REMEDIATION,Process: Short-Lived Subprocess (Polling Evasion),1–5 ms,ATTACK,UNOBSERVED,TRUSTED,MISSED,false,12
1,205,PRE_REMEDIATION,Process: Short-Lived Subprocess (Polling Evasion),5–10 ms,ATTACK,UNOBSERVED,TRUSTED,MISSED,false,12
1,207,PRE_REMEDIATION,Process: Short-Lived Subprocess (Polling Evasion),<1 ms,ATTACK,UNOBSERVED,TRUSTED,MISSED,false,12
1,209,PRE_REMEDIATION,Process: Short-Lived Subprocess (Polling Evasion),1–5 ms,ATTACK,UNOBSERVED,TRUSTED,MISSED,false,12
1,211,PRE_REMEDIATION,Process: Short-Lived Subprocess (Polling Evasion),5–10 ms,ATTACK,UNOBSERVED,TRUSTED,MISSED,false,12
1,213,PRE_REMEDIATION,Process: Short-Lived Subprocess (Polling Evasion),<1 ms,ATTACK,UNOBSERVED,TRUSTED,MISSED,false,12
1,215,PRE_REMEDIATION,Process: Short-Lived Subprocess (Polling Evasion),1–5 ms,ATTACK,UNOBSERVED,TRUSTED,MISSED,false,12
1,217,PRE_REMEDIATION,Process: Short-Lived Subprocess (Polling Evasion),5–10 ms,ATTACK,UNOBSERVED,TRUSTED,MISSED,false,12
1,219,PRE_REMEDIATION,Process: Short-Lived Subprocess (Polling Evasion),<1 ms,ATTACK,UNOBSERVED,TRUSTED,MISSED,false,12
1,221,PRE_REMEDIATION,Process: Short-Lived Subprocess (Polling Evasion),1–5 ms,ATTACK,UNOBSERVED,TRUSTED,MISSED,false,12
1,223,PRE_REMEDIATION,Process: Short-Lived Subprocess (Polling Evasion),5–10 ms,ATTACK,UNOBSERVED,TRUSTED,MISSED,false,12
1,225,PRE_REMEDIATION,Process: Short-Lived Subprocess (Polling Evasion),<1 ms,ATTACK,UNOBSERVED,TRUSTED,MISSED,false,12
1,227,PRE_REMEDIATION,Process: Short-Lived Subprocess (Polling Evasion),1–5 ms,ATTACK,UNOBSERVED,TRUSTED,MISSED,false,12
1,229,PRE_REMEDIATION,Process: Short-Lived Subprocess (Polling Evasion),5–10 ms,ATTACK,UNOBSERVED,TRUSTED,MISSED,false,12
1,231,PRE_REMEDIATION,Process: Short-Lived Subprocess (Polling Evasion),<1 ms,ATTACK,UNOBSERVED,TRUSTED,MISSED,false,12
1,233,PRE_REMEDIATION,Process: Short-Lived Subprocess (Polling Evasion),1–5 ms,ATTACK,UNOBSERVED,TRUSTED,MISSED,false,12
1,235,PRE_REMEDIATION,Process: Short-Lived Subprocess (Polling Evasion),5–10 ms,ATTACK,UNOBSERVED,TRUSTED,MISSED,false,12
1,237,PRE_REMEDIATION,Process: Short-Lived Subprocess (Polling Evasion),<1 ms,ATTACK,UNOBSERVED,TRUSTED,MISSED,false,12
1,239,PRE_REMEDIATION,Process: Short-Lived Subprocess (Polling Evasion),1–5 ms,ATTACK,UNOBSERVED,TRUSTED,MISSED,false,12
1,241,PRE_REMEDIATION,Process: Short-Lived Subprocess (Polling Evasion),5–10 ms,ATTACK,UNOBSERVED,TRUSTED,MISSED,false,12
1,243,PRE_REMEDIATION,Process: Short-Lived Subprocess (Polling Evasion),<1 ms,ATTACK,UNOBSERVED,TRUSTED,MISSED,false,12
1,245,PRE_REMEDIATION,Process: Short-Lived Subprocess (Polling Evasion),1–5 ms,ATTACK,UNOBSERVED,TRUSTED,MISSED,false,12
1,247,PRE_REMEDIATION,Process: Short-Lived Subprocess (Polling Evasion),5–10 ms,ATTACK,UNOBSERVED,TRUSTED,MISSED,false,12
1,249,PRE_REMEDIATION,Process: Short-Lived Subprocess (Polling Evasion),<1 ms,ATTACK,UNOBSERVED,TRUSTED,MISSED,false,12
1,251,PRE_REMEDIATION,Process: Short-Lived Subprocess (Polling Evasion),1–5 ms,ATTACK,UNOBSERVED,TRUSTED,MISSED,false,12
1,253,PRE_REMEDIATION,Process: Short-Lived Subprocess (Polling Evasion),5–10 ms,ATTACK,UNOBSERVED,TRUSTED,MISSED,false,12
1,255,PRE_REMEDIATION,Process: Short-Lived Subprocess (Polling Evasion),<1 ms,ATTACK,UNOBSERVED,TRUSTED,MISSED,false,12
1,257,PRE_REMEDIATION,Process: Short-Lived Subprocess (Polling Evasion),1–5 ms,ATTACK,UNOBSERVED,TRUSTED,MISSED,false,12
1,259,PRE_REMEDIATION,Process: Short-Lived Subprocess (Polling Evasion),5–10 ms,ATTACK,UNOBSERVED,TRUSTED,MISSED,false,12
1,261,PRE_REMEDIATION,Process: Short-Lived Subprocess (Polling Evasion),<1 ms,ATTACK,UNOBSERVED,TRUSTED,MISSED,false,12
1,263,PRE_REMEDIATION,Process: Short-Lived Subprocess (Polling Evasion),1–5 ms,ATTACK,UNOBSERVED,TRUSTED,MISSED,false,12
1,265,PRE_REMEDIATION,Process: Short-Lived Subprocess (Polling Evasion),5–10 ms,ATTACK,UNOBSERVED,TRUSTED,MISSED,false,12
1,267,PRE_REMEDIATION,Process: Short-Lived Subprocess (Polling Evasion),<1 ms,ATTACK,UNOBSERVED,TRUSTED,MISSED,false,12
1,269,PRE_REMEDIATION,Process: Short-Lived Subprocess (Polling Evasion),1–5 ms,ATTACK,UNOBSERVED,TRUSTED,MISSED,false,12
1,271,PRE_REMEDIATION,Process: Short-Lived Subprocess (Polling Evasion),5–10 ms,ATTACK,UNOBSERVED,TRUSTED,MISSED,false,12
1,273,PRE_REMEDIATION,Process: Short-Lived Subprocess (Polling Evasion),<1 ms,ATTACK,UNOBSERVED,TRUSTED,MISSED,false,12
1,275,PRE_REMEDIATION,Process: Short-Lived Subprocess (Polling Evasion),1–5 ms,ATTACK,UNOBSERVED,TRUSTED,MISSED,false,12
1,277,PRE_REMEDIATION,Process: Short-Lived Subprocess (Polling Evasion),5–10 ms,ATTACK,UNOBSERVED,TRUSTED,MISSED,false,12
1,279,PRE_REMEDIATION,Process: Short-Lived Subprocess (Polling Evasion),<1 ms,ATTACK,UNOBSERVED,TRUSTED,MISSED,false,12
1,281,PRE_REMEDIATION,Process: Short-Lived Subprocess (Polling Evasion),1–5 ms,ATTACK,UNOBSERVED,TRUSTED,MISSED,false,12
1,283,PRE_REMEDIATION,Process: Short-Lived Subprocess (Polling Evasion),5–10 ms,ATTACK,UNOBSERVED,TRUSTED,MISSED,false,12
1,285,PRE_REMEDIATION,Process: Short-Lived Subprocess (Polling Evasion),<1 ms,ATTACK,UNOBSERVED,TRUSTED,MISSED,false,12
1,287,PRE_REMEDIATION,Process: Short-Lived Subprocess (Polling Evasion),1–5 ms,ATTACK,UNOBSERVED,TRUSTED,MISSED,false,12
1,289,PRE_REMEDIATION,Process: Short-Lived Subprocess (Polling Evasion),5–10 ms,ATTACK,UNOBSERVED,TRUSTED,MISSED,false,12
1,291,PRE_REMEDIATION,Process: Short-Lived Subprocess (Polling Evasion),<1 ms,ATTACK,UNOBSERVED,TRUSTED,MISSED,false,12
1,293,PRE_REMEDIATION,Process: Short-Lived Subprocess (Polling Evasion),1–5 ms,ATTACK,UNOBSERVED,TRUSTED,MISSED,false,12
1,295,PRE_REMEDIATION,Process: Short-Lived Subprocess (Polling Evasion),5–10 ms,ATTACK,UNOBSERVED,TRUSTED,MISSED,false,12
1,297,PRE_REMEDIATION,Process: Short-Lived Subprocess (Polling Evasion),<1 ms,ATTACK,UNOBSERVED,TRUSTED,MISSED,false,12
1,299,PRE_REMEDIATION,Process: Short-Lived Subprocess (Polling Evasion),1–5 ms,ATTACK,UNOBSERVED,TRUSTED,MISSED,false,12
1,301,PRE_REMEDIATION,Process: Short-Lived Subprocess (Polling Evasion),5–10 ms,ATTACK,UNOBSERVED,TRUSTED,MISSED,false,12
1,303,PRE_REMEDIATION,Process: Short-Lived Subprocess (Polling Evasion),<1 ms,ATTACK,UNOBSERVED,TRUSTED,MISSED,false,12
1,305,PRE_REMEDIATION,Process: Short-Lived Subprocess (Polling Evasion),1–5 ms,ATTACK,UNOBSERVED,TRUSTED,MISSED,false,12
1,307,PRE_REMEDIATION,Process: Short-Lived Subprocess (Polling Evasion),5–10 ms,ATTACK,UNOBSERVED,TRUSTED,MISSED,false,12
1,309,PRE_REMEDIATION,Process: Short-Lived Subprocess (Polling Evasion),<1 ms,ATTACK,UNOBSERVED,TRUSTED,MISSED,false,12
1,311,PRE_REMEDIATION,Process: Short-Lived Subprocess (Polling Evasion),1–5 ms,ATTACK,UNOBSERVED,TRUSTED,MISSED,false,12
1,313,PRE_REMEDIATION,Process: Short-Lived Subprocess (Polling Evasion),5–10 ms,ATTACK,UNOBSERVED,TRUSTED,MISSED,false,12
1,315,PRE_REMEDIATION,Process: Short-Lived Subprocess (Polling Evasion),<1 ms,ATTACK,UNOBSERVED,TRUSTED,MISSED,false,12
1,317,PRE_REMEDIATION,Process: Short-Lived Subprocess (Polling Evasion),1–5 ms,ATTACK,UNOBSERVED,TRUSTED,MISSED,false,12
1,319,PRE_REMEDIATION,Process: Short-Lived Subprocess (Polling Evasion),5–10 ms,ATTACK,UNOBSERVED,TRUSTED,MISSED,false,12
1,321,PRE_REMEDIATION,Process: Short-Lived Subprocess (Polling Evasion),<1 ms,ATTACK,UNOBSERVED,TRUSTED,MISSED,false,12
1,323,PRE_REMEDIATION,Process: Short-Lived Subprocess (Polling Evasion),1–5 ms,ATTACK,UNOBSERVED,TRUSTED,MISSED,false,12
1,325,PRE_REMEDIATION,Process: Short-Lived Subprocess (Polling Evasion),5–10 ms,ATTACK,UNOBSERVED,TRUSTED,MISSED,false,12
1,327,PRE_REMEDIATION,Process: Short-Lived Subprocess (Polling Evasion),<1 ms,ATTACK,UNOBSERVED,TRUSTED,MISSED,false,12
1,329,PRE_REMEDIATION,Process: Short-Lived Subprocess (Polling Evasion),1–5 ms,ATTACK,UNOBSERVED,TRUSTED,MISSED,false,12
1,331,PRE_REMEDIATION,Process: Short-Lived Subprocess (Polling Evasion),5–10 ms,ATTACK,UNOBSERVED,TRUSTED,MISSED,false,12
1,333,PRE_REMEDIATION,Process: Short-Lived Subprocess (Polling Evasion),<1 ms,ATTACK,UNOBSERVED,TRUSTED,MISSED,false,12
1,335,PRE_REMEDIATION,Process: Short-Lived Subprocess (Polling Evasion),1–5 ms,ATTACK,UNOBSERVED,TRUSTED,MISSED,false,12
1,337,PRE_REMEDIATION,Process: Short-Lived Subprocess (Polling Evasion),5–10 ms,ATTACK,UNOBSERVED,TRUSTED,MISSED,false,12
1,339,PRE_REMEDIATION,Process: Short-Lived Subprocess (Polling Evasion),<1 ms,ATTACK,UNOBSERVED,TRUSTED,MISSED,false,12
1,341,PRE_REMEDIATION,Process: Short-Lived Subprocess (Polling Evasion),1–5 ms,ATTACK,UNOBSERVED,TRUSTED,MISSED,false,12
1,343,PRE_REMEDIATION,Process: Short-Lived Subprocess (Polling Evasion),5–10 ms,ATTACK,UNOBSERVED,TRUSTED,MISSED,false,12
1,345,PRE_REMEDIATION,Process: Short-Lived Subprocess (Polling Evasion),<1 ms,ATTACK,UNOBSERVED,TRUSTED,MISSED,false,12
1,347,PRE_REMEDIATION,Process: Short-Lived Subprocess (Polling Evasion),1–5 ms,ATTACK,UNOBSERVED,TRUSTED,MISSED,false,12
1,349,PRE_REMEDIATION,Process: Short-Lived Subprocess (Polling Evasion),5–10 ms,ATTACK,UNOBSERVED,TRUSTED,MISSED,false,12
1,351,PRE_REMEDIATION,Process: Short-Lived Subprocess (Polling Evasion),<1 ms,ATTACK,UNOBSERVED,TRUSTED,MISSED,false,12
1,353,PRE_REMEDIATION,Process: Short-Lived Subprocess (Polling Evasion),1–5 ms,ATTACK,UNOBSERVED,TRUSTED,MISSED,false,12
1,355,PRE_REMEDIATION,Process: Short-Lived Subprocess (Polling Evasion),5–10 ms,ATTACK,UNOBSERVED,TRUSTED,MISSED,false,12
1,357,PRE_REMEDIATION,Process: Short-Lived Subprocess (Polling Evasion),<1 ms,ATTACK,UNOBSERVED,TRUSTED,MISSED,false,12
1,359,PRE_REMEDIATION,Process: Short-Lived Subprocess (Polling Evasion),1–5 ms,ATTACK,UNOBSERVED,TRUSTED,MISSED,false,12
1,361,PRE_REMEDIATION,Process: Short-Lived Subprocess (Polling Evasion),5–10 ms,ATTACK,UNOBSERVED,TRUSTED,MISSED,false,12
1,363,PRE_REMEDIATION,Process: Short-Lived Subprocess (Polling Evasion),<1 ms,ATTACK,UNOBSERVED,TRUSTED,MISSED,false,12
1,365,PRE_REMEDIATION,Process: Short-Lived Subprocess (Polling Evasion),1–5 ms,ATTACK,UNOBSERVED,TRUSTED,MISSED,false,12
1,367,PRE_REMEDIATION,Process: Short-Lived Subprocess (Polling Evasion),5–10 ms,ATTACK,UNOBSERVED,TRUSTED,MISSED,false,12
1,369,PRE_REMEDIATION,Process: Short-Lived Subprocess (Polling Evasion),<1 ms,ATTACK,UNOBSERVED,TRUSTED,MISSED,false,12
1,371,PRE_REMEDIATION,Process: Short-Lived Subprocess (Polling Evasion),1–5 ms,ATTACK,UNOBSERVED,TRUSTED,MISSED,false,12
1,373,PRE_REMEDIATION,Process: Short-Lived Subprocess (Polling Evasion),5–10 ms,ATTACK,UNOBSERVED,TRUSTED,MISSED,false,12
1,375,PRE_REMEDIATION,Process: Short-Lived Subprocess (Polling Evasion),<1 ms,ATTACK,UNOBSERVED,TRUSTED,MISSED,false,12
1,377,PRE_REMEDIATION,Process: Short-Lived Subprocess (Polling Evasion),1–5 ms,ATTACK,UNOBSERVED,TRUSTED,MISSED,false,12
1,379,PRE_REMEDIATION,Process: Short-Lived Subprocess (Polling Evasion),5–10 ms,ATTACK,UNOBSERVED,TRUSTED,MISSED,false,12
1,381,PRE_REMEDIATION,Process: Short-Lived Subprocess (Polling Evasion),<1 ms,ATTACK,UNOBSERVED,TRUSTED,MISSED,false,12
1,383,PRE_REMEDIATION,Process: Short-Lived Subprocess (Polling Evasion),1–5 ms,ATTACK,UNOBSERVED,TRUSTED,MISSED,false,12
1,385,PRE_REMEDIATION,Process: Short-Lived Subprocess (Polling Evasion),5–10 ms,ATTACK,UNOBSERVED,TRUSTED,MISSED,false,12
1,387,PRE_REMEDIATION,Process: Short-Lived Subprocess (Polling Evasion),<1 ms,ATTACK,UNOBSERVED,TRUSTED,MISSED,false,12
1,389,PRE_REMEDIATION,Process: Short-Lived Subprocess (Polling Evasion),1–5 ms,ATTACK,UNOBSERVED,TRUSTED,MISSED,false,12
1,391,PRE_REMEDIATION,Process: Short-Lived Subprocess (Polling Evasion),5–10 ms,ATTACK,UNOBSERVED,TRUSTED,MISSED,false,12
1,393,PRE_REMEDIATION,Process: Short-Lived Subprocess (Polling Evasion),<1 ms,ATTACK,UNOBSERVED,TRUSTED,MISSED,false,12
1,395,PRE_REMEDIATION,Process: Short-Lived Subprocess (Polling Evasion),1–5 ms,ATTACK,UNOBSERVED,TRUSTED,MISSED,false,12
1,397,PRE_REMEDIATION,Process: Short-Lived Subprocess (Polling Evasion),5–10 ms,ATTACK,UNOBSERVED,TRUSTED,MISSED,false,12
1,399,PRE_REMEDIATION,Process: Short-Lived Subprocess (Polling Evasion),<1 ms,ATTACK,UNOBSERVED,TRUSTED,MISSED,false,12
1,401,PRE_REMEDIATION,Filesystem: Boundary Escape (/tmp or %TEMP%),2. %TEMP% Directory,ATTACK,UNOBSERVED,TRUSTED,MISSED,false,15
1,403,PRE_REMEDIATION,Filesystem: Boundary Escape (/tmp or %TEMP%),3. User Profile Temp,ATTACK,UNOBSERVED,TRUSTED,MISSED,false,15
1,405,PRE_REMEDIATION,Filesystem: Boundary Escape (/tmp or %TEMP%),4. Unconfigured Directory,ATTACK,UNOBSERVED,TRUSTED,MISSED,false,15
1,407,PRE_REMEDIATION,Filesystem: Boundary Escape (/tmp or %TEMP%),5. System Directory,ATTACK,UNOBSERVED,TRUSTED,MISSED,false,15
1,409,PRE_REMEDIATION,Filesystem: Boundary Escape (/tmp or %TEMP%),2. %TEMP% Directory,ATTACK,UNOBSERVED,TRUSTED,MISSED,false,15
1,411,PRE_REMEDIATION,Filesystem: Boundary Escape (/tmp or %TEMP%),3. User Profile Temp,ATTACK,UNOBSERVED,TRUSTED,MISSED,false,15
1,413,PRE_REMEDIATION,Filesystem: Boundary Escape (/tmp or %TEMP%),4. Unconfigured Directory,ATTACK,UNOBSERVED,TRUSTED,MISSED,false,15
1,415,PRE_REMEDIATION,Filesystem: Boundary Escape (/tmp or %TEMP%),5. System Directory,ATTACK,UNOBSERVED,TRUSTED,MISSED,false,15
1,417,PRE_REMEDIATION,Filesystem: Boundary Escape (/tmp or %TEMP%),2. %TEMP% Directory,ATTACK,UNOBSERVED,TRUSTED,MISSED,false,15
1,419,PRE_REMEDIATION,Filesystem: Boundary Escape (/tmp or %TEMP%),3. User Profile Temp,ATTACK,UNOBSERVED,TRUSTED,MISSED,false,15
1,421,PRE_REMEDIATION,Filesystem: Boundary Escape (/tmp or %TEMP%),4. Unconfigured Directory,ATTACK,UNOBSERVED,TRUSTED,MISSED,false,15
1,423,PRE_REMEDIATION,Filesystem: Boundary Escape (/tmp or %TEMP%),5. System Directory,ATTACK,UNOBSERVED,TRUSTED,MISSED,false,15
1,425,PRE_REMEDIATION,Filesystem: Boundary Escape (/tmp or %TEMP%),2. %TEMP% Directory,ATTACK,UNOBSERVED,TRUSTED,MISSED,false,15
1,427,PRE_REMEDIATION,Filesystem: Boundary Escape (/tmp or %TEMP%),3. User Profile Temp,ATTACK,UNOBSERVED,TRUSTED,MISSED,false,15
1,429,PRE_REMEDIATION,Filesystem: Boundary Escape (/tmp or %TEMP%),4. Unconfigured Directory,ATTACK,UNOBSERVED,TRUSTED,MISSED,false,15
1,431,PRE_REMEDIATION,Filesystem: Boundary Escape (/tmp or %TEMP%),5. System Directory,ATTACK,UNOBSERVED,TRUSTED,MISSED,false,15
1,433,PRE_REMEDIATION,Filesystem: Boundary Escape (/tmp or %TEMP%),2. %TEMP% Directory,ATTACK,UNOBSERVED,TRUSTED,MISSED,false,15
1,435,PRE_REMEDIATION,Filesystem: Boundary Escape (/tmp or %TEMP%),3. User Profile Temp,ATTACK,UNOBSERVED,TRUSTED,MISSED,false,15
1,437,PRE_REMEDIATION,Filesystem: Boundary Escape (/tmp or %TEMP%),4. Unconfigured Directory,ATTACK,UNOBSERVED,TRUSTED,MISSED,false,15
1,439,PRE_REMEDIATION,Filesystem: Boundary Escape (/tmp or %TEMP%),5. System Directory,ATTACK,UNOBSERVED,TRUSTED,MISSED,false,15
1,441,PRE_REMEDIATION,Filesystem: Boundary Escape (/tmp or %TEMP%),2. %TEMP% Directory,ATTACK,UNOBSERVED,TRUSTED,MISSED,false,15
1,443,PRE_REMEDIATION,Filesystem: Boundary Escape (/tmp or %TEMP%),3. User Profile Temp,ATTACK,UNOBSERVED,TRUSTED,MISSED,false,15
1,445,PRE_REMEDIATION,Filesystem: Boundary Escape (/tmp or %TEMP%),4. Unconfigured Directory,ATTACK,UNOBSERVED,TRUSTED,MISSED,false,15
1,447,PRE_REMEDIATION,Filesystem: Boundary Escape (/tmp or %TEMP%),5. System Directory,ATTACK,UNOBSERVED,TRUSTED,MISSED,false,15
1,449,PRE_REMEDIATION,Filesystem: Boundary Escape (/tmp or %TEMP%),2. %TEMP% Directory,ATTACK,UNOBSERVED,TRUSTED,MISSED,false,15
1,451,PRE_REMEDIATION,Filesystem: Boundary Escape (/tmp or %TEMP%),3. User Profile Temp,ATTACK,UNOBSERVED,TRUSTED,MISSED,false,15
1,453,PRE_REMEDIATION,Filesystem: Boundary Escape (/tmp or %TEMP%),4. Unconfigured Directory,ATTACK,UNOBSERVED,TRUSTED,MISSED,false,15
1,455,PRE_REMEDIATION,Filesystem: Boundary Escape (/tmp or %TEMP%),5. System Directory,ATTACK,UNOBSERVED,TRUSTED,MISSED,false,15
1,457,PRE_REMEDIATION,Filesystem: Boundary Escape (/tmp or %TEMP%),2. %TEMP% Directory,ATTACK,UNOBSERVED,TRUSTED,MISSED,false,15
1,459,PRE_REMEDIATION,Filesystem: Boundary Escape (/tmp or %TEMP%),3. User Profile Temp,ATTACK,UNOBSERVED,TRUSTED,MISSED,false,15
1,461,PRE_REMEDIATION,Filesystem: Boundary Escape (/tmp or %TEMP%),4. Unconfigured Directory,ATTACK,UNOBSERVED,TRUSTED,MISSED,false,15
1,463,PRE_REMEDIATION,Filesystem: Boundary Escape (/tmp or %TEMP%),5. System Directory,ATTACK,UNOBSERVED,TRUSTED,MISSED,false,15
1,465,PRE_REMEDIATION,Filesystem: Boundary Escape (/tmp or %TEMP%),2. %TEMP% Directory,ATTACK,UNOBSERVED,TRUSTED,MISSED,false,15
1,467,PRE_REMEDIATION,Filesystem: Boundary Escape (/tmp or %TEMP%),3. User Profile Temp,ATTACK,UNOBSERVED,TRUSTED,MISSED,false,15
1,469,PRE_REMEDIATION,Filesystem: Boundary Escape (/tmp or %TEMP%),4. Unconfigured Directory,ATTACK,UNOBSERVED,TRUSTED,MISSED,false,15
1,471,PRE_REMEDIATION,Filesystem: Boundary Escape (/tmp or %TEMP%),5. System Directory,ATTACK,UNOBSERVED,TRUSTED,MISSED,false,15
1,473,PRE_REMEDIATION,Filesystem: Boundary Escape (/tmp or %TEMP%),2. %TEMP% Directory,ATTACK,UNOBSERVED,TRUSTED,MISSED,false,15
1,475,PRE_REMEDIATION,Filesystem: Boundary Escape (/tmp or %TEMP%),3. User Profile Temp,ATTACK,UNOBSERVED,TRUSTED,MISSED,false,15
1,477,PRE_REMEDIATION,Filesystem: Boundary Escape (/tmp or %TEMP%),4. Unconfigured Directory,ATTACK,UNOBSERVED,TRUSTED,MISSED,false,15
1,479,PRE_REMEDIATION,Filesystem: Boundary Escape (/tmp or %TEMP%),5. System Directory,ATTACK,UNOBSERVED,TRUSTED,MISSED,false,15
1,481,PRE_REMEDIATION,Filesystem: Boundary Escape (/tmp or %TEMP%),2. %TEMP% Directory,ATTACK,UNOBSERVED,TRUSTED,MISSED,false,15
1,483,PRE_REMEDIATION,Filesystem: Boundary Escape (/tmp or %TEMP%),3. User Profile Temp,ATTACK,UNOBSERVED,TRUSTED,MISSED,false,15
1,485,PRE_REMEDIATION,Filesystem: Boundary Escape (/tmp or %TEMP%),4. Unconfigured Directory,ATTACK,UNOBSERVED,TRUSTED,MISSED,false,15
1,487,PRE_REMEDIATION,Filesystem: Boundary Escape (/tmp or %TEMP%),5. System Directory,ATTACK,UNOBSERVED,TRUSTED,MISSED,false,15
1,489,PRE_REMEDIATION,Filesystem: Boundary Escape (/tmp or %TEMP%),2. %TEMP% Directory,ATTACK,UNOBSERVED,TRUSTED,MISSED,false,15
1,491,PRE_REMEDIATION,Filesystem: Boundary Escape (/tmp or %TEMP%),3. User Profile Temp,ATTACK,UNOBSERVED,TRUSTED,MISSED,false,15
1,493,PRE_REMEDIATION,Filesystem: Boundary Escape (/tmp or %TEMP%),4. Unconfigured Directory,ATTACK,UNOBSERVED,TRUSTED,MISSED,false,15
1,495,PRE_REMEDIATION,Filesystem: Boundary Escape (/tmp or %TEMP%),5. System Directory,ATTACK,UNOBSERVED,TRUSTED,MISSED,false,15
1,497,PRE_REMEDIATION,Filesystem: Boundary Escape (/tmp or %TEMP%),2. %TEMP% Directory,ATTACK,UNOBSERVED,TRUSTED,MISSED,false,15
1,499,PRE_REMEDIATION,Filesystem: Boundary Escape (/tmp or %TEMP%),3. User Profile Temp,ATTACK,UNOBSERVED,TRUSTED,MISSED,false,15
1,501,PRE_REMEDIATION,Filesystem: Boundary Escape (/tmp or %TEMP%),4. Unconfigured Directory,ATTACK,UNOBSERVED,TRUSTED,MISSED,false,15
1,503,PRE_REMEDIATION,Filesystem: Boundary Escape (/tmp or %TEMP%),5. System Directory,ATTACK,UNOBSERVED,TRUSTED,MISSED,false,15
1,505,PRE_REMEDIATION,Filesystem: Boundary Escape (/tmp or %TEMP%),2. %TEMP% Directory,ATTACK,UNOBSERVED,TRUSTED,MISSED,false,15
1,507,PRE_REMEDIATION,Filesystem: Boundary Escape (/tmp or %TEMP%),3. User Profile Temp,ATTACK,UNOBSERVED,TRUSTED,MISSED,false,15
1,509,PRE_REMEDIATION,Filesystem: Boundary Escape (/tmp or %TEMP%),4. Unconfigured Directory,ATTACK,UNOBSERVED,TRUSTED,MISSED,false,15
1,511,PRE_REMEDIATION,Filesystem: Boundary Escape (/tmp or %TEMP%),5. System Directory,ATTACK,UNOBSERVED,TRUSTED,MISSED,false,15
1,513,PRE_REMEDIATION,Filesystem: Boundary Escape (/tmp or %TEMP%),2. %TEMP% Directory,ATTACK,UNOBSERVED,TRUSTED,MISSED,false,15
1,515,PRE_REMEDIATION,Filesystem: Boundary Escape (/tmp or %TEMP%),3. User Profile Temp,ATTACK,UNOBSERVED,TRUSTED,MISSED,false,15
1,517,PRE_REMEDIATION,Filesystem: Boundary Escape (/tmp or %TEMP%),4. Unconfigured Directory,ATTACK,UNOBSERVED,TRUSTED,MISSED,false,15
1,519,PRE_REMEDIATION,Filesystem: Boundary Escape (/tmp or %TEMP%),5. System Directory,ATTACK,UNOBSERVED,TRUSTED,MISSED,false,15
1,521,PRE_REMEDIATION,Filesystem: Boundary Escape (/tmp or %TEMP%),2. %TEMP% Directory,ATTACK,UNOBSERVED,TRUSTED,MISSED,false,15
1,523,PRE_REMEDIATION,Filesystem: Boundary Escape (/tmp or %TEMP%),3. User Profile Temp,ATTACK,UNOBSERVED,TRUSTED,MISSED,false,15
1,525,PRE_REMEDIATION,Filesystem: Boundary Escape (/tmp or %TEMP%),4. Unconfigured Directory,ATTACK,UNOBSERVED,TRUSTED,MISSED,false,15
1,527,PRE_REMEDIATION,Filesystem: Boundary Escape (/tmp or %TEMP%),5. System Directory,ATTACK,UNOBSERVED,TRUSTED,MISSED,false,15
1,529,PRE_REMEDIATION,Filesystem: Boundary Escape (/tmp or %TEMP%),2. %TEMP% Directory,ATTACK,UNOBSERVED,TRUSTED,MISSED,false,15
1,531,PRE_REMEDIATION,Filesystem: Boundary Escape (/tmp or %TEMP%),3. User Profile Temp,ATTACK,UNOBSERVED,TRUSTED,MISSED,false,15
1,533,PRE_REMEDIATION,Filesystem: Boundary Escape (/tmp or %TEMP%),4. Unconfigured Directory,ATTACK,UNOBSERVED,TRUSTED,MISSED,false,15
1,535,PRE_REMEDIATION,Filesystem: Boundary Escape (/tmp or %TEMP%),5. System Directory,ATTACK,UNOBSERVED,TRUSTED,MISSED,false,15
1,537,PRE_REMEDIATION,Filesystem: Boundary Escape (/tmp or %TEMP%),2. %TEMP% Directory,ATTACK,UNOBSERVED,TRUSTED,MISSED,false,15
1,539,PRE_REMEDIATION,Filesystem: Boundary Escape (/tmp or %TEMP%),3. User Profile Temp,ATTACK,UNOBSERVED,TRUSTED,MISSED,false,15
1,541,PRE_REMEDIATION,Filesystem: Boundary Escape (/tmp or %TEMP%),4. Unconfigured Directory,ATTACK,UNOBSERVED,TRUSTED,MISSED,false,15
1,543,PRE_REMEDIATION,Filesystem: Boundary Escape (/tmp or %TEMP%),5. System Directory,ATTACK,UNOBSERVED,TRUSTED,MISSED,false,15
1,545,PRE_REMEDIATION,Filesystem: Boundary Escape (/tmp or %TEMP%),2. %TEMP% Directory,ATTACK,UNOBSERVED,TRUSTED,MISSED,false,15
1,547,PRE_REMEDIATION,Filesystem: Boundary Escape (/tmp or %TEMP%),3. User Profile Temp,ATTACK,UNOBSERVED,TRUSTED,MISSED,false,15
1,549,PRE_REMEDIATION,Filesystem: Boundary Escape (/tmp or %TEMP%),4. Unconfigured Directory,ATTACK,UNOBSERVED,TRUSTED,MISSED,false,15
1,551,PRE_REMEDIATION,Filesystem: Boundary Escape (/tmp or %TEMP%),5. System Directory,ATTACK,UNOBSERVED,TRUSTED,MISSED,false,15
1,553,PRE_REMEDIATION,Filesystem: Boundary Escape (/tmp or %TEMP%),2. %TEMP% Directory,ATTACK,UNOBSERVED,TRUSTED,MISSED,false,15
1,555,PRE_REMEDIATION,Filesystem: Boundary Escape (/tmp or %TEMP%),3. User Profile Temp,ATTACK,UNOBSERVED,TRUSTED,MISSED,false,15
1,557,PRE_REMEDIATION,Filesystem: Boundary Escape (/tmp or %TEMP%),4. Unconfigured Directory,ATTACK,UNOBSERVED,TRUSTED,MISSED,false,15
1,559,PRE_REMEDIATION,Filesystem: Boundary Escape (/tmp or %TEMP%),5. System Directory,ATTACK,UNOBSERVED,TRUSTED,MISSED,false,15
1,561,PRE_REMEDIATION,Filesystem: Boundary Escape (/tmp or %TEMP%),2. %TEMP% Directory,ATTACK,UNOBSERVED,TRUSTED,MISSED,false,15
1,563,PRE_REMEDIATION,Filesystem: Boundary Escape (/tmp or %TEMP%),3. User Profile Temp,ATTACK,UNOBSERVED,TRUSTED,MISSED,false,15
1,565,PRE_REMEDIATION,Filesystem: Boundary Escape (/tmp or %TEMP%),4. Unconfigured Directory,ATTACK,UNOBSERVED,TRUSTED,MISSED,false,15
1,567,PRE_REMEDIATION,Filesystem: Boundary Escape (/tmp or %TEMP%),5. System Directory,ATTACK,UNOBSERVED,TRUSTED,MISSED,false,15
1,569,PRE_REMEDIATION,Filesystem: Boundary Escape (/tmp or %TEMP%),2. %TEMP% Directory,ATTACK,UNOBSERVED,TRUSTED,MISSED,false,15
1,571,PRE_REMEDIATION,Filesystem: Boundary Escape (/tmp or %TEMP%),3. User Profile Temp,ATTACK,UNOBSERVED,TRUSTED,MISSED,false,15
1,573,PRE_REMEDIATION,Filesystem: Boundary Escape (/tmp or %TEMP%),4. Unconfigured Directory,ATTACK,UNOBSERVED,TRUSTED,MISSED,false,15
1,575,PRE_REMEDIATION,Filesystem: Boundary Escape (/tmp or %TEMP%),5. System Directory,ATTACK,UNOBSERVED,TRUSTED,MISSED,false,15
1,577,PRE_REMEDIATION,Filesystem: Boundary Escape (/tmp or %TEMP%),2. %TEMP% Directory,ATTACK,UNOBSERVED,TRUSTED,MISSED,false,15
1,579,PRE_REMEDIATION,Filesystem: Boundary Escape (/tmp or %TEMP%),3. User Profile Temp,ATTACK,UNOBSERVED,TRUSTED,MISSED,false,15
1,581,PRE_REMEDIATION,Filesystem: Boundary Escape (/tmp or %TEMP%),4. Unconfigured Directory,ATTACK,UNOBSERVED,TRUSTED,MISSED,false,15
1,583,PRE_REMEDIATION,Filesystem: Boundary Escape (/tmp or %TEMP%),5. System Directory,ATTACK,UNOBSERVED,TRUSTED,MISSED,false,15
1,585,PRE_REMEDIATION,Filesystem: Boundary Escape (/tmp or %TEMP%),2. %TEMP% Directory,ATTACK,UNOBSERVED,TRUSTED,MISSED,false,15
1,587,PRE_REMEDIATION,Filesystem: Boundary Escape (/tmp or %TEMP%),3. User Profile Temp,ATTACK,UNOBSERVED,TRUSTED,MISSED,false,15
1,589,PRE_REMEDIATION,Filesystem: Boundary Escape (/tmp or %TEMP%),4. Unconfigured Directory,ATTACK,UNOBSERVED,TRUSTED,MISSED,false,15
1,591,PRE_REMEDIATION,Filesystem: Boundary Escape (/tmp or %TEMP%),5. System Directory,ATTACK,UNOBSERVED,TRUSTED,MISSED,false,15
1,593,PRE_REMEDIATION,Filesystem: Boundary Escape (/tmp or %TEMP%),2. %TEMP% Directory,ATTACK,UNOBSERVED,TRUSTED,MISSED,false,15
1,595,PRE_REMEDIATION,Filesystem: Boundary Escape (/tmp or %TEMP%),3. User Profile Temp,ATTACK,UNOBSERVED,TRUSTED,MISSED,false,15
1,597,PRE_REMEDIATION,Filesystem: Boundary Escape (/tmp or %TEMP%),4. Unconfigured Directory,ATTACK,UNOBSERVED,TRUSTED,MISSED,false,15
1,599,PRE_REMEDIATION,Filesystem: Boundary Escape (/tmp or %TEMP%),5. System Directory,ATTACK,UNOBSERVED,TRUSTED,MISSED,false,15
1,601,PRE_REMEDIATION,Network: Ephemeral UDP/DNS Exfiltration,3. Unauthorized DNS TXT Exfiltration,ATTACK,UNOBSERVED,TRUSTED,MISSED,false,14
1,603,PRE_REMEDIATION,Network: Ephemeral UDP/DNS Exfiltration,4. Stateless UDP Socket Egress,ATTACK,UNOBSERVED,TRUSTED,MISSED,false,14
1,605,PRE_REMEDIATION,Network: Ephemeral UDP/DNS Exfiltration,3. Unauthorized DNS TXT Exfiltration,ATTACK,UNOBSERVED,TRUSTED,MISSED,false,14
1,607,PRE_REMEDIATION,Network: Ephemeral UDP/DNS Exfiltration,4. Stateless UDP Socket Egress,ATTACK,UNOBSERVED,TRUSTED,MISSED,false,14
1,609,PRE_REMEDIATION,Network: Ephemeral UDP/DNS Exfiltration,3. Unauthorized DNS TXT Exfiltration,ATTACK,UNOBSERVED,TRUSTED,MISSED,false,14
1,611,PRE_REMEDIATION,Network: Ephemeral UDP/DNS Exfiltration,4. Stateless UDP Socket Egress,ATTACK,UNOBSERVED,TRUSTED,MISSED,false,14
1,613,PRE_REMEDIATION,Network: Ephemeral UDP/DNS Exfiltration,3. Unauthorized DNS TXT Exfiltration,ATTACK,UNOBSERVED,TRUSTED,MISSED,false,14
1,615,PRE_REMEDIATION,Network: Ephemeral UDP/DNS Exfiltration,4. Stateless UDP Socket Egress,ATTACK,UNOBSERVED,TRUSTED,MISSED,false,14
1,617,PRE_REMEDIATION,Network: Ephemeral UDP/DNS Exfiltration,3. Unauthorized DNS TXT Exfiltration,ATTACK,UNOBSERVED,TRUSTED,MISSED,false,14
1,619,PRE_REMEDIATION,Network: Ephemeral UDP/DNS Exfiltration,4. Stateless UDP Socket Egress,ATTACK,UNOBSERVED,TRUSTED,MISSED,false,14
1,621,PRE_REMEDIATION,Network: Ephemeral UDP/DNS Exfiltration,3. Unauthorized DNS TXT Exfiltration,ATTACK,UNOBSERVED,TRUSTED,MISSED,false,14
1,623,PRE_REMEDIATION,Network: Ephemeral UDP/DNS Exfiltration,4. Stateless UDP Socket Egress,ATTACK,UNOBSERVED,TRUSTED,MISSED,false,14
1,625,PRE_REMEDIATION,Network: Ephemeral UDP/DNS Exfiltration,3. Unauthorized DNS TXT Exfiltration,ATTACK,UNOBSERVED,TRUSTED,MISSED,false,14
1,627,PRE_REMEDIATION,Network: Ephemeral UDP/DNS Exfiltration,4. Stateless UDP Socket Egress,ATTACK,UNOBSERVED,TRUSTED,MISSED,false,14
1,629,PRE_REMEDIATION,Network: Ephemeral UDP/DNS Exfiltration,3. Unauthorized DNS TXT Exfiltration,ATTACK,UNOBSERVED,TRUSTED,MISSED,false,14
1,631,PRE_REMEDIATION,Network: Ephemeral UDP/DNS Exfiltration,4. Stateless UDP Socket Egress,ATTACK,UNOBSERVED,TRUSTED,MISSED,false,14
1,633,PRE_REMEDIATION,Network: Ephemeral UDP/DNS Exfiltration,3. Unauthorized DNS TXT Exfiltration,ATTACK,UNOBSERVED,TRUSTED,MISSED,false,14
1,635,PRE_REMEDIATION,Network: Ephemeral UDP/DNS Exfiltration,4. Stateless UDP Socket Egress,ATTACK,UNOBSERVED,TRUSTED,MISSED,false,14
1,637,PRE_REMEDIATION,Network: Ephemeral UDP/DNS Exfiltration,3. Unauthorized DNS TXT Exfiltration,ATTACK,UNOBSERVED,TRUSTED,MISSED,false,14
1,639,PRE_REMEDIATION,Network: Ephemeral UDP/DNS Exfiltration,4. Stateless UDP Socket Egress,ATTACK,UNOBSERVED,TRUSTED,MISSED,false,14
1,641,PRE_REMEDIATION,Network: Ephemeral UDP/DNS Exfiltration,3. Unauthorized DNS TXT Exfiltration,ATTACK,UNOBSERVED,TRUSTED,MISSED,false,14
1,643,PRE_REMEDIATION,Network: Ephemeral UDP/DNS Exfiltration,4. Stateless UDP Socket Egress,ATTACK,UNOBSERVED,TRUSTED,MISSED,false,14
1,645,PRE_REMEDIATION,Network: Ephemeral UDP/DNS Exfiltration,3. Unauthorized DNS TXT Exfiltration,ATTACK,UNOBSERVED,TRUSTED,MISSED,false,14
1,647,PRE_REMEDIATION,Network: Ephemeral UDP/DNS Exfiltration,4. Stateless UDP Socket Egress,ATTACK,UNOBSERVED,TRUSTED,MISSED,false,14
1,649,PRE_REMEDIATION,Network: Ephemeral UDP/DNS Exfiltration,3. Unauthorized DNS TXT Exfiltration,ATTACK,UNOBSERVED,TRUSTED,MISSED,false,14
1,651,PRE_REMEDIATION,Network: Ephemeral UDP/DNS Exfiltration,4. Stateless UDP Socket Egress,ATTACK,UNOBSERVED,TRUSTED,MISSED,false,14
1,653,PRE_REMEDIATION,Network: Ephemeral UDP/DNS Exfiltration,3. Unauthorized DNS TXT Exfiltration,ATTACK,UNOBSERVED,TRUSTED,MISSED,false,14
1,655,PRE_REMEDIATION,Network: Ephemeral UDP/DNS Exfiltration,4. Stateless UDP Socket Egress,ATTACK,UNOBSERVED,TRUSTED,MISSED,false,14
1,657,PRE_REMEDIATION,Network: Ephemeral UDP/DNS Exfiltration,3. Unauthorized DNS TXT Exfiltration,ATTACK,UNOBSERVED,TRUSTED,MISSED,false,14
1,659,PRE_REMEDIATION,Network: Ephemeral UDP/DNS Exfiltration,4. Stateless UDP Socket Egress,ATTACK,UNOBSERVED,TRUSTED,MISSED,false,14
1,661,PRE_REMEDIATION,Network: Ephemeral UDP/DNS Exfiltration,3. Unauthorized DNS TXT Exfiltration,ATTACK,UNOBSERVED,TRUSTED,MISSED,false,14
1,663,PRE_REMEDIATION,Network: Ephemeral UDP/DNS Exfiltration,4. Stateless UDP Socket Egress,ATTACK,UNOBSERVED,TRUSTED,MISSED,false,14
1,665,PRE_REMEDIATION,Network: Ephemeral UDP/DNS Exfiltration,3. Unauthorized DNS TXT Exfiltration,ATTACK,UNOBSERVED,TRUSTED,MISSED,false,14
1,667,PRE_REMEDIATION,Network: Ephemeral UDP/DNS Exfiltration,4. Stateless UDP Socket Egress,ATTACK,UNOBSERVED,TRUSTED,MISSED,false,14
1,669,PRE_REMEDIATION,Network: Ephemeral UDP/DNS Exfiltration,3. Unauthorized DNS TXT Exfiltration,ATTACK,UNOBSERVED,TRUSTED,MISSED,false,14
1,671,PRE_REMEDIATION,Network: Ephemeral UDP/DNS Exfiltration,4. Stateless UDP Socket Egress,ATTACK,UNOBSERVED,TRUSTED,MISSED,false,14
1,673,PRE_REMEDIATION,Network: Ephemeral UDP/DNS Exfiltration,3. Unauthorized DNS TXT Exfiltration,ATTACK,UNOBSERVED,TRUSTED,MISSED,false,14
1,675,PRE_REMEDIATION,Network: Ephemeral UDP/DNS Exfiltration,4. Stateless UDP Socket Egress,ATTACK,UNOBSERVED,TRUSTED,MISSED,false,14
1,677,PRE_REMEDIATION,Network: Ephemeral UDP/DNS Exfiltration,3. Unauthorized DNS TXT Exfiltration,ATTACK,UNOBSERVED,TRUSTED,MISSED,false,14
1,679,PRE_REMEDIATION,Network: Ephemeral UDP/DNS Exfiltration,4. Stateless UDP Socket Egress,ATTACK,UNOBSERVED,TRUSTED,MISSED,false,14
1,681,PRE_REMEDIATION,Network: Ephemeral UDP/DNS Exfiltration,3. Unauthorized DNS TXT Exfiltration,ATTACK,UNOBSERVED,TRUSTED,MISSED,false,14
1,683,PRE_REMEDIATION,Network: Ephemeral UDP/DNS Exfiltration,4. Stateless UDP Socket Egress,ATTACK,UNOBSERVED,TRUSTED,MISSED,false,14
1,685,PRE_REMEDIATION,Network: Ephemeral UDP/DNS Exfiltration,3. Unauthorized DNS TXT Exfiltration,ATTACK,UNOBSERVED,TRUSTED,MISSED,false,14
1,687,PRE_REMEDIATION,Network: Ephemeral UDP/DNS Exfiltration,4. Stateless UDP Socket Egress,ATTACK,UNOBSERVED,TRUSTED,MISSED,false,14
1,689,PRE_REMEDIATION,Network: Ephemeral UDP/DNS Exfiltration,3. Unauthorized DNS TXT Exfiltration,ATTACK,UNOBSERVED,TRUSTED,MISSED,false,14
1,691,PRE_REMEDIATION,Network: Ephemeral UDP/DNS Exfiltration,4. Stateless UDP Socket Egress,ATTACK,UNOBSERVED,TRUSTED,MISSED,false,14
1,693,PRE_REMEDIATION,Network: Ephemeral UDP/DNS Exfiltration,3. Unauthorized DNS TXT Exfiltration,ATTACK,UNOBSERVED,TRUSTED,MISSED,false,14
1,695,PRE_REMEDIATION,Network: Ephemeral UDP/DNS Exfiltration,4. Stateless UDP Socket Egress,ATTACK,UNOBSERVED,TRUSTED,MISSED,false,14
1,697,PRE_REMEDIATION,Network: Ephemeral UDP/DNS Exfiltration,3. Unauthorized DNS TXT Exfiltration,ATTACK,UNOBSERVED,TRUSTED,MISSED,false,14
1,699,PRE_REMEDIATION,Network: Ephemeral UDP/DNS Exfiltration,4. Stateless UDP Socket Egress,ATTACK,UNOBSERVED,TRUSTED,MISSED,false,14
1,701,PRE_REMEDIATION,Network: Ephemeral UDP/DNS Exfiltration,3. Unauthorized DNS TXT Exfiltration,ATTACK,UNOBSERVED,TRUSTED,MISSED,false,14
1,703,PRE_REMEDIATION,Network: Ephemeral UDP/DNS Exfiltration,4. Stateless UDP Socket Egress,ATTACK,UNOBSERVED,TRUSTED,MISSED,false,14
1,705,PRE_REMEDIATION,Network: Ephemeral UDP/DNS Exfiltration,3. Unauthorized DNS TXT Exfiltration,ATTACK,UNOBSERVED,TRUSTED,MISSED,false,14
1,707,PRE_REMEDIATION,Network: Ephemeral UDP/DNS Exfiltration,4. Stateless UDP Socket Egress,ATTACK,UNOBSERVED,TRUSTED,MISSED,false,14
1,709,PRE_REMEDIATION,Network: Ephemeral UDP/DNS Exfiltration,3. Unauthorized DNS TXT Exfiltration,ATTACK,UNOBSERVED,TRUSTED,MISSED,false,14
1,711,PRE_REMEDIATION,Network: Ephemeral UDP/DNS Exfiltration,4. Stateless UDP Socket Egress,ATTACK,UNOBSERVED,TRUSTED,MISSED,false,14
1,713,PRE_REMEDIATION,Network: Ephemeral UDP/DNS Exfiltration,3. Unauthorized DNS TXT Exfiltration,ATTACK,UNOBSERVED,TRUSTED,MISSED,false,14
1,715,PRE_REMEDIATION,Network: Ephemeral UDP/DNS Exfiltration,4. Stateless UDP Socket Egress,ATTACK,UNOBSERVED,TRUSTED,MISSED,false,14
1,717,PRE_REMEDIATION,Network: Ephemeral UDP/DNS Exfiltration,3. Unauthorized DNS TXT Exfiltration,ATTACK,UNOBSERVED,TRUSTED,MISSED,false,14
1,719,PRE_REMEDIATION,Network: Ephemeral UDP/DNS Exfiltration,4. Stateless UDP Socket Egress,ATTACK,UNOBSERVED,TRUSTED,MISSED,false,14
1,721,PRE_REMEDIATION,Network: Ephemeral UDP/DNS Exfiltration,3. Unauthorized DNS TXT Exfiltration,ATTACK,UNOBSERVED,TRUSTED,MISSED,false,14
1,723,PRE_REMEDIATION,Network: Ephemeral UDP/DNS Exfiltration,4. Stateless UDP Socket Egress,ATTACK,UNOBSERVED,TRUSTED,MISSED,false,14
1,725,PRE_REMEDIATION,Network: Ephemeral UDP/DNS Exfiltration,3. Unauthorized DNS TXT Exfiltration,ATTACK,UNOBSERVED,TRUSTED,MISSED,false,14
1,727,PRE_REMEDIATION,Network: Ephemeral UDP/DNS Exfiltration,4. Stateless UDP Socket Egress,ATTACK,UNOBSERVED,TRUSTED,MISSED,false,14
1,729,PRE_REMEDIATION,Network: Ephemeral UDP/DNS Exfiltration,3. Unauthorized DNS TXT Exfiltration,ATTACK,UNOBSERVED,TRUSTED,MISSED,false,14
1,731,PRE_REMEDIATION,Network: Ephemeral UDP/DNS Exfiltration,4. Stateless UDP Socket Egress,ATTACK,UNOBSERVED,TRUSTED,MISSED,false,14
1,733,PRE_REMEDIATION,Network: Ephemeral UDP/DNS Exfiltration,3. Unauthorized DNS TXT Exfiltration,ATTACK,UNOBSERVED,TRUSTED,MISSED,false,14
1,735,PRE_REMEDIATION,Network: Ephemeral UDP/DNS Exfiltration,4. Stateless UDP Socket Egress,ATTACK,UNOBSERVED,TRUSTED,MISSED,false,14
1,737,PRE_REMEDIATION,Network: Ephemeral UDP/DNS Exfiltration,3. Unauthorized DNS TXT Exfiltration,ATTACK,UNOBSERVED,TRUSTED,MISSED,false,14
1,739,PRE_REMEDIATION,Network: Ephemeral UDP/DNS Exfiltration,4. Stateless UDP Socket Egress,ATTACK,UNOBSERVED,TRUSTED,MISSED,false,14
1,741,PRE_REMEDIATION,Network: Ephemeral UDP/DNS Exfiltration,3. Unauthorized DNS TXT Exfiltration,ATTACK,UNOBSERVED,TRUSTED,MISSED,false,14
1,743,PRE_REMEDIATION,Network: Ephemeral UDP/DNS Exfiltration,4. Stateless UDP Socket Egress,ATTACK,UNOBSERVED,TRUSTED,MISSED,false,14
1,745,PRE_REMEDIATION,Network: Ephemeral UDP/DNS Exfiltration,3. Unauthorized DNS TXT Exfiltration,ATTACK,UNOBSERVED,TRUSTED,MISSED,false,14
1,747,PRE_REMEDIATION,Network: Ephemeral UDP/DNS Exfiltration,4. Stateless UDP Socket Egress,ATTACK,UNOBSERVED,TRUSTED,MISSED,false,14
1,749,PRE_REMEDIATION,Network: Ephemeral UDP/DNS Exfiltration,3. Unauthorized DNS TXT Exfiltration,ATTACK,UNOBSERVED,TRUSTED,MISSED,false,14
1,751,PRE_REMEDIATION,Network: Ephemeral UDP/DNS Exfiltration,4. Stateless UDP Socket Egress,ATTACK,UNOBSERVED,TRUSTED,MISSED,false,14
1,753,PRE_REMEDIATION,Network: Ephemeral UDP/DNS Exfiltration,3. Unauthorized DNS TXT Exfiltration,ATTACK,UNOBSERVED,TRUSTED,MISSED,false,14
1,755,PRE_REMEDIATION,Network: Ephemeral UDP/DNS Exfiltration,4. Stateless UDP Socket Egress,ATTACK,UNOBSERVED,TRUSTED,MISSED,false,14
1,757,PRE_REMEDIATION,Network: Ephemeral UDP/DNS Exfiltration,3. Unauthorized DNS TXT Exfiltration,ATTACK,UNOBSERVED,TRUSTED,MISSED,false,14
1,759,PRE_REMEDIATION,Network: Ephemeral UDP/DNS Exfiltration,4. Stateless UDP Socket Egress,ATTACK,UNOBSERVED,TRUSTED,MISSED,false,14
1,761,PRE_REMEDIATION,Network: Ephemeral UDP/DNS Exfiltration,3. Unauthorized DNS TXT Exfiltration,ATTACK,UNOBSERVED,TRUSTED,MISSED,false,14
1,763,PRE_REMEDIATION,Network: Ephemeral UDP/DNS Exfiltration,4. Stateless UDP Socket Egress,ATTACK,UNOBSERVED,TRUSTED,MISSED,false,14
1,765,PRE_REMEDIATION,Network: Ephemeral UDP/DNS Exfiltration,3. Unauthorized DNS TXT Exfiltration,ATTACK,UNOBSERVED,TRUSTED,MISSED,false,14
1,767,PRE_REMEDIATION,Network: Ephemeral UDP/DNS Exfiltration,4. Stateless UDP Socket Egress,ATTACK,UNOBSERVED,TRUSTED,MISSED,false,14
1,769,PRE_REMEDIATION,Network: Ephemeral UDP/DNS Exfiltration,3. Unauthorized DNS TXT Exfiltration,ATTACK,UNOBSERVED,TRUSTED,MISSED,false,14
1,771,PRE_REMEDIATION,Network: Ephemeral UDP/DNS Exfiltration,4. Stateless UDP Socket Egress,ATTACK,UNOBSERVED,TRUSTED,MISSED,false,14
1,773,PRE_REMEDIATION,Network: Ephemeral UDP/DNS Exfiltration,3. Unauthorized DNS TXT Exfiltration,ATTACK,UNOBSERVED,TRUSTED,MISSED,false,14
1,775,PRE_REMEDIATION,Network: Ephemeral UDP/DNS Exfiltration,4. Stateless UDP Socket Egress,ATTACK,UNOBSERVED,TRUSTED,MISSED,false,14
1,777,PRE_REMEDIATION,Network: Ephemeral UDP/DNS Exfiltration,3. Unauthorized DNS TXT Exfiltration,ATTACK,UNOBSERVED,TRUSTED,MISSED,false,14
1,779,PRE_REMEDIATION,Network: Ephemeral UDP/DNS Exfiltration,4. Stateless UDP Socket Egress,ATTACK,UNOBSERVED,TRUSTED,MISSED,false,14
1,781,PRE_REMEDIATION,Network: Ephemeral UDP/DNS Exfiltration,3. Unauthorized DNS TXT Exfiltration,ATTACK,UNOBSERVED,TRUSTED,MISSED,false,14
1,783,PRE_REMEDIATION,Network: Ephemeral UDP/DNS Exfiltration,4. Stateless UDP Socket Egress,ATTACK,UNOBSERVED,TRUSTED,MISSED,false,14
1,785,PRE_REMEDIATION,Network: Ephemeral UDP/DNS Exfiltration,3. Unauthorized DNS TXT Exfiltration,ATTACK,UNOBSERVED,TRUSTED,MISSED,false,14
1,787,PRE_REMEDIATION,Network: Ephemeral UDP/DNS Exfiltration,4. Stateless UDP Socket Egress,ATTACK,UNOBSERVED,TRUSTED,MISSED,false,14
1,789,PRE_REMEDIATION,Network: Ephemeral UDP/DNS Exfiltration,3. Unauthorized DNS TXT Exfiltration,ATTACK,UNOBSERVED,TRUSTED,MISSED,false,14
1,791,PRE_REMEDIATION,Network: Ephemeral UDP/DNS Exfiltration,4. Stateless UDP Socket Egress,ATTACK,UNOBSERVED,TRUSTED,MISSED,false,14
1,793,PRE_REMEDIATION,Network: Ephemeral UDP/DNS Exfiltration,3. Unauthorized DNS TXT Exfiltration,ATTACK,UNOBSERVED,TRUSTED,MISSED,false,14
1,795,PRE_REMEDIATION,Network: Ephemeral UDP/DNS Exfiltration,4. Stateless UDP Socket Egress,ATTACK,UNOBSERVED,TRUSTED,MISSED,false,14
1,797,PRE_REMEDIATION,Network: Ephemeral UDP/DNS Exfiltration,3. Unauthorized DNS TXT Exfiltration,ATTACK,UNOBSERVED,TRUSTED,MISSED,false,14
1,799,PRE_REMEDIATION,Network: Ephemeral UDP/DNS Exfiltration,4. Stateless UDP Socket Egress,ATTACK,UNOBSERVED,TRUSTED,MISSED,false,14
2,801,PRE_REMEDIATION,Source: Commit Author/Email Spoofing,Case B: Unsigned Commit (Author Spoofed),ATTACK,UNOBSERVED,TRUSTED,MISSED,false,12
2,803,PRE_REMEDIATION,Source: Commit Author/Email Spoofing,Case B: Unsigned Commit (Author Spoofed),ATTACK,UNOBSERVED,TRUSTED,MISSED,false,12
2,805,PRE_REMEDIATION,Source: Commit Author/Email Spoofing,Case B: Unsigned Commit (Author Spoofed),ATTACK,UNOBSERVED,TRUSTED,MISSED,false,12
2,807,PRE_REMEDIATION,Source: Commit Author/Email Spoofing,Case B: Unsigned Commit (Author Spoofed),ATTACK,UNOBSERVED,TRUSTED,MISSED,false,12
2,809,PRE_REMEDIATION,Source: Commit Author/Email Spoofing,Case B: Unsigned Commit (Author Spoofed),ATTACK,UNOBSERVED,TRUSTED,MISSED,false,12
2,811,PRE_REMEDIATION,Source: Commit Author/Email Spoofing,Case B: Unsigned Commit (Author Spoofed),ATTACK,UNOBSERVED,TRUSTED,MISSED,false,12
2,813,PRE_REMEDIATION,Source: Commit Author/Email Spoofing,Case B: Unsigned Commit (Author Spoofed),ATTACK,UNOBSERVED,TRUSTED,MISSED,false,12
2,815,PRE_REMEDIATION,Source: Commit Author/Email Spoofing,Case B: Unsigned Commit (Author Spoofed),ATTACK,UNOBSERVED,TRUSTED,MISSED,false,12
2,817,PRE_REMEDIATION,Source: Commit Author/Email Spoofing,Case B: Unsigned Commit (Author Spoofed),ATTACK,UNOBSERVED,TRUSTED,MISSED,false,12
2,819,PRE_REMEDIATION,Source: Commit Author/Email Spoofing,Case B: Unsigned Commit (Author Spoofed),ATTACK,UNOBSERVED,TRUSTED,MISSED,false,12
2,821,PRE_REMEDIATION,Source: Commit Author/Email Spoofing,Case B: Unsigned Commit (Author Spoofed),ATTACK,UNOBSERVED,TRUSTED,MISSED,false,12
2,823,PRE_REMEDIATION,Source: Commit Author/Email Spoofing,Case B: Unsigned Commit (Author Spoofed),ATTACK,UNOBSERVED,TRUSTED,MISSED,false,12
2,825,PRE_REMEDIATION,Source: Commit Author/Email Spoofing,Case B: Unsigned Commit (Author Spoofed),ATTACK,UNOBSERVED,TRUSTED,MISSED,false,12
2,827,PRE_REMEDIATION,Source: Commit Author/Email Spoofing,Case B: Unsigned Commit (Author Spoofed),ATTACK,UNOBSERVED,TRUSTED,MISSED,false,12
2,829,PRE_REMEDIATION,Source: Commit Author/Email Spoofing,Case B: Unsigned Commit (Author Spoofed),ATTACK,UNOBSERVED,TRUSTED,MISSED,false,12
2,831,PRE_REMEDIATION,Source: Commit Author/Email Spoofing,Case B: Unsigned Commit (Author Spoofed),ATTACK,UNOBSERVED,TRUSTED,MISSED,false,12
2,833,PRE_REMEDIATION,Source: Commit Author/Email Spoofing,Case B: Unsigned Commit (Author Spoofed),ATTACK,UNOBSERVED,TRUSTED,MISSED,false,12
2,835,PRE_REMEDIATION,Source: Commit Author/Email Spoofing,Case B: Unsigned Commit (Author Spoofed),ATTACK,UNOBSERVED,TRUSTED,MISSED,false,12
2,837,PRE_REMEDIATION,Source: Commit Author/Email Spoofing,Case B: Unsigned Commit (Author Spoofed),ATTACK,UNOBSERVED,TRUSTED,MISSED,false,12
2,839,PRE_REMEDIATION,Source: Commit Author/Email Spoofing,Case B: Unsigned Commit (Author Spoofed),ATTACK,UNOBSERVED,TRUSTED,MISSED,false,12
2,841,PRE_REMEDIATION,Source: Commit Author/Email Spoofing,Case B: Unsigned Commit (Author Spoofed),ATTACK,UNOBSERVED,TRUSTED,MISSED,false,12
2,843,PRE_REMEDIATION,Source: Commit Author/Email Spoofing,Case B: Unsigned Commit (Author Spoofed),ATTACK,UNOBSERVED,TRUSTED,MISSED,false,12
2,845,PRE_REMEDIATION,Source: Commit Author/Email Spoofing,Case B: Unsigned Commit (Author Spoofed),ATTACK,UNOBSERVED,TRUSTED,MISSED,false,12
2,847,PRE_REMEDIATION,Source: Commit Author/Email Spoofing,Case B: Unsigned Commit (Author Spoofed),ATTACK,UNOBSERVED,TRUSTED,MISSED,false,12
2,849,PRE_REMEDIATION,Source: Commit Author/Email Spoofing,Case B: Unsigned Commit (Author Spoofed),ATTACK,UNOBSERVED,TRUSTED,MISSED,false,12
2,851,PRE_REMEDIATION,Source: Commit Author/Email Spoofing,Case B: Unsigned Commit (Author Spoofed),ATTACK,UNOBSERVED,TRUSTED,MISSED,false,12
2,853,PRE_REMEDIATION,Source: Commit Author/Email Spoofing,Case B: Unsigned Commit (Author Spoofed),ATTACK,UNOBSERVED,TRUSTED,MISSED,false,12
2,855,PRE_REMEDIATION,Source: Commit Author/Email Spoofing,Case B: Unsigned Commit (Author Spoofed),ATTACK,UNOBSERVED,TRUSTED,MISSED,false,12
2,857,PRE_REMEDIATION,Source: Commit Author/Email Spoofing,Case B: Unsigned Commit (Author Spoofed),ATTACK,UNOBSERVED,TRUSTED,MISSED,false,12
2,859,PRE_REMEDIATION,Source: Commit Author/Email Spoofing,Case B: Unsigned Commit (Author Spoofed),ATTACK,UNOBSERVED,TRUSTED,MISSED,false,12
2,861,PRE_REMEDIATION,Source: Commit Author/Email Spoofing,Case B: Unsigned Commit (Author Spoofed),ATTACK,UNOBSERVED,TRUSTED,MISSED,false,12
2,863,PRE_REMEDIATION,Source: Commit Author/Email Spoofing,Case B: Unsigned Commit (Author Spoofed),ATTACK,UNOBSERVED,TRUSTED,MISSED,false,12
2,865,PRE_REMEDIATION,Source: Commit Author/Email Spoofing,Case B: Unsigned Commit (Author Spoofed),ATTACK,UNOBSERVED,TRUSTED,MISSED,false,12
2,867,PRE_REMEDIATION,Source: Commit Author/Email Spoofing,Case B: Unsigned Commit (Author Spoofed),ATTACK,UNOBSERVED,TRUSTED,MISSED,false,12
2,869,PRE_REMEDIATION,Source: Commit Author/Email Spoofing,Case B: Unsigned Commit (Author Spoofed),ATTACK,UNOBSERVED,TRUSTED,MISSED,false,12
2,871,PRE_REMEDIATION,Source: Commit Author/Email Spoofing,Case B: Unsigned Commit (Author Spoofed),ATTACK,UNOBSERVED,TRUSTED,MISSED,false,12
2,873,PRE_REMEDIATION,Source: Commit Author/Email Spoofing,Case B: Unsigned Commit (Author Spoofed),ATTACK,UNOBSERVED,TRUSTED,MISSED,false,12
2,875,PRE_REMEDIATION,Source: Commit Author/Email Spoofing,Case B: Unsigned Commit (Author Spoofed),ATTACK,UNOBSERVED,TRUSTED,MISSED,false,12
2,877,PRE_REMEDIATION,Source: Commit Author/Email Spoofing,Case B: Unsigned Commit (Author Spoofed),ATTACK,UNOBSERVED,TRUSTED,MISSED,false,12
2,879,PRE_REMEDIATION,Source: Commit Author/Email Spoofing,Case B: Unsigned Commit (Author Spoofed),ATTACK,UNOBSERVED,TRUSTED,MISSED,false,12
2,881,PRE_REMEDIATION,Source: Commit Author/Email Spoofing,Case B: Unsigned Commit (Author Spoofed),ATTACK,UNOBSERVED,TRUSTED,MISSED,false,12
2,883,PRE_REMEDIATION,Source: Commit Author/Email Spoofing,Case B: Unsigned Commit (Author Spoofed),ATTACK,UNOBSERVED,TRUSTED,MISSED,false,12
2,885,PRE_REMEDIATION,Source: Commit Author/Email Spoofing,Case B: Unsigned Commit (Author Spoofed),ATTACK,UNOBSERVED,TRUSTED,MISSED,false,12
2,887,PRE_REMEDIATION,Source: Commit Author/Email Spoofing,Case B: Unsigned Commit (Author Spoofed),ATTACK,UNOBSERVED,TRUSTED,MISSED,false,12
2,889,PRE_REMEDIATION,Source: Commit Author/Email Spoofing,Case B: Unsigned Commit (Author Spoofed),ATTACK,UNOBSERVED,TRUSTED,MISSED,false,12
2,891,PRE_REMEDIATION,Source: Commit Author/Email Spoofing,Case B: Unsigned Commit (Author Spoofed),ATTACK,UNOBSERVED,TRUSTED,MISSED,false,12
2,893,PRE_REMEDIATION,Source: Commit Author/Email Spoofing,Case B: Unsigned Commit (Author Spoofed),ATTACK,UNOBSERVED,TRUSTED,MISSED,false,12
2,895,PRE_REMEDIATION,Source: Commit Author/Email Spoofing,Case B: Unsigned Commit (Author Spoofed),ATTACK,UNOBSERVED,TRUSTED,MISSED,false,12
2,897,PRE_REMEDIATION,Source: Commit Author/Email Spoofing,Case B: Unsigned Commit (Author Spoofed),ATTACK,UNOBSERVED,TRUSTED,MISSED,false,12
2,899,PRE_REMEDIATION,Source: Commit Author/Email Spoofing,Case B: Unsigned Commit (Author Spoofed),ATTACK,UNOBSERVED,TRUSTED,MISSED,false,12
2,901,PRE_REMEDIATION,Source: Commit Author/Email Spoofing,Case B: Unsigned Commit (Author Spoofed),ATTACK,UNOBSERVED,TRUSTED,MISSED,false,12
2,903,PRE_REMEDIATION,Source: Commit Author/Email Spoofing,Case B: Unsigned Commit (Author Spoofed),ATTACK,UNOBSERVED,TRUSTED,MISSED,false,12
2,905,PRE_REMEDIATION,Source: Commit Author/Email Spoofing,Case B: Unsigned Commit (Author Spoofed),ATTACK,UNOBSERVED,TRUSTED,MISSED,false,12
2,907,PRE_REMEDIATION,Source: Commit Author/Email Spoofing,Case B: Unsigned Commit (Author Spoofed),ATTACK,UNOBSERVED,TRUSTED,MISSED,false,12
2,909,PRE_REMEDIATION,Source: Commit Author/Email Spoofing,Case B: Unsigned Commit (Author Spoofed),ATTACK,UNOBSERVED,TRUSTED,MISSED,false,12
2,911,PRE_REMEDIATION,Source: Commit Author/Email Spoofing,Case B: Unsigned Commit (Author Spoofed),ATTACK,UNOBSERVED,TRUSTED,MISSED,false,12
2,913,PRE_REMEDIATION,Source: Commit Author/Email Spoofing,Case B: Unsigned Commit (Author Spoofed),ATTACK,UNOBSERVED,TRUSTED,MISSED,false,12
2,915,PRE_REMEDIATION,Source: Commit Author/Email Spoofing,Case B: Unsigned Commit (Author Spoofed),ATTACK,UNOBSERVED,TRUSTED,MISSED,false,12
2,917,PRE_REMEDIATION,Source: Commit Author/Email Spoofing,Case B: Unsigned Commit (Author Spoofed),ATTACK,UNOBSERVED,TRUSTED,MISSED,false,12
2,919,PRE_REMEDIATION,Source: Commit Author/Email Spoofing,Case B: Unsigned Commit (Author Spoofed),ATTACK,UNOBSERVED,TRUSTED,MISSED,false,12
2,921,PRE_REMEDIATION,Source: Commit Author/Email Spoofing,Case B: Unsigned Commit (Author Spoofed),ATTACK,UNOBSERVED,TRUSTED,MISSED,false,12
2,923,PRE_REMEDIATION,Source: Commit Author/Email Spoofing,Case B: Unsigned Commit (Author Spoofed),ATTACK,UNOBSERVED,TRUSTED,MISSED,false,12
2,925,PRE_REMEDIATION,Source: Commit Author/Email Spoofing,Case B: Unsigned Commit (Author Spoofed),ATTACK,UNOBSERVED,TRUSTED,MISSED,false,12
2,927,PRE_REMEDIATION,Source: Commit Author/Email Spoofing,Case B: Unsigned Commit (Author Spoofed),ATTACK,UNOBSERVED,TRUSTED,MISSED,false,12
2,929,PRE_REMEDIATION,Source: Commit Author/Email Spoofing,Case B: Unsigned Commit (Author Spoofed),ATTACK,UNOBSERVED,TRUSTED,MISSED,false,12
2,931,PRE_REMEDIATION,Source: Commit Author/Email Spoofing,Case B: Unsigned Commit (Author Spoofed),ATTACK,UNOBSERVED,TRUSTED,MISSED,false,12
2,933,PRE_REMEDIATION,Source: Commit Author/Email Spoofing,Case B: Unsigned Commit (Author Spoofed),ATTACK,UNOBSERVED,TRUSTED,MISSED,false,12
2,935,PRE_REMEDIATION,Source: Commit Author/Email Spoofing,Case B: Unsigned Commit (Author Spoofed),ATTACK,UNOBSERVED,TRUSTED,MISSED,false,12
2,937,PRE_REMEDIATION,Source: Commit Author/Email Spoofing,Case B: Unsigned Commit (Author Spoofed),ATTACK,UNOBSERVED,TRUSTED,MISSED,false,12
2,939,PRE_REMEDIATION,Source: Commit Author/Email Spoofing,Case B: Unsigned Commit (Author Spoofed),ATTACK,UNOBSERVED,TRUSTED,MISSED,false,12
2,941,PRE_REMEDIATION,Source: Commit Author/Email Spoofing,Case B: Unsigned Commit (Author Spoofed),ATTACK,UNOBSERVED,TRUSTED,MISSED,false,12
2,943,PRE_REMEDIATION,Source: Commit Author/Email Spoofing,Case B: Unsigned Commit (Author Spoofed),ATTACK,UNOBSERVED,TRUSTED,MISSED,false,12
2,945,PRE_REMEDIATION,Source: Commit Author/Email Spoofing,Case B: Unsigned Commit (Author Spoofed),ATTACK,UNOBSERVED,TRUSTED,MISSED,false,12
2,947,PRE_REMEDIATION,Source: Commit Author/Email Spoofing,Case B: Unsigned Commit (Author Spoofed),ATTACK,UNOBSERVED,TRUSTED,MISSED,false,12
2,949,PRE_REMEDIATION,Source: Commit Author/Email Spoofing,Case B: Unsigned Commit (Author Spoofed),ATTACK,UNOBSERVED,TRUSTED,MISSED,false,12
2,951,PRE_REMEDIATION,Source: Commit Author/Email Spoofing,Case B: Unsigned Commit (Author Spoofed),ATTACK,UNOBSERVED,TRUSTED,MISSED,false,12
2,953,PRE_REMEDIATION,Source: Commit Author/Email Spoofing,Case B: Unsigned Commit (Author Spoofed),ATTACK,UNOBSERVED,TRUSTED,MISSED,false,12
2,955,PRE_REMEDIATION,Source: Commit Author/Email Spoofing,Case B: Unsigned Commit (Author Spoofed),ATTACK,UNOBSERVED,TRUSTED,MISSED,false,12
2,957,PRE_REMEDIATION,Source: Commit Author/Email Spoofing,Case B: Unsigned Commit (Author Spoofed),ATTACK,UNOBSERVED,TRUSTED,MISSED,false,12
2,959,PRE_REMEDIATION,Source: Commit Author/Email Spoofing,Case B: Unsigned Commit (Author Spoofed),ATTACK,UNOBSERVED,TRUSTED,MISSED,false,12
2,961,PRE_REMEDIATION,Source: Commit Author/Email Spoofing,Case B: Unsigned Commit (Author Spoofed),ATTACK,UNOBSERVED,TRUSTED,MISSED,false,12
2,963,PRE_REMEDIATION,Source: Commit Author/Email Spoofing,Case B: Unsigned Commit (Author Spoofed),ATTACK,UNOBSERVED,TRUSTED,MISSED,false,12
2,965,PRE_REMEDIATION,Source: Commit Author/Email Spoofing,Case B: Unsigned Commit (Author Spoofed),ATTACK,UNOBSERVED,TRUSTED,MISSED,false,12
2,967,PRE_REMEDIATION,Source: Commit Author/Email Spoofing,Case B: Unsigned Commit (Author Spoofed),ATTACK,UNOBSERVED,TRUSTED,MISSED,false,12
2,969,PRE_REMEDIATION,Source: Commit Author/Email Spoofing,Case B: Unsigned Commit (Author Spoofed),ATTACK,UNOBSERVED,TRUSTED,MISSED,false,12
2,971,PRE_REMEDIATION,Source: Commit Author/Email Spoofing,Case B: Unsigned Commit (Author Spoofed),ATTACK,UNOBSERVED,TRUSTED,MISSED,false,12
2,973,PRE_REMEDIATION,Source: Commit Author/Email Spoofing,Case B: Unsigned Commit (Author Spoofed),ATTACK,UNOBSERVED,TRUSTED,MISSED,false,12
2,975,PRE_REMEDIATION,Source: Commit Author/Email Spoofing,Case B: Unsigned Commit (Author Spoofed),ATTACK,UNOBSERVED,TRUSTED,MISSED,false,12
2,977,PRE_REMEDIATION,Source: Commit Author/Email Spoofing,Case B: Unsigned Commit (Author Spoofed),ATTACK,UNOBSERVED,TRUSTED,MISSED,false,12
2,979,PRE_REMEDIATION,Source: Commit Author/Email Spoofing,Case B: Unsigned Commit (Author Spoofed),ATTACK,UNOBSERVED,TRUSTED,MISSED,false,12
2,981,PRE_REMEDIATION,Source: Commit Author/Email Spoofing,Case B: Unsigned Commit (Author Spoofed),ATTACK,UNOBSERVED,TRUSTED,MISSED,false,12
2,983,PRE_REMEDIATION,Source: Commit Author/Email Spoofing,Case B: Unsigned Commit (Author Spoofed),ATTACK,UNOBSERVED,TRUSTED,MISSED,false,12
2,985,PRE_REMEDIATION,Source: Commit Author/Email Spoofing,Case B: Unsigned Commit (Author Spoofed),ATTACK,UNOBSERVED,TRUSTED,MISSED,false,12
2,987,PRE_REMEDIATION,Source: Commit Author/Email Spoofing,Case B: Unsigned Commit (Author Spoofed),ATTACK,UNOBSERVED,TRUSTED,MISSED,false,12
2,989,PRE_REMEDIATION,Source: Commit Author/Email Spoofing,Case B: Unsigned Commit (Author Spoofed),ATTACK,UNOBSERVED,TRUSTED,MISSED,false,12
2,991,PRE_REMEDIATION,Source: Commit Author/Email Spoofing,Case B: Unsigned Commit (Author Spoofed),ATTACK,UNOBSERVED,TRUSTED,MISSED,false,12
2,993,PRE_REMEDIATION,Source: Commit Author/Email Spoofing,Case B: Unsigned Commit (Author Spoofed),ATTACK,UNOBSERVED,TRUSTED,MISSED,false,12
2,995,PRE_REMEDIATION,Source: Commit Author/Email Spoofing,Case B: Unsigned Commit (Author Spoofed),ATTACK,UNOBSERVED,TRUSTED,MISSED,false,12
2,997,PRE_REMEDIATION,Source: Commit Author/Email Spoofing,Case B: Unsigned Commit (Author Spoofed),ATTACK,UNOBSERVED,TRUSTED,MISSED,false,12
2,999,PRE_REMEDIATION,Source: Commit Author/Email Spoofing,Case B: Unsigned Commit (Author Spoofed),ATTACK,UNOBSERVED,TRUSTED,MISSED,false,12
2,1001,PRE_REMEDIATION,Process: Short-Lived Subprocess (Polling Evasion),<1 ms,ATTACK,UNOBSERVED,TRUSTED,MISSED,false,12
2,1003,PRE_REMEDIATION,Process: Short-Lived Subprocess (Polling Evasion),1–5 ms,ATTACK,UNOBSERVED,TRUSTED,MISSED,false,12
2,1005,PRE_REMEDIATION,Process: Short-Lived Subprocess (Polling Evasion),5–10 ms,ATTACK,UNOBSERVED,TRUSTED,MISSED,false,12
2,1007,PRE_REMEDIATION,Process: Short-Lived Subprocess (Polling Evasion),<1 ms,ATTACK,UNOBSERVED,TRUSTED,MISSED,false,12
2,1009,PRE_REMEDIATION,Process: Short-Lived Subprocess (Polling Evasion),1–5 ms,ATTACK,UNOBSERVED,TRUSTED,MISSED,false,12
2,1011,PRE_REMEDIATION,Process: Short-Lived Subprocess (Polling Evasion),5–10 ms,ATTACK,UNOBSERVED,TRUSTED,MISSED,false,12
2,1013,PRE_REMEDIATION,Process: Short-Lived Subprocess (Polling Evasion),<1 ms,ATTACK,UNOBSERVED,TRUSTED,MISSED,false,12
2,1015,PRE_REMEDIATION,Process: Short-Lived Subprocess (Polling Evasion),1–5 ms,ATTACK,UNOBSERVED,TRUSTED,MISSED,false,12
2,1017,PRE_REMEDIATION,Process: Short-Lived Subprocess (Polling Evasion),5–10 ms,ATTACK,UNOBSERVED,TRUSTED,MISSED,false,12
2,1019,PRE_REMEDIATION,Process: Short-Lived Subprocess (Polling Evasion),<1 ms,ATTACK,UNOBSERVED,TRUSTED,MISSED,false,12
2,1021,PRE_REMEDIATION,Process: Short-Lived Subprocess (Polling Evasion),1–5 ms,ATTACK,UNOBSERVED,TRUSTED,MISSED,false,12
2,1023,PRE_REMEDIATION,Process: Short-Lived Subprocess (Polling Evasion),5–10 ms,ATTACK,UNOBSERVED,TRUSTED,MISSED,false,12
2,1025,PRE_REMEDIATION,Process: Short-Lived Subprocess (Polling Evasion),<1 ms,ATTACK,UNOBSERVED,TRUSTED,MISSED,false,12
2,1027,PRE_REMEDIATION,Process: Short-Lived Subprocess (Polling Evasion),1–5 ms,ATTACK,UNOBSERVED,TRUSTED,MISSED,false,12
2,1029,PRE_REMEDIATION,Process: Short-Lived Subprocess (Polling Evasion),5–10 ms,ATTACK,UNOBSERVED,TRUSTED,MISSED,false,12
2,1031,PRE_REMEDIATION,Process: Short-Lived Subprocess (Polling Evasion),<1 ms,ATTACK,UNOBSERVED,TRUSTED,MISSED,false,12
2,1033,PRE_REMEDIATION,Process: Short-Lived Subprocess (Polling Evasion),1–5 ms,ATTACK,UNOBSERVED,TRUSTED,MISSED,false,12
2,1035,PRE_REMEDIATION,Process: Short-Lived Subprocess (Polling Evasion),5–10 ms,ATTACK,UNOBSERVED,TRUSTED,MISSED,false,12
2,1037,PRE_REMEDIATION,Process: Short-Lived Subprocess (Polling Evasion),<1 ms,ATTACK,UNOBSERVED,TRUSTED,MISSED,false,12
2,1039,PRE_REMEDIATION,Process: Short-Lived Subprocess (Polling Evasion),1–5 ms,ATTACK,UNOBSERVED,TRUSTED,MISSED,false,12
2,1041,PRE_REMEDIATION,Process: Short-Lived Subprocess (Polling Evasion),5–10 ms,ATTACK,UNOBSERVED,TRUSTED,MISSED,false,12
2,1043,PRE_REMEDIATION,Process: Short-Lived Subprocess (Polling Evasion),<1 ms,ATTACK,UNOBSERVED,TRUSTED,MISSED,false,12
2,1045,PRE_REMEDIATION,Process: Short-Lived Subprocess (Polling Evasion),1–5 ms,ATTACK,UNOBSERVED,TRUSTED,MISSED,false,12
2,1047,PRE_REMEDIATION,Process: Short-Lived Subprocess (Polling Evasion),5–10 ms,ATTACK,UNOBSERVED,TRUSTED,MISSED,false,12
2,1049,PRE_REMEDIATION,Process: Short-Lived Subprocess (Polling Evasion),<1 ms,ATTACK,UNOBSERVED,TRUSTED,MISSED,false,12
2,1051,PRE_REMEDIATION,Process: Short-Lived Subprocess (Polling Evasion),1–5 ms,ATTACK,UNOBSERVED,TRUSTED,MISSED,false,12
2,1053,PRE_REMEDIATION,Process: Short-Lived Subprocess (Polling Evasion),5–10 ms,ATTACK,UNOBSERVED,TRUSTED,MISSED,false,12
2,1055,PRE_REMEDIATION,Process: Short-Lived Subprocess (Polling Evasion),<1 ms,ATTACK,UNOBSERVED,TRUSTED,MISSED,false,12
2,1057,PRE_REMEDIATION,Process: Short-Lived Subprocess (Polling Evasion),1–5 ms,ATTACK,UNOBSERVED,TRUSTED,MISSED,false,12
2,1059,PRE_REMEDIATION,Process: Short-Lived Subprocess (Polling Evasion),5–10 ms,ATTACK,UNOBSERVED,TRUSTED,MISSED,false,12
2,1061,PRE_REMEDIATION,Process: Short-Lived Subprocess (Polling Evasion),<1 ms,ATTACK,UNOBSERVED,TRUSTED,MISSED,false,12
2,1063,PRE_REMEDIATION,Process: Short-Lived Subprocess (Polling Evasion),1–5 ms,ATTACK,UNOBSERVED,TRUSTED,MISSED,false,12
2,1065,PRE_REMEDIATION,Process: Short-Lived Subprocess (Polling Evasion),5–10 ms,ATTACK,UNOBSERVED,TRUSTED,MISSED,false,12
2,1067,PRE_REMEDIATION,Process: Short-Lived Subprocess (Polling Evasion),<1 ms,ATTACK,UNOBSERVED,TRUSTED,MISSED,false,12
2,1069,PRE_REMEDIATION,Process: Short-Lived Subprocess (Polling Evasion),1–5 ms,ATTACK,UNOBSERVED,TRUSTED,MISSED,false,12
2,1071,PRE_REMEDIATION,Process: Short-Lived Subprocess (Polling Evasion),5–10 ms,ATTACK,UNOBSERVED,TRUSTED,MISSED,false,12
2,1073,PRE_REMEDIATION,Process: Short-Lived Subprocess (Polling Evasion),<1 ms,ATTACK,UNOBSERVED,TRUSTED,MISSED,false,12
2,1075,PRE_REMEDIATION,Process: Short-Lived Subprocess (Polling Evasion),1–5 ms,ATTACK,UNOBSERVED,TRUSTED,MISSED,false,12
2,1077,PRE_REMEDIATION,Process: Short-Lived Subprocess (Polling Evasion),5–10 ms,ATTACK,UNOBSERVED,TRUSTED,MISSED,false,12
2,1079,PRE_REMEDIATION,Process: Short-Lived Subprocess (Polling Evasion),<1 ms,ATTACK,UNOBSERVED,TRUSTED,MISSED,false,12
2,1081,PRE_REMEDIATION,Process: Short-Lived Subprocess (Polling Evasion),1–5 ms,ATTACK,UNOBSERVED,TRUSTED,MISSED,false,12
2,1083,PRE_REMEDIATION,Process: Short-Lived Subprocess (Polling Evasion),5–10 ms,ATTACK,UNOBSERVED,TRUSTED,MISSED,false,12
2,1085,PRE_REMEDIATION,Process: Short-Lived Subprocess (Polling Evasion),<1 ms,ATTACK,UNOBSERVED,TRUSTED,MISSED,false,12
2,1087,PRE_REMEDIATION,Process: Short-Lived Subprocess (Polling Evasion),1–5 ms,ATTACK,UNOBSERVED,TRUSTED,MISSED,false,12
2,1089,PRE_REMEDIATION,Process: Short-Lived Subprocess (Polling Evasion),5–10 ms,ATTACK,UNOBSERVED,TRUSTED,MISSED,false,12
2,1091,PRE_REMEDIATION,Process: Short-Lived Subprocess (Polling Evasion),<1 ms,ATTACK,UNOBSERVED,TRUSTED,MISSED,false,12
2,1093,PRE_REMEDIATION,Process: Short-Lived Subprocess (Polling Evasion),1–5 ms,ATTACK,UNOBSERVED,TRUSTED,MISSED,false,12
2,1095,PRE_REMEDIATION,Process: Short-Lived Subprocess (Polling Evasion),5–10 ms,ATTACK,UNOBSERVED,TRUSTED,MISSED,false,12
2,1097,PRE_REMEDIATION,Process: Short-Lived Subprocess (Polling Evasion),<1 ms,ATTACK,UNOBSERVED,TRUSTED,MISSED,false,12
2,1099,PRE_REMEDIATION,Process: Short-Lived Subprocess (Polling Evasion),1–5 ms,ATTACK,UNOBSERVED,TRUSTED,MISSED,false,12
2,1101,PRE_REMEDIATION,Process: Short-Lived Subprocess (Polling Evasion),5–10 ms,ATTACK,UNOBSERVED,TRUSTED,MISSED,false,12
2,1103,PRE_REMEDIATION,Process: Short-Lived Subprocess (Polling Evasion),<1 ms,ATTACK,UNOBSERVED,TRUSTED,MISSED,false,12
2,1105,PRE_REMEDIATION,Process: Short-Lived Subprocess (Polling Evasion),1–5 ms,ATTACK,UNOBSERVED,TRUSTED,MISSED,false,12
2,1107,PRE_REMEDIATION,Process: Short-Lived Subprocess (Polling Evasion),5–10 ms,ATTACK,UNOBSERVED,TRUSTED,MISSED,false,12
2,1109,PRE_REMEDIATION,Process: Short-Lived Subprocess (Polling Evasion),<1 ms,ATTACK,UNOBSERVED,TRUSTED,MISSED,false,12
2,1111,PRE_REMEDIATION,Process: Short-Lived Subprocess (Polling Evasion),1–5 ms,ATTACK,UNOBSERVED,TRUSTED,MISSED,false,12
2,1113,PRE_REMEDIATION,Process: Short-Lived Subprocess (Polling Evasion),5–10 ms,ATTACK,UNOBSERVED,TRUSTED,MISSED,false,12
2,1115,PRE_REMEDIATION,Process: Short-Lived Subprocess (Polling Evasion),<1 ms,ATTACK,UNOBSERVED,TRUSTED,MISSED,false,12
2,1117,PRE_REMEDIATION,Process: Short-Lived Subprocess (Polling Evasion),1–5 ms,ATTACK,UNOBSERVED,TRUSTED,MISSED,false,12
2,1119,PRE_REMEDIATION,Process: Short-Lived Subprocess (Polling Evasion),5–10 ms,ATTACK,UNOBSERVED,TRUSTED,MISSED,false,12
2,1121,PRE_REMEDIATION,Process: Short-Lived Subprocess (Polling Evasion),<1 ms,ATTACK,UNOBSERVED,TRUSTED,MISSED,false,12
2,1123,PRE_REMEDIATION,Process: Short-Lived Subprocess (Polling Evasion),1–5 ms,ATTACK,UNOBSERVED,TRUSTED,MISSED,false,12
2,1125,PRE_REMEDIATION,Process: Short-Lived Subprocess (Polling Evasion),5–10 ms,ATTACK,UNOBSERVED,TRUSTED,MISSED,false,12
2,1127,PRE_REMEDIATION,Process: Short-Lived Subprocess (Polling Evasion),<1 ms,ATTACK,UNOBSERVED,TRUSTED,MISSED,false,12
2,1129,PRE_REMEDIATION,Process: Short-Lived Subprocess (Polling Evasion),1–5 ms,ATTACK,UNOBSERVED,TRUSTED,MISSED,false,12
2,1131,PRE_REMEDIATION,Process: Short-Lived Subprocess (Polling Evasion),5–10 ms,ATTACK,UNOBSERVED,TRUSTED,MISSED,false,12
2,1133,PRE_REMEDIATION,Process: Short-Lived Subprocess (Polling Evasion),<1 ms,ATTACK,UNOBSERVED,TRUSTED,MISSED,false,12
2,1135,PRE_REMEDIATION,Process: Short-Lived Subprocess (Polling Evasion),1–5 ms,ATTACK,UNOBSERVED,TRUSTED,MISSED,false,12
2,1137,PRE_REMEDIATION,Process: Short-Lived Subprocess (Polling Evasion),5–10 ms,ATTACK,UNOBSERVED,TRUSTED,MISSED,false,12
2,1139,PRE_REMEDIATION,Process: Short-Lived Subprocess (Polling Evasion),<1 ms,ATTACK,UNOBSERVED,TRUSTED,MISSED,false,12
2,1141,PRE_REMEDIATION,Process: Short-Lived Subprocess (Polling Evasion),1–5 ms,ATTACK,UNOBSERVED,TRUSTED,MISSED,false,12
2,1143,PRE_REMEDIATION,Process: Short-Lived Subprocess (Polling Evasion),5–10 ms,ATTACK,UNOBSERVED,TRUSTED,MISSED,false,12
2,1145,PRE_REMEDIATION,Process: Short-Lived Subprocess (Polling Evasion),<1 ms,ATTACK,UNOBSERVED,TRUSTED,MISSED,false,12
2,1147,PRE_REMEDIATION,Process: Short-Lived Subprocess (Polling Evasion),1–5 ms,ATTACK,UNOBSERVED,TRUSTED,MISSED,false,12
2,1149,PRE_REMEDIATION,Process: Short-Lived Subprocess (Polling Evasion),5–10 ms,ATTACK,UNOBSERVED,TRUSTED,MISSED,false,12
2,1151,PRE_REMEDIATION,Process: Short-Lived Subprocess (Polling Evasion),<1 ms,ATTACK,UNOBSERVED,TRUSTED,MISSED,false,12
2,1153,PRE_REMEDIATION,Process: Short-Lived Subprocess (Polling Evasion),1–5 ms,ATTACK,UNOBSERVED,TRUSTED,MISSED,false,12
2,1155,PRE_REMEDIATION,Process: Short-Lived Subprocess (Polling Evasion),5–10 ms,ATTACK,UNOBSERVED,TRUSTED,MISSED,false,12
2,1157,PRE_REMEDIATION,Process: Short-Lived Subprocess (Polling Evasion),<1 ms,ATTACK,UNOBSERVED,TRUSTED,MISSED,false,12
2,1159,PRE_REMEDIATION,Process: Short-Lived Subprocess (Polling Evasion),1–5 ms,ATTACK,UNOBSERVED,TRUSTED,MISSED,false,12
2,1161,PRE_REMEDIATION,Process: Short-Lived Subprocess (Polling Evasion),5–10 ms,ATTACK,UNOBSERVED,TRUSTED,MISSED,false,12
2,1163,PRE_REMEDIATION,Process: Short-Lived Subprocess (Polling Evasion),<1 ms,ATTACK,UNOBSERVED,TRUSTED,MISSED,false,12
2,1165,PRE_REMEDIATION,Process: Short-Lived Subprocess (Polling Evasion),1–5 ms,ATTACK,UNOBSERVED,TRUSTED,MISSED,false,12
2,1167,PRE_REMEDIATION,Process: Short-Lived Subprocess (Polling Evasion),5–10 ms,ATTACK,UNOBSERVED,TRUSTED,MISSED,false,12
2,1169,PRE_REMEDIATION,Process: Short-Lived Subprocess (Polling Evasion),<1 ms,ATTACK,UNOBSERVED,TRUSTED,MISSED,false,12
2,1171,PRE_REMEDIATION,Process: Short-Lived Subprocess (Polling Evasion),1–5 ms,ATTACK,UNOBSERVED,TRUSTED,MISSED,false,12
2,1173,PRE_REMEDIATION,Process: Short-Lived Subprocess (Polling Evasion),5–10 ms,ATTACK,UNOBSERVED,TRUSTED,MISSED,false,12
2,1175,PRE_REMEDIATION,Process: Short-Lived Subprocess (Polling Evasion),<1 ms,ATTACK,UNOBSERVED,TRUSTED,MISSED,false,12
2,1177,PRE_REMEDIATION,Process: Short-Lived Subprocess (Polling Evasion),1–5 ms,ATTACK,UNOBSERVED,TRUSTED,MISSED,false,12
2,1179,PRE_REMEDIATION,Process: Short-Lived Subprocess (Polling Evasion),5–10 ms,ATTACK,UNOBSERVED,TRUSTED,MISSED,false,12
2,1181,PRE_REMEDIATION,Process: Short-Lived Subprocess (Polling Evasion),<1 ms,ATTACK,UNOBSERVED,TRUSTED,MISSED,false,12
2,1183,PRE_REMEDIATION,Process: Short-Lived Subprocess (Polling Evasion),1–5 ms,ATTACK,UNOBSERVED,TRUSTED,MISSED,false,12
2,1185,PRE_REMEDIATION,Process: Short-Lived Subprocess (Polling Evasion),5–10 ms,ATTACK,UNOBSERVED,TRUSTED,MISSED,false,12
2,1187,PRE_REMEDIATION,Process: Short-Lived Subprocess (Polling Evasion),<1 ms,ATTACK,UNOBSERVED,TRUSTED,MISSED,false,12
2,1189,PRE_REMEDIATION,Process: Short-Lived Subprocess (Polling Evasion),1–5 ms,ATTACK,UNOBSERVED,TRUSTED,MISSED,false,12
2,1191,PRE_REMEDIATION,Process: Short-Lived Subprocess (Polling Evasion),5–10 ms,ATTACK,UNOBSERVED,TRUSTED,MISSED,false,12
2,1193,PRE_REMEDIATION,Process: Short-Lived Subprocess (Polling Evasion),<1 ms,ATTACK,UNOBSERVED,TRUSTED,MISSED,false,12
2,1195,PRE_REMEDIATION,Process: Short-Lived Subprocess (Polling Evasion),1–5 ms,ATTACK,UNOBSERVED,TRUSTED,MISSED,false,12
2,1197,PRE_REMEDIATION,Process: Short-Lived Subprocess (Polling Evasion),5–10 ms,ATTACK,UNOBSERVED,TRUSTED,MISSED,false,12
2,1199,PRE_REMEDIATION,Process: Short-Lived Subprocess (Polling Evasion),<1 ms,ATTACK,UNOBSERVED,TRUSTED,MISSED,false,12
2,1201,PRE_REMEDIATION,Filesystem: Boundary Escape (/tmp or %TEMP%),2. %TEMP% Directory,ATTACK,UNOBSERVED,TRUSTED,MISSED,false,15
2,1203,PRE_REMEDIATION,Filesystem: Boundary Escape (/tmp or %TEMP%),3. User Profile Temp,ATTACK,UNOBSERVED,TRUSTED,MISSED,false,15
2,1205,PRE_REMEDIATION,Filesystem: Boundary Escape (/tmp or %TEMP%),4. Unconfigured Directory,ATTACK,UNOBSERVED,TRUSTED,MISSED,false,15
2,1207,PRE_REMEDIATION,Filesystem: Boundary Escape (/tmp or %TEMP%),5. System Directory,ATTACK,UNOBSERVED,TRUSTED,MISSED,false,15
2,1209,PRE_REMEDIATION,Filesystem: Boundary Escape (/tmp or %TEMP%),2. %TEMP% Directory,ATTACK,UNOBSERVED,TRUSTED,MISSED,false,15
2,1211,PRE_REMEDIATION,Filesystem: Boundary Escape (/tmp or %TEMP%),3. User Profile Temp,ATTACK,UNOBSERVED,TRUSTED,MISSED,false,15
2,1213,PRE_REMEDIATION,Filesystem: Boundary Escape (/tmp or %TEMP%),4. Unconfigured Directory,ATTACK,UNOBSERVED,TRUSTED,MISSED,false,15
2,1215,PRE_REMEDIATION,Filesystem: Boundary Escape (/tmp or %TEMP%),5. System Directory,ATTACK,UNOBSERVED,TRUSTED,MISSED,false,15
2,1217,PRE_REMEDIATION,Filesystem: Boundary Escape (/tmp or %TEMP%),2. %TEMP% Directory,ATTACK,UNOBSERVED,TRUSTED,MISSED,false,15
2,1219,PRE_REMEDIATION,Filesystem: Boundary Escape (/tmp or %TEMP%),3. User Profile Temp,ATTACK,UNOBSERVED,TRUSTED,MISSED,false,15
2,1221,PRE_REMEDIATION,Filesystem: Boundary Escape (/tmp or %TEMP%),4. Unconfigured Directory,ATTACK,UNOBSERVED,TRUSTED,MISSED,false,15
2,1223,PRE_REMEDIATION,Filesystem: Boundary Escape (/tmp or %TEMP%),5. System Directory,ATTACK,UNOBSERVED,TRUSTED,MISSED,false,15
2,1225,PRE_REMEDIATION,Filesystem: Boundary Escape (/tmp or %TEMP%),2. %TEMP% Directory,ATTACK,UNOBSERVED,TRUSTED,MISSED,false,15
2,1227,PRE_REMEDIATION,Filesystem: Boundary Escape (/tmp or %TEMP%),3. User Profile Temp,ATTACK,UNOBSERVED,TRUSTED,MISSED,false,15
2,1229,PRE_REMEDIATION,Filesystem: Boundary Escape (/tmp or %TEMP%),4. Unconfigured Directory,ATTACK,UNOBSERVED,TRUSTED,MISSED,false,15
2,1231,PRE_REMEDIATION,Filesystem: Boundary Escape (/tmp or %TEMP%),5. System Directory,ATTACK,UNOBSERVED,TRUSTED,MISSED,false,15
2,1233,PRE_REMEDIATION,Filesystem: Boundary Escape (/tmp or %TEMP%),2. %TEMP% Directory,ATTACK,UNOBSERVED,TRUSTED,MISSED,false,15
2,1235,PRE_REMEDIATION,Filesystem: Boundary Escape (/tmp or %TEMP%),3. User Profile Temp,ATTACK,UNOBSERVED,TRUSTED,MISSED,false,15
2,1237,PRE_REMEDIATION,Filesystem: Boundary Escape (/tmp or %TEMP%),4. Unconfigured Directory,ATTACK,UNOBSERVED,TRUSTED,MISSED,false,15
2,1239,PRE_REMEDIATION,Filesystem: Boundary Escape (/tmp or %TEMP%),5. System Directory,ATTACK,UNOBSERVED,TRUSTED,MISSED,false,15
2,1241,PRE_REMEDIATION,Filesystem: Boundary Escape (/tmp or %TEMP%),2. %TEMP% Directory,ATTACK,UNOBSERVED,TRUSTED,MISSED,false,15
2,1243,PRE_REMEDIATION,Filesystem: Boundary Escape (/tmp or %TEMP%),3. User Profile Temp,ATTACK,UNOBSERVED,TRUSTED,MISSED,false,15
2,1245,PRE_REMEDIATION,Filesystem: Boundary Escape (/tmp or %TEMP%),4. Unconfigured Directory,ATTACK,UNOBSERVED,TRUSTED,MISSED,false,15
2,1247,PRE_REMEDIATION,Filesystem: Boundary Escape (/tmp or %TEMP%),5. System Directory,ATTACK,UNOBSERVED,TRUSTED,MISSED,false,15
2,1249,PRE_REMEDIATION,Filesystem: Boundary Escape (/tmp or %TEMP%),2. %TEMP% Directory,ATTACK,UNOBSERVED,TRUSTED,MISSED,false,15
2,1251,PRE_REMEDIATION,Filesystem: Boundary Escape (/tmp or %TEMP%),3. User Profile Temp,ATTACK,UNOBSERVED,TRUSTED,MISSED,false,15
2,1253,PRE_REMEDIATION,Filesystem: Boundary Escape (/tmp or %TEMP%),4. Unconfigured Directory,ATTACK,UNOBSERVED,TRUSTED,MISSED,false,15
2,1255,PRE_REMEDIATION,Filesystem: Boundary Escape (/tmp or %TEMP%),5. System Directory,ATTACK,UNOBSERVED,TRUSTED,MISSED,false,15
2,1257,PRE_REMEDIATION,Filesystem: Boundary Escape (/tmp or %TEMP%),2. %TEMP% Directory,ATTACK,UNOBSERVED,TRUSTED,MISSED,false,15
2,1259,PRE_REMEDIATION,Filesystem: Boundary Escape (/tmp or %TEMP%),3. User Profile Temp,ATTACK,UNOBSERVED,TRUSTED,MISSED,false,15
2,1261,PRE_REMEDIATION,Filesystem: Boundary Escape (/tmp or %TEMP%),4. Unconfigured Directory,ATTACK,UNOBSERVED,TRUSTED,MISSED,false,15
2,1263,PRE_REMEDIATION,Filesystem: Boundary Escape (/tmp or %TEMP%),5. System Directory,ATTACK,UNOBSERVED,TRUSTED,MISSED,false,15
2,1265,PRE_REMEDIATION,Filesystem: Boundary Escape (/tmp or %TEMP%),2. %TEMP% Directory,ATTACK,UNOBSERVED,TRUSTED,MISSED,false,15
2,1267,PRE_REMEDIATION,Filesystem: Boundary Escape (/tmp or %TEMP%),3. User Profile Temp,ATTACK,UNOBSERVED,TRUSTED,MISSED,false,15
2,1269,PRE_REMEDIATION,Filesystem: Boundary Escape (/tmp or %TEMP%),4. Unconfigured Directory,ATTACK,UNOBSERVED,TRUSTED,MISSED,false,15
2,1271,PRE_REMEDIATION,Filesystem: Boundary Escape (/tmp or %TEMP%),5. System Directory,ATTACK,UNOBSERVED,TRUSTED,MISSED,false,15
2,1273,PRE_REMEDIATION,Filesystem: Boundary Escape (/tmp or %TEMP%),2. %TEMP% Directory,ATTACK,UNOBSERVED,TRUSTED,MISSED,false,15
2,1275,PRE_REMEDIATION,Filesystem: Boundary Escape (/tmp or %TEMP%),3. User Profile Temp,ATTACK,UNOBSERVED,TRUSTED,MISSED,false,15
2,1277,PRE_REMEDIATION,Filesystem: Boundary Escape (/tmp or %TEMP%),4. Unconfigured Directory,ATTACK,UNOBSERVED,TRUSTED,MISSED,false,15
2,1279,PRE_REMEDIATION,Filesystem: Boundary Escape (/tmp or %TEMP%),5. System Directory,ATTACK,UNOBSERVED,TRUSTED,MISSED,false,15
2,1281,PRE_REMEDIATION,Filesystem: Boundary Escape (/tmp or %TEMP%),2. %TEMP% Directory,ATTACK,UNOBSERVED,TRUSTED,MISSED,false,15
2,1283,PRE_REMEDIATION,Filesystem: Boundary Escape (/tmp or %TEMP%),3. User Profile Temp,ATTACK,UNOBSERVED,TRUSTED,MISSED,false,15
2,1285,PRE_REMEDIATION,Filesystem: Boundary Escape (/tmp or %TEMP%),4. Unconfigured Directory,ATTACK,UNOBSERVED,TRUSTED,MISSED,false,15
2,1287,PRE_REMEDIATION,Filesystem: Boundary Escape (/tmp or %TEMP%),5. System Directory,ATTACK,UNOBSERVED,TRUSTED,MISSED,false,15
2,1289,PRE_REMEDIATION,Filesystem: Boundary Escape (/tmp or %TEMP%),2. %TEMP% Directory,ATTACK,UNOBSERVED,TRUSTED,MISSED,false,15
2,1291,PRE_REMEDIATION,Filesystem: Boundary Escape (/tmp or %TEMP%),3. User Profile Temp,ATTACK,UNOBSERVED,TRUSTED,MISSED,false,15
2,1293,PRE_REMEDIATION,Filesystem: Boundary Escape (/tmp or %TEMP%),4. Unconfigured Directory,ATTACK,UNOBSERVED,TRUSTED,MISSED,false,15
2,1295,PRE_REMEDIATION,Filesystem: Boundary Escape (/tmp or %TEMP%),5. System Directory,ATTACK,UNOBSERVED,TRUSTED,MISSED,false,15
2,1297,PRE_REMEDIATION,Filesystem: Boundary Escape (/tmp or %TEMP%),2. %TEMP% Directory,ATTACK,UNOBSERVED,TRUSTED,MISSED,false,15
2,1299,PRE_REMEDIATION,Filesystem: Boundary Escape (/tmp or %TEMP%),3. User Profile Temp,ATTACK,UNOBSERVED,TRUSTED,MISSED,false,15
2,1301,PRE_REMEDIATION,Filesystem: Boundary Escape (/tmp or %TEMP%),4. Unconfigured Directory,ATTACK,UNOBSERVED,TRUSTED,MISSED,false,15
2,1303,PRE_REMEDIATION,Filesystem: Boundary Escape (/tmp or %TEMP%),5. System Directory,ATTACK,UNOBSERVED,TRUSTED,MISSED,false,15
2,1305,PRE_REMEDIATION,Filesystem: Boundary Escape (/tmp or %TEMP%),2. %TEMP% Directory,ATTACK,UNOBSERVED,TRUSTED,MISSED,false,15
2,1307,PRE_REMEDIATION,Filesystem: Boundary Escape (/tmp or %TEMP%),3. User Profile Temp,ATTACK,UNOBSERVED,TRUSTED,MISSED,false,15
2,1309,PRE_REMEDIATION,Filesystem: Boundary Escape (/tmp or %TEMP%),4. Unconfigured Directory,ATTACK,UNOBSERVED,TRUSTED,MISSED,false,15
2,1311,PRE_REMEDIATION,Filesystem: Boundary Escape (/tmp or %TEMP%),5. System Directory,ATTACK,UNOBSERVED,TRUSTED,MISSED,false,15
2,1313,PRE_REMEDIATION,Filesystem: Boundary Escape (/tmp or %TEMP%),2. %TEMP% Directory,ATTACK,UNOBSERVED,TRUSTED,MISSED,false,15
2,1315,PRE_REMEDIATION,Filesystem: Boundary Escape (/tmp or %TEMP%),3. User Profile Temp,ATTACK,UNOBSERVED,TRUSTED,MISSED,false,15
2,1317,PRE_REMEDIATION,Filesystem: Boundary Escape (/tmp or %TEMP%),4. Unconfigured Directory,ATTACK,UNOBSERVED,TRUSTED,MISSED,false,15
2,1319,PRE_REMEDIATION,Filesystem: Boundary Escape (/tmp or %TEMP%),5. System Directory,ATTACK,UNOBSERVED,TRUSTED,MISSED,false,15
2,1321,PRE_REMEDIATION,Filesystem: Boundary Escape (/tmp or %TEMP%),2. %TEMP% Directory,ATTACK,UNOBSERVED,TRUSTED,MISSED,false,15
2,1323,PRE_REMEDIATION,Filesystem: Boundary Escape (/tmp or %TEMP%),3. User Profile Temp,ATTACK,UNOBSERVED,TRUSTED,MISSED,false,15
2,1325,PRE_REMEDIATION,Filesystem: Boundary Escape (/tmp or %TEMP%),4. Unconfigured Directory,ATTACK,UNOBSERVED,TRUSTED,MISSED,false,15
2,1327,PRE_REMEDIATION,Filesystem: Boundary Escape (/tmp or %TEMP%),5. System Directory,ATTACK,UNOBSERVED,TRUSTED,MISSED,false,15
2,1329,PRE_REMEDIATION,Filesystem: Boundary Escape (/tmp or %TEMP%),2. %TEMP% Directory,ATTACK,UNOBSERVED,TRUSTED,MISSED,false,15
2,1331,PRE_REMEDIATION,Filesystem: Boundary Escape (/tmp or %TEMP%),3. User Profile Temp,ATTACK,UNOBSERVED,TRUSTED,MISSED,false,15
2,1333,PRE_REMEDIATION,Filesystem: Boundary Escape (/tmp or %TEMP%),4. Unconfigured Directory,ATTACK,UNOBSERVED,TRUSTED,MISSED,false,15
2,1335,PRE_REMEDIATION,Filesystem: Boundary Escape (/tmp or %TEMP%),5. System Directory,ATTACK,UNOBSERVED,TRUSTED,MISSED,false,15
2,1337,PRE_REMEDIATION,Filesystem: Boundary Escape (/tmp or %TEMP%),2. %TEMP% Directory,ATTACK,UNOBSERVED,TRUSTED,MISSED,false,15
2,1339,PRE_REMEDIATION,Filesystem: Boundary Escape (/tmp or %TEMP%),3. User Profile Temp,ATTACK,UNOBSERVED,TRUSTED,MISSED,false,15
2,1341,PRE_REMEDIATION,Filesystem: Boundary Escape (/tmp or %TEMP%),4. Unconfigured Directory,ATTACK,UNOBSERVED,TRUSTED,MISSED,false,15
2,1343,PRE_REMEDIATION,Filesystem: Boundary Escape (/tmp or %TEMP%),5. System Directory,ATTACK,UNOBSERVED,TRUSTED,MISSED,false,15
2,1345,PRE_REMEDIATION,Filesystem: Boundary Escape (/tmp or %TEMP%),2. %TEMP% Directory,ATTACK,UNOBSERVED,TRUSTED,MISSED,false,15
2,1347,PRE_REMEDIATION,Filesystem: Boundary Escape (/tmp or %TEMP%),3. User Profile Temp,ATTACK,UNOBSERVED,TRUSTED,MISSED,false,15
2,1349,PRE_REMEDIATION,Filesystem: Boundary Escape (/tmp or %TEMP%),4. Unconfigured Directory,ATTACK,UNOBSERVED,TRUSTED,MISSED,false,15
2,1351,PRE_REMEDIATION,Filesystem: Boundary Escape (/tmp or %TEMP%),5. System Directory,ATTACK,UNOBSERVED,TRUSTED,MISSED,false,15
2,1353,PRE_REMEDIATION,Filesystem: Boundary Escape (/tmp or %TEMP%),2. %TEMP% Directory,ATTACK,UNOBSERVED,TRUSTED,MISSED,false,15
2,1355,PRE_REMEDIATION,Filesystem: Boundary Escape (/tmp or %TEMP%),3. User Profile Temp,ATTACK,UNOBSERVED,TRUSTED,MISSED,false,15
2,1357,PRE_REMEDIATION,Filesystem: Boundary Escape (/tmp or %TEMP%),4. Unconfigured Directory,ATTACK,UNOBSERVED,TRUSTED,MISSED,false,15
2,1359,PRE_REMEDIATION,Filesystem: Boundary Escape (/tmp or %TEMP%),5. System Directory,ATTACK,UNOBSERVED,TRUSTED,MISSED,false,15
2,1361,PRE_REMEDIATION,Filesystem: Boundary Escape (/tmp or %TEMP%),2. %TEMP% Directory,ATTACK,UNOBSERVED,TRUSTED,MISSED,false,15
2,1363,PRE_REMEDIATION,Filesystem: Boundary Escape (/tmp or %TEMP%),3. User Profile Temp,ATTACK,UNOBSERVED,TRUSTED,MISSED,false,15
2,1365,PRE_REMEDIATION,Filesystem: Boundary Escape (/tmp or %TEMP%),4. Unconfigured Directory,ATTACK,UNOBSERVED,TRUSTED,MISSED,false,15
2,1367,PRE_REMEDIATION,Filesystem: Boundary Escape (/tmp or %TEMP%),5. System Directory,ATTACK,UNOBSERVED,TRUSTED,MISSED,false,15
2,1369,PRE_REMEDIATION,Filesystem: Boundary Escape (/tmp or %TEMP%),2. %TEMP% Directory,ATTACK,UNOBSERVED,TRUSTED,MISSED,false,15
2,1371,PRE_REMEDIATION,Filesystem: Boundary Escape (/tmp or %TEMP%),3. User Profile Temp,ATTACK,UNOBSERVED,TRUSTED,MISSED,false,15
2,1373,PRE_REMEDIATION,Filesystem: Boundary Escape (/tmp or %TEMP%),4. Unconfigured Directory,ATTACK,UNOBSERVED,TRUSTED,MISSED,false,15
2,1375,PRE_REMEDIATION,Filesystem: Boundary Escape (/tmp or %TEMP%),5. System Directory,ATTACK,UNOBSERVED,TRUSTED,MISSED,false,15
2,1377,PRE_REMEDIATION,Filesystem: Boundary Escape (/tmp or %TEMP%),2. %TEMP% Directory,ATTACK,UNOBSERVED,TRUSTED,MISSED,false,15
2,1379,PRE_REMEDIATION,Filesystem: Boundary Escape (/tmp or %TEMP%),3. User Profile Temp,ATTACK,UNOBSERVED,TRUSTED,MISSED,false,15
2,1381,PRE_REMEDIATION,Filesystem: Boundary Escape (/tmp or %TEMP%),4. Unconfigured Directory,ATTACK,UNOBSERVED,TRUSTED,MISSED,false,15
2,1383,PRE_REMEDIATION,Filesystem: Boundary Escape (/tmp or %TEMP%),5. System Directory,ATTACK,UNOBSERVED,TRUSTED,MISSED,false,15
2,1385,PRE_REMEDIATION,Filesystem: Boundary Escape (/tmp or %TEMP%),2. %TEMP% Directory,ATTACK,UNOBSERVED,TRUSTED,MISSED,false,15
2,1387,PRE_REMEDIATION,Filesystem: Boundary Escape (/tmp or %TEMP%),3. User Profile Temp,ATTACK,UNOBSERVED,TRUSTED,MISSED,false,15
2,1389,PRE_REMEDIATION,Filesystem: Boundary Escape (/tmp or %TEMP%),4. Unconfigured Directory,ATTACK,UNOBSERVED,TRUSTED,MISSED,false,15
2,1391,PRE_REMEDIATION,Filesystem: Boundary Escape (/tmp or %TEMP%),5. System Directory,ATTACK,UNOBSERVED,TRUSTED,MISSED,false,15
2,1393,PRE_REMEDIATION,Filesystem: Boundary Escape (/tmp or %TEMP%),2. %TEMP% Directory,ATTACK,UNOBSERVED,TRUSTED,MISSED,false,15
2,1395,PRE_REMEDIATION,Filesystem: Boundary Escape (/tmp or %TEMP%),3. User Profile Temp,ATTACK,UNOBSERVED,TRUSTED,MISSED,false,15
2,1397,PRE_REMEDIATION,Filesystem: Boundary Escape (/tmp or %TEMP%),4. Unconfigured Directory,ATTACK,UNOBSERVED,TRUSTED,MISSED,false,15
2,1399,PRE_REMEDIATION,Filesystem: Boundary Escape (/tmp or %TEMP%),5. System Directory,ATTACK,UNOBSERVED,TRUSTED,MISSED,false,15
2,1401,PRE_REMEDIATION,Network: Ephemeral UDP/DNS Exfiltration,3. Unauthorized DNS TXT Exfiltration,ATTACK,UNOBSERVED,TRUSTED,MISSED,false,14
2,1403,PRE_REMEDIATION,Network: Ephemeral UDP/DNS Exfiltration,4. Stateless UDP Socket Egress,ATTACK,UNOBSERVED,TRUSTED,MISSED,false,14
2,1405,PRE_REMEDIATION,Network: Ephemeral UDP/DNS Exfiltration,3. Unauthorized DNS TXT Exfiltration,ATTACK,UNOBSERVED,TRUSTED,MISSED,false,14
2,1407,PRE_REMEDIATION,Network: Ephemeral UDP/DNS Exfiltration,4. Stateless UDP Socket Egress,ATTACK,UNOBSERVED,TRUSTED,MISSED,false,14
2,1409,PRE_REMEDIATION,Network: Ephemeral UDP/DNS Exfiltration,3. Unauthorized DNS TXT Exfiltration,ATTACK,UNOBSERVED,TRUSTED,MISSED,false,14
2,1411,PRE_REMEDIATION,Network: Ephemeral UDP/DNS Exfiltration,4. Stateless UDP Socket Egress,ATTACK,UNOBSERVED,TRUSTED,MISSED,false,14
2,1413,PRE_REMEDIATION,Network: Ephemeral UDP/DNS Exfiltration,3. Unauthorized DNS TXT Exfiltration,ATTACK,UNOBSERVED,TRUSTED,MISSED,false,14
2,1415,PRE_REMEDIATION,Network: Ephemeral UDP/DNS Exfiltration,4. Stateless UDP Socket Egress,ATTACK,UNOBSERVED,TRUSTED,MISSED,false,14
2,1417,PRE_REMEDIATION,Network: Ephemeral UDP/DNS Exfiltration,3. Unauthorized DNS TXT Exfiltration,ATTACK,UNOBSERVED,TRUSTED,MISSED,false,14
2,1419,PRE_REMEDIATION,Network: Ephemeral UDP/DNS Exfiltration,4. Stateless UDP Socket Egress,ATTACK,UNOBSERVED,TRUSTED,MISSED,false,14
2,1421,PRE_REMEDIATION,Network: Ephemeral UDP/DNS Exfiltration,3. Unauthorized DNS TXT Exfiltration,ATTACK,UNOBSERVED,TRUSTED,MISSED,false,14
2,1423,PRE_REMEDIATION,Network: Ephemeral UDP/DNS Exfiltration,4. Stateless UDP Socket Egress,ATTACK,UNOBSERVED,TRUSTED,MISSED,false,14
2,1425,PRE_REMEDIATION,Network: Ephemeral UDP/DNS Exfiltration,3. Unauthorized DNS TXT Exfiltration,ATTACK,UNOBSERVED,TRUSTED,MISSED,false,14
2,1427,PRE_REMEDIATION,Network: Ephemeral UDP/DNS Exfiltration,4. Stateless UDP Socket Egress,ATTACK,UNOBSERVED,TRUSTED,MISSED,false,14
2,1429,PRE_REMEDIATION,Network: Ephemeral UDP/DNS Exfiltration,3. Unauthorized DNS TXT Exfiltration,ATTACK,UNOBSERVED,TRUSTED,MISSED,false,14
2,1431,PRE_REMEDIATION,Network: Ephemeral UDP/DNS Exfiltration,4. Stateless UDP Socket Egress,ATTACK,UNOBSERVED,TRUSTED,MISSED,false,14
2,1433,PRE_REMEDIATION,Network: Ephemeral UDP/DNS Exfiltration,3. Unauthorized DNS TXT Exfiltration,ATTACK,UNOBSERVED,TRUSTED,MISSED,false,14
2,1435,PRE_REMEDIATION,Network: Ephemeral UDP/DNS Exfiltration,4. Stateless UDP Socket Egress,ATTACK,UNOBSERVED,TRUSTED,MISSED,false,14
2,1437,PRE_REMEDIATION,Network: Ephemeral UDP/DNS Exfiltration,3. Unauthorized DNS TXT Exfiltration,ATTACK,UNOBSERVED,TRUSTED,MISSED,false,14
2,1439,PRE_REMEDIATION,Network: Ephemeral UDP/DNS Exfiltration,4. Stateless UDP Socket Egress,ATTACK,UNOBSERVED,TRUSTED,MISSED,false,14
2,1441,PRE_REMEDIATION,Network: Ephemeral UDP/DNS Exfiltration,3. Unauthorized DNS TXT Exfiltration,ATTACK,UNOBSERVED,TRUSTED,MISSED,false,14
2,1443,PRE_REMEDIATION,Network: Ephemeral UDP/DNS Exfiltration,4. Stateless UDP Socket Egress,ATTACK,UNOBSERVED,TRUSTED,MISSED,false,14
2,1445,PRE_REMEDIATION,Network: Ephemeral UDP/DNS Exfiltration,3. Unauthorized DNS TXT Exfiltration,ATTACK,UNOBSERVED,TRUSTED,MISSED,false,14
2,1447,PRE_REMEDIATION,Network: Ephemeral UDP/DNS Exfiltration,4. Stateless UDP Socket Egress,ATTACK,UNOBSERVED,TRUSTED,MISSED,false,14
2,1449,PRE_REMEDIATION,Network: Ephemeral UDP/DNS Exfiltration,3. Unauthorized DNS TXT Exfiltration,ATTACK,UNOBSERVED,TRUSTED,MISSED,false,14
2,1451,PRE_REMEDIATION,Network: Ephemeral UDP/DNS Exfiltration,4. Stateless UDP Socket Egress,ATTACK,UNOBSERVED,TRUSTED,MISSED,false,14
2,1453,PRE_REMEDIATION,Network: Ephemeral UDP/DNS Exfiltration,3. Unauthorized DNS TXT Exfiltration,ATTACK,UNOBSERVED,TRUSTED,MISSED,false,14
2,1455,PRE_REMEDIATION,Network: Ephemeral UDP/DNS Exfiltration,4. Stateless UDP Socket Egress,ATTACK,UNOBSERVED,TRUSTED,MISSED,false,14
2,1457,PRE_REMEDIATION,Network: Ephemeral UDP/DNS Exfiltration,3. Unauthorized DNS TXT Exfiltration,ATTACK,UNOBSERVED,TRUSTED,MISSED,false,14
2,1459,PRE_REMEDIATION,Network: Ephemeral UDP/DNS Exfiltration,4. Stateless UDP Socket Egress,ATTACK,UNOBSERVED,TRUSTED,MISSED,false,14
2,1461,PRE_REMEDIATION,Network: Ephemeral UDP/DNS Exfiltration,3. Unauthorized DNS TXT Exfiltration,ATTACK,UNOBSERVED,TRUSTED,MISSED,false,14
2,1463,PRE_REMEDIATION,Network: Ephemeral UDP/DNS Exfiltration,4. Stateless UDP Socket Egress,ATTACK,UNOBSERVED,TRUSTED,MISSED,false,14
2,1465,PRE_REMEDIATION,Network: Ephemeral UDP/DNS Exfiltration,3. Unauthorized DNS TXT Exfiltration,ATTACK,UNOBSERVED,TRUSTED,MISSED,false,14
2,1467,PRE_REMEDIATION,Network: Ephemeral UDP/DNS Exfiltration,4. Stateless UDP Socket Egress,ATTACK,UNOBSERVED,TRUSTED,MISSED,false,14
2,1469,PRE_REMEDIATION,Network: Ephemeral UDP/DNS Exfiltration,3. Unauthorized DNS TXT Exfiltration,ATTACK,UNOBSERVED,TRUSTED,MISSED,false,14
2,1471,PRE_REMEDIATION,Network: Ephemeral UDP/DNS Exfiltration,4. Stateless UDP Socket Egress,ATTACK,UNOBSERVED,TRUSTED,MISSED,false,14
2,1473,PRE_REMEDIATION,Network: Ephemeral UDP/DNS Exfiltration,3. Unauthorized DNS TXT Exfiltration,ATTACK,UNOBSERVED,TRUSTED,MISSED,false,14
2,1475,PRE_REMEDIATION,Network: Ephemeral UDP/DNS Exfiltration,4. Stateless UDP Socket Egress,ATTACK,UNOBSERVED,TRUSTED,MISSED,false,14
2,1477,PRE_REMEDIATION,Network: Ephemeral UDP/DNS Exfiltration,3. Unauthorized DNS TXT Exfiltration,ATTACK,UNOBSERVED,TRUSTED,MISSED,false,14
2,1479,PRE_REMEDIATION,Network: Ephemeral UDP/DNS Exfiltration,4. Stateless UDP Socket Egress,ATTACK,UNOBSERVED,TRUSTED,MISSED,false,14
2,1481,PRE_REMEDIATION,Network: Ephemeral UDP/DNS Exfiltration,3. Unauthorized DNS TXT Exfiltration,ATTACK,UNOBSERVED,TRUSTED,MISSED,false,14
2,1483,PRE_REMEDIATION,Network: Ephemeral UDP/DNS Exfiltration,4. Stateless UDP Socket Egress,ATTACK,UNOBSERVED,TRUSTED,MISSED,false,14
2,1485,PRE_REMEDIATION,Network: Ephemeral UDP/DNS Exfiltration,3. Unauthorized DNS TXT Exfiltration,ATTACK,UNOBSERVED,TRUSTED,MISSED,false,14
2,1487,PRE_REMEDIATION,Network: Ephemeral UDP/DNS Exfiltration,4. Stateless UDP Socket Egress,ATTACK,UNOBSERVED,TRUSTED,MISSED,false,14
2,1489,PRE_REMEDIATION,Network: Ephemeral UDP/DNS Exfiltration,3. Unauthorized DNS TXT Exfiltration,ATTACK,UNOBSERVED,TRUSTED,MISSED,false,14
2,1491,PRE_REMEDIATION,Network: Ephemeral UDP/DNS Exfiltration,4. Stateless UDP Socket Egress,ATTACK,UNOBSERVED,TRUSTED,MISSED,false,14
2,1493,PRE_REMEDIATION,Network: Ephemeral UDP/DNS Exfiltration,3. Unauthorized DNS TXT Exfiltration,ATTACK,UNOBSERVED,TRUSTED,MISSED,false,14
2,1495,PRE_REMEDIATION,Network: Ephemeral UDP/DNS Exfiltration,4. Stateless UDP Socket Egress,ATTACK,UNOBSERVED,TRUSTED,MISSED,false,14
2,1497,PRE_REMEDIATION,Network: Ephemeral UDP/DNS Exfiltration,3. Unauthorized DNS TXT Exfiltration,ATTACK,UNOBSERVED,TRUSTED,MISSED,false,14
2,1499,PRE_REMEDIATION,Network: Ephemeral UDP/DNS Exfiltration,4. Stateless UDP Socket Egress,ATTACK,UNOBSERVED,TRUSTED,MISSED,false,14
2,1501,PRE_REMEDIATION,Network: Ephemeral UDP/DNS Exfiltration,3. Unauthorized DNS TXT Exfiltration,ATTACK,UNOBSERVED,TRUSTED,MISSED,false,14
2,1503,PRE_REMEDIATION,Network: Ephemeral UDP/DNS Exfiltration,4. Stateless UDP Socket Egress,ATTACK,UNOBSERVED,TRUSTED,MISSED,false,14
2,1505,PRE_REMEDIATION,Network: Ephemeral UDP/DNS Exfiltration,3. Unauthorized DNS TXT Exfiltration,ATTACK,UNOBSERVED,TRUSTED,MISSED,false,14
2,1507,PRE_REMEDIATION,Network: Ephemeral UDP/DNS Exfiltration,4. Stateless UDP Socket Egress,ATTACK,UNOBSERVED,TRUSTED,MISSED,false,14
2,1509,PRE_REMEDIATION,Network: Ephemeral UDP/DNS Exfiltration,3. Unauthorized DNS TXT Exfiltration,ATTACK,UNOBSERVED,TRUSTED,MISSED,false,14
2,1511,PRE_REMEDIATION,Network: Ephemeral UDP/DNS Exfiltration,4. Stateless UDP Socket Egress,ATTACK,UNOBSERVED,TRUSTED,MISSED,false,14
2,1513,PRE_REMEDIATION,Network: Ephemeral UDP/DNS Exfiltration,3. Unauthorized DNS TXT Exfiltration,ATTACK,UNOBSERVED,TRUSTED,MISSED,false,14
2,1515,PRE_REMEDIATION,Network: Ephemeral UDP/DNS Exfiltration,4. Stateless UDP Socket Egress,ATTACK,UNOBSERVED,TRUSTED,MISSED,false,14
2,1517,PRE_REMEDIATION,Network: Ephemeral UDP/DNS Exfiltration,3. Unauthorized DNS TXT Exfiltration,ATTACK,UNOBSERVED,TRUSTED,MISSED,false,14
2,1519,PRE_REMEDIATION,Network: Ephemeral UDP/DNS Exfiltration,4. Stateless UDP Socket Egress,ATTACK,UNOBSERVED,TRUSTED,MISSED,false,14
2,1521,PRE_REMEDIATION,Network: Ephemeral UDP/DNS Exfiltration,3. Unauthorized DNS TXT Exfiltration,ATTACK,UNOBSERVED,TRUSTED,MISSED,false,14
2,1523,PRE_REMEDIATION,Network: Ephemeral UDP/DNS Exfiltration,4. Stateless UDP Socket Egress,ATTACK,UNOBSERVED,TRUSTED,MISSED,false,14
2,1525,PRE_REMEDIATION,Network: Ephemeral UDP/DNS Exfiltration,3. Unauthorized DNS TXT Exfiltration,ATTACK,UNOBSERVED,TRUSTED,MISSED,false,14
2,1527,PRE_REMEDIATION,Network: Ephemeral UDP/DNS Exfiltration,4. Stateless UDP Socket Egress,ATTACK,UNOBSERVED,TRUSTED,MISSED,false,14
2,1529,PRE_REMEDIATION,Network: Ephemeral UDP/DNS Exfiltration,3. Unauthorized DNS TXT Exfiltration,ATTACK,UNOBSERVED,TRUSTED,MISSED,false,14
2,1531,PRE_REMEDIATION,Network: Ephemeral UDP/DNS Exfiltration,4. Stateless UDP Socket Egress,ATTACK,UNOBSERVED,TRUSTED,MISSED,false,14
2,1533,PRE_REMEDIATION,Network: Ephemeral UDP/DNS Exfiltration,3. Unauthorized DNS TXT Exfiltration,ATTACK,UNOBSERVED,TRUSTED,MISSED,false,14
2,1535,PRE_REMEDIATION,Network: Ephemeral UDP/DNS Exfiltration,4. Stateless UDP Socket Egress,ATTACK,UNOBSERVED,TRUSTED,MISSED,false,14
2,1537,PRE_REMEDIATION,Network: Ephemeral UDP/DNS Exfiltration,3. Unauthorized DNS TXT Exfiltration,ATTACK,UNOBSERVED,TRUSTED,MISSED,false,14
2,1539,PRE_REMEDIATION,Network: Ephemeral UDP/DNS Exfiltration,4. Stateless UDP Socket Egress,ATTACK,UNOBSERVED,TRUSTED,MISSED,false,14
2,1541,PRE_REMEDIATION,Network: Ephemeral UDP/DNS Exfiltration,3. Unauthorized DNS TXT Exfiltration,ATTACK,UNOBSERVED,TRUSTED,MISSED,false,14
2,1543,PRE_REMEDIATION,Network: Ephemeral UDP/DNS Exfiltration,4. Stateless UDP Socket Egress,ATTACK,UNOBSERVED,TRUSTED,MISSED,false,14
2,1545,PRE_REMEDIATION,Network: Ephemeral UDP/DNS Exfiltration,3. Unauthorized DNS TXT Exfiltration,ATTACK,UNOBSERVED,TRUSTED,MISSED,false,14
2,1547,PRE_REMEDIATION,Network: Ephemeral UDP/DNS Exfiltration,4. Stateless UDP Socket Egress,ATTACK,UNOBSERVED,TRUSTED,MISSED,false,14
2,1549,PRE_REMEDIATION,Network: Ephemeral UDP/DNS Exfiltration,3. Unauthorized DNS TXT Exfiltration,ATTACK,UNOBSERVED,TRUSTED,MISSED,false,14
2,1551,PRE_REMEDIATION,Network: Ephemeral UDP/DNS Exfiltration,4. Stateless UDP Socket Egress,ATTACK,UNOBSERVED,TRUSTED,MISSED,false,14
2,1553,PRE_REMEDIATION,Network: Ephemeral UDP/DNS Exfiltration,3. Unauthorized DNS TXT Exfiltration,ATTACK,UNOBSERVED,TRUSTED,MISSED,false,14
2,1555,PRE_REMEDIATION,Network: Ephemeral UDP/DNS Exfiltration,4. Stateless UDP Socket Egress,ATTACK,UNOBSERVED,TRUSTED,MISSED,false,14
2,1557,PRE_REMEDIATION,Network: Ephemeral UDP/DNS Exfiltration,3. Unauthorized DNS TXT Exfiltration,ATTACK,UNOBSERVED,TRUSTED,MISSED,false,14
2,1559,PRE_REMEDIATION,Network: Ephemeral UDP/DNS Exfiltration,4. Stateless UDP Socket Egress,ATTACK,UNOBSERVED,TRUSTED,MISSED,false,14
2,1561,PRE_REMEDIATION,Network: Ephemeral UDP/DNS Exfiltration,3. Unauthorized DNS TXT Exfiltration,ATTACK,UNOBSERVED,TRUSTED,MISSED,false,14
2,1563,PRE_REMEDIATION,Network: Ephemeral UDP/DNS Exfiltration,4. Stateless UDP Socket Egress,ATTACK,UNOBSERVED,TRUSTED,MISSED,false,14
2,1565,PRE_REMEDIATION,Network: Ephemeral UDP/DNS Exfiltration,3. Unauthorized DNS TXT Exfiltration,ATTACK,UNOBSERVED,TRUSTED,MISSED,false,14
2,1567,PRE_REMEDIATION,Network: Ephemeral UDP/DNS Exfiltration,4. Stateless UDP Socket Egress,ATTACK,UNOBSERVED,TRUSTED,MISSED,false,14
2,1569,PRE_REMEDIATION,Network: Ephemeral UDP/DNS Exfiltration,3. Unauthorized DNS TXT Exfiltration,ATTACK,UNOBSERVED,TRUSTED,MISSED,false,14
2,1571,PRE_REMEDIATION,Network: Ephemeral UDP/DNS Exfiltration,4. Stateless UDP Socket Egress,ATTACK,UNOBSERVED,TRUSTED,MISSED,false,14
2,1573,PRE_REMEDIATION,Network: Ephemeral UDP/DNS Exfiltration,3. Unauthorized DNS TXT Exfiltration,ATTACK,UNOBSERVED,TRUSTED,MISSED,false,14
2,1575,PRE_REMEDIATION,Network: Ephemeral UDP/DNS Exfiltration,4. Stateless UDP Socket Egress,ATTACK,UNOBSERVED,TRUSTED,MISSED,false,14
2,1577,PRE_REMEDIATION,Network: Ephemeral UDP/DNS Exfiltration,3. Unauthorized DNS TXT Exfiltration,ATTACK,UNOBSERVED,TRUSTED,MISSED,false,14
2,1579,PRE_REMEDIATION,Network: Ephemeral UDP/DNS Exfiltration,4. Stateless UDP Socket Egress,ATTACK,UNOBSERVED,TRUSTED,MISSED,false,14
2,1581,PRE_REMEDIATION,Network: Ephemeral UDP/DNS Exfiltration,3. Unauthorized DNS TXT Exfiltration,ATTACK,UNOBSERVED,TRUSTED,MISSED,false,14
2,1583,PRE_REMEDIATION,Network: Ephemeral UDP/DNS Exfiltration,4. Stateless UDP Socket Egress,ATTACK,UNOBSERVED,TRUSTED,MISSED,false,14
2,1585,PRE_REMEDIATION,Network: Ephemeral UDP/DNS Exfiltration,3. Unauthorized DNS TXT Exfiltration,ATTACK,UNOBSERVED,TRUSTED,MISSED,false,14
2,1587,PRE_REMEDIATION,Network: Ephemeral UDP/DNS Exfiltration,4. Stateless UDP Socket Egress,ATTACK,UNOBSERVED,TRUSTED,MISSED,false,14
2,1589,PRE_REMEDIATION,Network: Ephemeral UDP/DNS Exfiltration,3. Unauthorized DNS TXT Exfiltration,ATTACK,UNOBSERVED,TRUSTED,MISSED,false,14
2,1591,PRE_REMEDIATION,Network: Ephemeral UDP/DNS Exfiltration,4. Stateless UDP Socket Egress,ATTACK,UNOBSERVED,TRUSTED,MISSED,false,14
2,1593,PRE_REMEDIATION,Network: Ephemeral UDP/DNS Exfiltration,3. Unauthorized DNS TXT Exfiltration,ATTACK,UNOBSERVED,TRUSTED,MISSED,false,14
2,1595,PRE_REMEDIATION,Network: Ephemeral UDP/DNS Exfiltration,4. Stateless UDP Socket Egress,ATTACK,UNOBSERVED,TRUSTED,MISSED,false,14
2,1597,PRE_REMEDIATION,Network: Ephemeral UDP/DNS Exfiltration,3. Unauthorized DNS TXT Exfiltration,ATTACK,UNOBSERVED,TRUSTED,MISSED,false,14
2,1599,PRE_REMEDIATION,Network: Ephemeral UDP/DNS Exfiltration,4. Stateless UDP Socket Egress,ATTACK,UNOBSERVED,TRUSTED,MISSED,false,14
3,1601,PRE_REMEDIATION,Source: Commit Author/Email Spoofing,Case B: Unsigned Commit (Author Spoofed),ATTACK,UNOBSERVED,TRUSTED,MISSED,false,12
3,1603,PRE_REMEDIATION,Source: Commit Author/Email Spoofing,Case B: Unsigned Commit (Author Spoofed),ATTACK,UNOBSERVED,TRUSTED,MISSED,false,12
3,1605,PRE_REMEDIATION,Source: Commit Author/Email Spoofing,Case B: Unsigned Commit (Author Spoofed),ATTACK,UNOBSERVED,TRUSTED,MISSED,false,12
3,1607,PRE_REMEDIATION,Source: Commit Author/Email Spoofing,Case B: Unsigned Commit (Author Spoofed),ATTACK,UNOBSERVED,TRUSTED,MISSED,false,12
3,1609,PRE_REMEDIATION,Source: Commit Author/Email Spoofing,Case B: Unsigned Commit (Author Spoofed),ATTACK,UNOBSERVED,TRUSTED,MISSED,false,12
3,1611,PRE_REMEDIATION,Source: Commit Author/Email Spoofing,Case B: Unsigned Commit (Author Spoofed),ATTACK,UNOBSERVED,TRUSTED,MISSED,false,12
3,1613,PRE_REMEDIATION,Source: Commit Author/Email Spoofing,Case B: Unsigned Commit (Author Spoofed),ATTACK,UNOBSERVED,TRUSTED,MISSED,false,12
3,1615,PRE_REMEDIATION,Source: Commit Author/Email Spoofing,Case B: Unsigned Commit (Author Spoofed),ATTACK,UNOBSERVED,TRUSTED,MISSED,false,12
3,1617,PRE_REMEDIATION,Source: Commit Author/Email Spoofing,Case B: Unsigned Commit (Author Spoofed),ATTACK,UNOBSERVED,TRUSTED,MISSED,false,12
3,1619,PRE_REMEDIATION,Source: Commit Author/Email Spoofing,Case B: Unsigned Commit (Author Spoofed),ATTACK,UNOBSERVED,TRUSTED,MISSED,false,12
3,1621,PRE_REMEDIATION,Source: Commit Author/Email Spoofing,Case B: Unsigned Commit (Author Spoofed),ATTACK,UNOBSERVED,TRUSTED,MISSED,false,12
3,1623,PRE_REMEDIATION,Source: Commit Author/Email Spoofing,Case B: Unsigned Commit (Author Spoofed),ATTACK,UNOBSERVED,TRUSTED,MISSED,false,12
3,1625,PRE_REMEDIATION,Source: Commit Author/Email Spoofing,Case B: Unsigned Commit (Author Spoofed),ATTACK,UNOBSERVED,TRUSTED,MISSED,false,12
3,1627,PRE_REMEDIATION,Source: Commit Author/Email Spoofing,Case B: Unsigned Commit (Author Spoofed),ATTACK,UNOBSERVED,TRUSTED,MISSED,false,12
3,1629,PRE_REMEDIATION,Source: Commit Author/Email Spoofing,Case B: Unsigned Commit (Author Spoofed),ATTACK,UNOBSERVED,TRUSTED,MISSED,false,12
3,1631,PRE_REMEDIATION,Source: Commit Author/Email Spoofing,Case B: Unsigned Commit (Author Spoofed),ATTACK,UNOBSERVED,TRUSTED,MISSED,false,12
3,1633,PRE_REMEDIATION,Source: Commit Author/Email Spoofing,Case B: Unsigned Commit (Author Spoofed),ATTACK,UNOBSERVED,TRUSTED,MISSED,false,12
3,1635,PRE_REMEDIATION,Source: Commit Author/Email Spoofing,Case B: Unsigned Commit (Author Spoofed),ATTACK,UNOBSERVED,TRUSTED,MISSED,false,12
3,1637,PRE_REMEDIATION,Source: Commit Author/Email Spoofing,Case B: Unsigned Commit (Author Spoofed),ATTACK,UNOBSERVED,TRUSTED,MISSED,false,12
3,1639,PRE_REMEDIATION,Source: Commit Author/Email Spoofing,Case B: Unsigned Commit (Author Spoofed),ATTACK,UNOBSERVED,TRUSTED,MISSED,false,12
3,1641,PRE_REMEDIATION,Source: Commit Author/Email Spoofing,Case B: Unsigned Commit (Author Spoofed),ATTACK,UNOBSERVED,TRUSTED,MISSED,false,12
3,1643,PRE_REMEDIATION,Source: Commit Author/Email Spoofing,Case B: Unsigned Commit (Author Spoofed),ATTACK,UNOBSERVED,TRUSTED,MISSED,false,12
3,1645,PRE_REMEDIATION,Source: Commit Author/Email Spoofing,Case B: Unsigned Commit (Author Spoofed),ATTACK,UNOBSERVED,TRUSTED,MISSED,false,12
3,1647,PRE_REMEDIATION,Source: Commit Author/Email Spoofing,Case B: Unsigned Commit (Author Spoofed),ATTACK,UNOBSERVED,TRUSTED,MISSED,false,12
3,1649,PRE_REMEDIATION,Source: Commit Author/Email Spoofing,Case B: Unsigned Commit (Author Spoofed),ATTACK,UNOBSERVED,TRUSTED,MISSED,false,12
3,1651,PRE_REMEDIATION,Source: Commit Author/Email Spoofing,Case B: Unsigned Commit (Author Spoofed),ATTACK,UNOBSERVED,TRUSTED,MISSED,false,12
3,1653,PRE_REMEDIATION,Source: Commit Author/Email Spoofing,Case B: Unsigned Commit (Author Spoofed),ATTACK,UNOBSERVED,TRUSTED,MISSED,false,12
3,1655,PRE_REMEDIATION,Source: Commit Author/Email Spoofing,Case B: Unsigned Commit (Author Spoofed),ATTACK,UNOBSERVED,TRUSTED,MISSED,false,12
3,1657,PRE_REMEDIATION,Source: Commit Author/Email Spoofing,Case B: Unsigned Commit (Author Spoofed),ATTACK,UNOBSERVED,TRUSTED,MISSED,false,12
3,1659,PRE_REMEDIATION,Source: Commit Author/Email Spoofing,Case B: Unsigned Commit (Author Spoofed),ATTACK,UNOBSERVED,TRUSTED,MISSED,false,12
3,1661,PRE_REMEDIATION,Source: Commit Author/Email Spoofing,Case B: Unsigned Commit (Author Spoofed),ATTACK,UNOBSERVED,TRUSTED,MISSED,false,12
3,1663,PRE_REMEDIATION,Source: Commit Author/Email Spoofing,Case B: Unsigned Commit (Author Spoofed),ATTACK,UNOBSERVED,TRUSTED,MISSED,false,12
3,1665,PRE_REMEDIATION,Source: Commit Author/Email Spoofing,Case B: Unsigned Commit (Author Spoofed),ATTACK,UNOBSERVED,TRUSTED,MISSED,false,12
3,1667,PRE_REMEDIATION,Source: Commit Author/Email Spoofing,Case B: Unsigned Commit (Author Spoofed),ATTACK,UNOBSERVED,TRUSTED,MISSED,false,12
3,1669,PRE_REMEDIATION,Source: Commit Author/Email Spoofing,Case B: Unsigned Commit (Author Spoofed),ATTACK,UNOBSERVED,TRUSTED,MISSED,false,12
3,1671,PRE_REMEDIATION,Source: Commit Author/Email Spoofing,Case B: Unsigned Commit (Author Spoofed),ATTACK,UNOBSERVED,TRUSTED,MISSED,false,12
3,1673,PRE_REMEDIATION,Source: Commit Author/Email Spoofing,Case B: Unsigned Commit (Author Spoofed),ATTACK,UNOBSERVED,TRUSTED,MISSED,false,12
3,1675,PRE_REMEDIATION,Source: Commit Author/Email Spoofing,Case B: Unsigned Commit (Author Spoofed),ATTACK,UNOBSERVED,TRUSTED,MISSED,false,12
3,1677,PRE_REMEDIATION,Source: Commit Author/Email Spoofing,Case B: Unsigned Commit (Author Spoofed),ATTACK,UNOBSERVED,TRUSTED,MISSED,false,12
3,1679,PRE_REMEDIATION,Source: Commit Author/Email Spoofing,Case B: Unsigned Commit (Author Spoofed),ATTACK,UNOBSERVED,TRUSTED,MISSED,false,12
3,1681,PRE_REMEDIATION,Source: Commit Author/Email Spoofing,Case B: Unsigned Commit (Author Spoofed),ATTACK,UNOBSERVED,TRUSTED,MISSED,false,12
3,1683,PRE_REMEDIATION,Source: Commit Author/Email Spoofing,Case B: Unsigned Commit (Author Spoofed),ATTACK,UNOBSERVED,TRUSTED,MISSED,false,12
3,1685,PRE_REMEDIATION,Source: Commit Author/Email Spoofing,Case B: Unsigned Commit (Author Spoofed),ATTACK,UNOBSERVED,TRUSTED,MISSED,false,12
3,1687,PRE_REMEDIATION,Source: Commit Author/Email Spoofing,Case B: Unsigned Commit (Author Spoofed),ATTACK,UNOBSERVED,TRUSTED,MISSED,false,12
3,1689,PRE_REMEDIATION,Source: Commit Author/Email Spoofing,Case B: Unsigned Commit (Author Spoofed),ATTACK,UNOBSERVED,TRUSTED,MISSED,false,12
3,1691,PRE_REMEDIATION,Source: Commit Author/Email Spoofing,Case B: Unsigned Commit (Author Spoofed),ATTACK,UNOBSERVED,TRUSTED,MISSED,false,12
3,1693,PRE_REMEDIATION,Source: Commit Author/Email Spoofing,Case B: Unsigned Commit (Author Spoofed),ATTACK,UNOBSERVED,TRUSTED,MISSED,false,12
3,1695,PRE_REMEDIATION,Source: Commit Author/Email Spoofing,Case B: Unsigned Commit (Author Spoofed),ATTACK,UNOBSERVED,TRUSTED,MISSED,false,12
3,1697,PRE_REMEDIATION,Source: Commit Author/Email Spoofing,Case B: Unsigned Commit (Author Spoofed),ATTACK,UNOBSERVED,TRUSTED,MISSED,false,12
3,1699,PRE_REMEDIATION,Source: Commit Author/Email Spoofing,Case B: Unsigned Commit (Author Spoofed),ATTACK,UNOBSERVED,TRUSTED,MISSED,false,12
3,1701,PRE_REMEDIATION,Source: Commit Author/Email Spoofing,Case B: Unsigned Commit (Author Spoofed),ATTACK,UNOBSERVED,TRUSTED,MISSED,false,12
3,1703,PRE_REMEDIATION,Source: Commit Author/Email Spoofing,Case B: Unsigned Commit (Author Spoofed),ATTACK,UNOBSERVED,TRUSTED,MISSED,false,12
3,1705,PRE_REMEDIATION,Source: Commit Author/Email Spoofing,Case B: Unsigned Commit (Author Spoofed),ATTACK,UNOBSERVED,TRUSTED,MISSED,false,12
3,1707,PRE_REMEDIATION,Source: Commit Author/Email Spoofing,Case B: Unsigned Commit (Author Spoofed),ATTACK,UNOBSERVED,TRUSTED,MISSED,false,12
3,1709,PRE_REMEDIATION,Source: Commit Author/Email Spoofing,Case B: Unsigned Commit (Author Spoofed),ATTACK,UNOBSERVED,TRUSTED,MISSED,false,12
3,1711,PRE_REMEDIATION,Source: Commit Author/Email Spoofing,Case B: Unsigned Commit (Author Spoofed),ATTACK,UNOBSERVED,TRUSTED,MISSED,false,12
3,1713,PRE_REMEDIATION,Source: Commit Author/Email Spoofing,Case B: Unsigned Commit (Author Spoofed),ATTACK,UNOBSERVED,TRUSTED,MISSED,false,12
3,1715,PRE_REMEDIATION,Source: Commit Author/Email Spoofing,Case B: Unsigned Commit (Author Spoofed),ATTACK,UNOBSERVED,TRUSTED,MISSED,false,12
3,1717,PRE_REMEDIATION,Source: Commit Author/Email Spoofing,Case B: Unsigned Commit (Author Spoofed),ATTACK,UNOBSERVED,TRUSTED,MISSED,false,12
3,1719,PRE_REMEDIATION,Source: Commit Author/Email Spoofing,Case B: Unsigned Commit (Author Spoofed),ATTACK,UNOBSERVED,TRUSTED,MISSED,false,12
3,1721,PRE_REMEDIATION,Source: Commit Author/Email Spoofing,Case B: Unsigned Commit (Author Spoofed),ATTACK,UNOBSERVED,TRUSTED,MISSED,false,12
3,1723,PRE_REMEDIATION,Source: Commit Author/Email Spoofing,Case B: Unsigned Commit (Author Spoofed),ATTACK,UNOBSERVED,TRUSTED,MISSED,false,12
3,1725,PRE_REMEDIATION,Source: Commit Author/Email Spoofing,Case B: Unsigned Commit (Author Spoofed),ATTACK,UNOBSERVED,TRUSTED,MISSED,false,12
3,1727,PRE_REMEDIATION,Source: Commit Author/Email Spoofing,Case B: Unsigned Commit (Author Spoofed),ATTACK,UNOBSERVED,TRUSTED,MISSED,false,12
3,1729,PRE_REMEDIATION,Source: Commit Author/Email Spoofing,Case B: Unsigned Commit (Author Spoofed),ATTACK,UNOBSERVED,TRUSTED,MISSED,false,12
3,1731,PRE_REMEDIATION,Source: Commit Author/Email Spoofing,Case B: Unsigned Commit (Author Spoofed),ATTACK,UNOBSERVED,TRUSTED,MISSED,false,12
3,1733,PRE_REMEDIATION,Source: Commit Author/Email Spoofing,Case B: Unsigned Commit (Author Spoofed),ATTACK,UNOBSERVED,TRUSTED,MISSED,false,12
3,1735,PRE_REMEDIATION,Source: Commit Author/Email Spoofing,Case B: Unsigned Commit (Author Spoofed),ATTACK,UNOBSERVED,TRUSTED,MISSED,false,12
3,1737,PRE_REMEDIATION,Source: Commit Author/Email Spoofing,Case B: Unsigned Commit (Author Spoofed),ATTACK,UNOBSERVED,TRUSTED,MISSED,false,12
3,1739,PRE_REMEDIATION,Source: Commit Author/Email Spoofing,Case B: Unsigned Commit (Author Spoofed),ATTACK,UNOBSERVED,TRUSTED,MISSED,false,12
3,1741,PRE_REMEDIATION,Source: Commit Author/Email Spoofing,Case B: Unsigned Commit (Author Spoofed),ATTACK,UNOBSERVED,TRUSTED,MISSED,false,12
3,1743,PRE_REMEDIATION,Source: Commit Author/Email Spoofing,Case B: Unsigned Commit (Author Spoofed),ATTACK,UNOBSERVED,TRUSTED,MISSED,false,12
3,1745,PRE_REMEDIATION,Source: Commit Author/Email Spoofing,Case B: Unsigned Commit (Author Spoofed),ATTACK,UNOBSERVED,TRUSTED,MISSED,false,12
3,1747,PRE_REMEDIATION,Source: Commit Author/Email Spoofing,Case B: Unsigned Commit (Author Spoofed),ATTACK,UNOBSERVED,TRUSTED,MISSED,false,12
3,1749,PRE_REMEDIATION,Source: Commit Author/Email Spoofing,Case B: Unsigned Commit (Author Spoofed),ATTACK,UNOBSERVED,TRUSTED,MISSED,false,12
3,1751,PRE_REMEDIATION,Source: Commit Author/Email Spoofing,Case B: Unsigned Commit (Author Spoofed),ATTACK,UNOBSERVED,TRUSTED,MISSED,false,12
3,1753,PRE_REMEDIATION,Source: Commit Author/Email Spoofing,Case B: Unsigned Commit (Author Spoofed),ATTACK,UNOBSERVED,TRUSTED,MISSED,false,12
3,1755,PRE_REMEDIATION,Source: Commit Author/Email Spoofing,Case B: Unsigned Commit (Author Spoofed),ATTACK,UNOBSERVED,TRUSTED,MISSED,false,12
3,1757,PRE_REMEDIATION,Source: Commit Author/Email Spoofing,Case B: Unsigned Commit (Author Spoofed),ATTACK,UNOBSERVED,TRUSTED,MISSED,false,12
3,1759,PRE_REMEDIATION,Source: Commit Author/Email Spoofing,Case B: Unsigned Commit (Author Spoofed),ATTACK,UNOBSERVED,TRUSTED,MISSED,false,12
3,1761,PRE_REMEDIATION,Source: Commit Author/Email Spoofing,Case B: Unsigned Commit (Author Spoofed),ATTACK,UNOBSERVED,TRUSTED,MISSED,false,12
3,1763,PRE_REMEDIATION,Source: Commit Author/Email Spoofing,Case B: Unsigned Commit (Author Spoofed),ATTACK,UNOBSERVED,TRUSTED,MISSED,false,12
3,1765,PRE_REMEDIATION,Source: Commit Author/Email Spoofing,Case B: Unsigned Commit (Author Spoofed),ATTACK,UNOBSERVED,TRUSTED,MISSED,false,12
3,1767,PRE_REMEDIATION,Source: Commit Author/Email Spoofing,Case B: Unsigned Commit (Author Spoofed),ATTACK,UNOBSERVED,TRUSTED,MISSED,false,12
3,1769,PRE_REMEDIATION,Source: Commit Author/Email Spoofing,Case B: Unsigned Commit (Author Spoofed),ATTACK,UNOBSERVED,TRUSTED,MISSED,false,12
3,1771,PRE_REMEDIATION,Source: Commit Author/Email Spoofing,Case B: Unsigned Commit (Author Spoofed),ATTACK,UNOBSERVED,TRUSTED,MISSED,false,12
3,1773,PRE_REMEDIATION,Source: Commit Author/Email Spoofing,Case B: Unsigned Commit (Author Spoofed),ATTACK,UNOBSERVED,TRUSTED,MISSED,false,12
3,1775,PRE_REMEDIATION,Source: Commit Author/Email Spoofing,Case B: Unsigned Commit (Author Spoofed),ATTACK,UNOBSERVED,TRUSTED,MISSED,false,12
3,1777,PRE_REMEDIATION,Source: Commit Author/Email Spoofing,Case B: Unsigned Commit (Author Spoofed),ATTACK,UNOBSERVED,TRUSTED,MISSED,false,12
3,1779,PRE_REMEDIATION,Source: Commit Author/Email Spoofing,Case B: Unsigned Commit (Author Spoofed),ATTACK,UNOBSERVED,TRUSTED,MISSED,false,12
3,1781,PRE_REMEDIATION,Source: Commit Author/Email Spoofing,Case B: Unsigned Commit (Author Spoofed),ATTACK,UNOBSERVED,TRUSTED,MISSED,false,12
3,1783,PRE_REMEDIATION,Source: Commit Author/Email Spoofing,Case B: Unsigned Commit (Author Spoofed),ATTACK,UNOBSERVED,TRUSTED,MISSED,false,12
3,1785,PRE_REMEDIATION,Source: Commit Author/Email Spoofing,Case B: Unsigned Commit (Author Spoofed),ATTACK,UNOBSERVED,TRUSTED,MISSED,false,12
3,1787,PRE_REMEDIATION,Source: Commit Author/Email Spoofing,Case B: Unsigned Commit (Author Spoofed),ATTACK,UNOBSERVED,TRUSTED,MISSED,false,12
3,1789,PRE_REMEDIATION,Source: Commit Author/Email Spoofing,Case B: Unsigned Commit (Author Spoofed),ATTACK,UNOBSERVED,TRUSTED,MISSED,false,12
3,1791,PRE_REMEDIATION,Source: Commit Author/Email Spoofing,Case B: Unsigned Commit (Author Spoofed),ATTACK,UNOBSERVED,TRUSTED,MISSED,false,12
3,1793,PRE_REMEDIATION,Source: Commit Author/Email Spoofing,Case B: Unsigned Commit (Author Spoofed),ATTACK,UNOBSERVED,TRUSTED,MISSED,false,12
3,1795,PRE_REMEDIATION,Source: Commit Author/Email Spoofing,Case B: Unsigned Commit (Author Spoofed),ATTACK,UNOBSERVED,TRUSTED,MISSED,false,12
3,1797,PRE_REMEDIATION,Source: Commit Author/Email Spoofing,Case B: Unsigned Commit (Author Spoofed),ATTACK,UNOBSERVED,TRUSTED,MISSED,false,12
3,1799,PRE_REMEDIATION,Source: Commit Author/Email Spoofing,Case B: Unsigned Commit (Author Spoofed),ATTACK,UNOBSERVED,TRUSTED,MISSED,false,12
3,1801,PRE_REMEDIATION,Process: Short-Lived Subprocess (Polling Evasion),<1 ms,ATTACK,UNOBSERVED,TRUSTED,MISSED,false,12
3,1803,PRE_REMEDIATION,Process: Short-Lived Subprocess (Polling Evasion),1–5 ms,ATTACK,UNOBSERVED,TRUSTED,MISSED,false,12
3,1805,PRE_REMEDIATION,Process: Short-Lived Subprocess (Polling Evasion),5–10 ms,ATTACK,UNOBSERVED,TRUSTED,MISSED,false,12
3,1807,PRE_REMEDIATION,Process: Short-Lived Subprocess (Polling Evasion),<1 ms,ATTACK,UNOBSERVED,TRUSTED,MISSED,false,12
3,1809,PRE_REMEDIATION,Process: Short-Lived Subprocess (Polling Evasion),1–5 ms,ATTACK,UNOBSERVED,TRUSTED,MISSED,false,12
3,1811,PRE_REMEDIATION,Process: Short-Lived Subprocess (Polling Evasion),5–10 ms,ATTACK,UNOBSERVED,TRUSTED,MISSED,false,12
3,1813,PRE_REMEDIATION,Process: Short-Lived Subprocess (Polling Evasion),<1 ms,ATTACK,UNOBSERVED,TRUSTED,MISSED,false,12
3,1815,PRE_REMEDIATION,Process: Short-Lived Subprocess (Polling Evasion),1–5 ms,ATTACK,UNOBSERVED,TRUSTED,MISSED,false,12
3,1817,PRE_REMEDIATION,Process: Short-Lived Subprocess (Polling Evasion),5–10 ms,ATTACK,UNOBSERVED,TRUSTED,MISSED,false,12
3,1819,PRE_REMEDIATION,Process: Short-Lived Subprocess (Polling Evasion),<1 ms,ATTACK,UNOBSERVED,TRUSTED,MISSED,false,12
3,1821,PRE_REMEDIATION,Process: Short-Lived Subprocess (Polling Evasion),1–5 ms,ATTACK,UNOBSERVED,TRUSTED,MISSED,false,12
3,1823,PRE_REMEDIATION,Process: Short-Lived Subprocess (Polling Evasion),5–10 ms,ATTACK,UNOBSERVED,TRUSTED,MISSED,false,12
3,1825,PRE_REMEDIATION,Process: Short-Lived Subprocess (Polling Evasion),<1 ms,ATTACK,UNOBSERVED,TRUSTED,MISSED,false,12
3,1827,PRE_REMEDIATION,Process: Short-Lived Subprocess (Polling Evasion),1–5 ms,ATTACK,UNOBSERVED,TRUSTED,MISSED,false,12
3,1829,PRE_REMEDIATION,Process: Short-Lived Subprocess (Polling Evasion),5–10 ms,ATTACK,UNOBSERVED,TRUSTED,MISSED,false,12
3,1831,PRE_REMEDIATION,Process: Short-Lived Subprocess (Polling Evasion),<1 ms,ATTACK,UNOBSERVED,TRUSTED,MISSED,false,12
3,1833,PRE_REMEDIATION,Process: Short-Lived Subprocess (Polling Evasion),1–5 ms,ATTACK,UNOBSERVED,TRUSTED,MISSED,false,12
3,1835,PRE_REMEDIATION,Process: Short-Lived Subprocess (Polling Evasion),5–10 ms,ATTACK,UNOBSERVED,TRUSTED,MISSED,false,12
3,1837,PRE_REMEDIATION,Process: Short-Lived Subprocess (Polling Evasion),<1 ms,ATTACK,UNOBSERVED,TRUSTED,MISSED,false,12
3,1839,PRE_REMEDIATION,Process: Short-Lived Subprocess (Polling Evasion),1–5 ms,ATTACK,UNOBSERVED,TRUSTED,MISSED,false,12
3,1841,PRE_REMEDIATION,Process: Short-Lived Subprocess (Polling Evasion),5–10 ms,ATTACK,UNOBSERVED,TRUSTED,MISSED,false,12
3,1843,PRE_REMEDIATION,Process: Short-Lived Subprocess (Polling Evasion),<1 ms,ATTACK,UNOBSERVED,TRUSTED,MISSED,false,12
3,1845,PRE_REMEDIATION,Process: Short-Lived Subprocess (Polling Evasion),1–5 ms,ATTACK,UNOBSERVED,TRUSTED,MISSED,false,12
3,1847,PRE_REMEDIATION,Process: Short-Lived Subprocess (Polling Evasion),5–10 ms,ATTACK,UNOBSERVED,TRUSTED,MISSED,false,12
3,1849,PRE_REMEDIATION,Process: Short-Lived Subprocess (Polling Evasion),<1 ms,ATTACK,UNOBSERVED,TRUSTED,MISSED,false,12
3,1851,PRE_REMEDIATION,Process: Short-Lived Subprocess (Polling Evasion),1–5 ms,ATTACK,UNOBSERVED,TRUSTED,MISSED,false,12
3,1853,PRE_REMEDIATION,Process: Short-Lived Subprocess (Polling Evasion),5–10 ms,ATTACK,UNOBSERVED,TRUSTED,MISSED,false,12
3,1855,PRE_REMEDIATION,Process: Short-Lived Subprocess (Polling Evasion),<1 ms,ATTACK,UNOBSERVED,TRUSTED,MISSED,false,12
3,1857,PRE_REMEDIATION,Process: Short-Lived Subprocess (Polling Evasion),1–5 ms,ATTACK,UNOBSERVED,TRUSTED,MISSED,false,12
3,1859,PRE_REMEDIATION,Process: Short-Lived Subprocess (Polling Evasion),5–10 ms,ATTACK,UNOBSERVED,TRUSTED,MISSED,false,12
3,1861,PRE_REMEDIATION,Process: Short-Lived Subprocess (Polling Evasion),<1 ms,ATTACK,UNOBSERVED,TRUSTED,MISSED,false,12
3,1863,PRE_REMEDIATION,Process: Short-Lived Subprocess (Polling Evasion),1–5 ms,ATTACK,UNOBSERVED,TRUSTED,MISSED,false,12
3,1865,PRE_REMEDIATION,Process: Short-Lived Subprocess (Polling Evasion),5–10 ms,ATTACK,UNOBSERVED,TRUSTED,MISSED,false,12
3,1867,PRE_REMEDIATION,Process: Short-Lived Subprocess (Polling Evasion),<1 ms,ATTACK,UNOBSERVED,TRUSTED,MISSED,false,12
3,1869,PRE_REMEDIATION,Process: Short-Lived Subprocess (Polling Evasion),1–5 ms,ATTACK,UNOBSERVED,TRUSTED,MISSED,false,12
3,1871,PRE_REMEDIATION,Process: Short-Lived Subprocess (Polling Evasion),5–10 ms,ATTACK,UNOBSERVED,TRUSTED,MISSED,false,12
3,1873,PRE_REMEDIATION,Process: Short-Lived Subprocess (Polling Evasion),<1 ms,ATTACK,UNOBSERVED,TRUSTED,MISSED,false,12
3,1875,PRE_REMEDIATION,Process: Short-Lived Subprocess (Polling Evasion),1–5 ms,ATTACK,UNOBSERVED,TRUSTED,MISSED,false,12
3,1877,PRE_REMEDIATION,Process: Short-Lived Subprocess (Polling Evasion),5–10 ms,ATTACK,UNOBSERVED,TRUSTED,MISSED,false,12
3,1879,PRE_REMEDIATION,Process: Short-Lived Subprocess (Polling Evasion),<1 ms,ATTACK,UNOBSERVED,TRUSTED,MISSED,false,12
3,1881,PRE_REMEDIATION,Process: Short-Lived Subprocess (Polling Evasion),1–5 ms,ATTACK,UNOBSERVED,TRUSTED,MISSED,false,12
3,1883,PRE_REMEDIATION,Process: Short-Lived Subprocess (Polling Evasion),5–10 ms,ATTACK,UNOBSERVED,TRUSTED,MISSED,false,12
3,1885,PRE_REMEDIATION,Process: Short-Lived Subprocess (Polling Evasion),<1 ms,ATTACK,UNOBSERVED,TRUSTED,MISSED,false,12
3,1887,PRE_REMEDIATION,Process: Short-Lived Subprocess (Polling Evasion),1–5 ms,ATTACK,UNOBSERVED,TRUSTED,MISSED,false,12
3,1889,PRE_REMEDIATION,Process: Short-Lived Subprocess (Polling Evasion),5–10 ms,ATTACK,UNOBSERVED,TRUSTED,MISSED,false,12
3,1891,PRE_REMEDIATION,Process: Short-Lived Subprocess (Polling Evasion),<1 ms,ATTACK,UNOBSERVED,TRUSTED,MISSED,false,12
3,1893,PRE_REMEDIATION,Process: Short-Lived Subprocess (Polling Evasion),1–5 ms,ATTACK,UNOBSERVED,TRUSTED,MISSED,false,12
3,1895,PRE_REMEDIATION,Process: Short-Lived Subprocess (Polling Evasion),5–10 ms,ATTACK,UNOBSERVED,TRUSTED,MISSED,false,12
3,1897,PRE_REMEDIATION,Process: Short-Lived Subprocess (Polling Evasion),<1 ms,ATTACK,UNOBSERVED,TRUSTED,MISSED,false,12
3,1899,PRE_REMEDIATION,Process: Short-Lived Subprocess (Polling Evasion),1–5 ms,ATTACK,UNOBSERVED,TRUSTED,MISSED,false,12
3,1901,PRE_REMEDIATION,Process: Short-Lived Subprocess (Polling Evasion),5–10 ms,ATTACK,UNOBSERVED,TRUSTED,MISSED,false,12
3,1903,PRE_REMEDIATION,Process: Short-Lived Subprocess (Polling Evasion),<1 ms,ATTACK,UNOBSERVED,TRUSTED,MISSED,false,12
3,1905,PRE_REMEDIATION,Process: Short-Lived Subprocess (Polling Evasion),1–5 ms,ATTACK,UNOBSERVED,TRUSTED,MISSED,false,12
3,1907,PRE_REMEDIATION,Process: Short-Lived Subprocess (Polling Evasion),5–10 ms,ATTACK,UNOBSERVED,TRUSTED,MISSED,false,12
3,1909,PRE_REMEDIATION,Process: Short-Lived Subprocess (Polling Evasion),<1 ms,ATTACK,UNOBSERVED,TRUSTED,MISSED,false,12
3,1911,PRE_REMEDIATION,Process: Short-Lived Subprocess (Polling Evasion),1–5 ms,ATTACK,UNOBSERVED,TRUSTED,MISSED,false,12
3,1913,PRE_REMEDIATION,Process: Short-Lived Subprocess (Polling Evasion),5–10 ms,ATTACK,UNOBSERVED,TRUSTED,MISSED,false,12
3,1915,PRE_REMEDIATION,Process: Short-Lived Subprocess (Polling Evasion),<1 ms,ATTACK,UNOBSERVED,TRUSTED,MISSED,false,12
3,1917,PRE_REMEDIATION,Process: Short-Lived Subprocess (Polling Evasion),1–5 ms,ATTACK,UNOBSERVED,TRUSTED,MISSED,false,12
3,1919,PRE_REMEDIATION,Process: Short-Lived Subprocess (Polling Evasion),5–10 ms,ATTACK,UNOBSERVED,TRUSTED,MISSED,false,12
3,1921,PRE_REMEDIATION,Process: Short-Lived Subprocess (Polling Evasion),<1 ms,ATTACK,UNOBSERVED,TRUSTED,MISSED,false,12
3,1923,PRE_REMEDIATION,Process: Short-Lived Subprocess (Polling Evasion),1–5 ms,ATTACK,UNOBSERVED,TRUSTED,MISSED,false,12
3,1925,PRE_REMEDIATION,Process: Short-Lived Subprocess (Polling Evasion),5–10 ms,ATTACK,UNOBSERVED,TRUSTED,MISSED,false,12
3,1927,PRE_REMEDIATION,Process: Short-Lived Subprocess (Polling Evasion),<1 ms,ATTACK,UNOBSERVED,TRUSTED,MISSED,false,12
3,1929,PRE_REMEDIATION,Process: Short-Lived Subprocess (Polling Evasion),1–5 ms,ATTACK,UNOBSERVED,TRUSTED,MISSED,false,12
3,1931,PRE_REMEDIATION,Process: Short-Lived Subprocess (Polling Evasion),5–10 ms,ATTACK,UNOBSERVED,TRUSTED,MISSED,false,12
3,1933,PRE_REMEDIATION,Process: Short-Lived Subprocess (Polling Evasion),<1 ms,ATTACK,UNOBSERVED,TRUSTED,MISSED,false,12
3,1935,PRE_REMEDIATION,Process: Short-Lived Subprocess (Polling Evasion),1–5 ms,ATTACK,UNOBSERVED,TRUSTED,MISSED,false,12
3,1937,PRE_REMEDIATION,Process: Short-Lived Subprocess (Polling Evasion),5–10 ms,ATTACK,UNOBSERVED,TRUSTED,MISSED,false,12
3,1939,PRE_REMEDIATION,Process: Short-Lived Subprocess (Polling Evasion),<1 ms,ATTACK,UNOBSERVED,TRUSTED,MISSED,false,12
3,1941,PRE_REMEDIATION,Process: Short-Lived Subprocess (Polling Evasion),1–5 ms,ATTACK,UNOBSERVED,TRUSTED,MISSED,false,12
3,1943,PRE_REMEDIATION,Process: Short-Lived Subprocess (Polling Evasion),5–10 ms,ATTACK,UNOBSERVED,TRUSTED,MISSED,false,12
3,1945,PRE_REMEDIATION,Process: Short-Lived Subprocess (Polling Evasion),<1 ms,ATTACK,UNOBSERVED,TRUSTED,MISSED,false,12
3,1947,PRE_REMEDIATION,Process: Short-Lived Subprocess (Polling Evasion),1–5 ms,ATTACK,UNOBSERVED,TRUSTED,MISSED,false,12
3,1949,PRE_REMEDIATION,Process: Short-Lived Subprocess (Polling Evasion),5–10 ms,ATTACK,UNOBSERVED,TRUSTED,MISSED,false,12
3,1951,PRE_REMEDIATION,Process: Short-Lived Subprocess (Polling Evasion),<1 ms,ATTACK,UNOBSERVED,TRUSTED,MISSED,false,12
3,1953,PRE_REMEDIATION,Process: Short-Lived Subprocess (Polling Evasion),1–5 ms,ATTACK,UNOBSERVED,TRUSTED,MISSED,false,12
3,1955,PRE_REMEDIATION,Process: Short-Lived Subprocess (Polling Evasion),5–10 ms,ATTACK,UNOBSERVED,TRUSTED,MISSED,false,12
3,1957,PRE_REMEDIATION,Process: Short-Lived Subprocess (Polling Evasion),<1 ms,ATTACK,UNOBSERVED,TRUSTED,MISSED,false,12
3,1959,PRE_REMEDIATION,Process: Short-Lived Subprocess (Polling Evasion),1–5 ms,ATTACK,UNOBSERVED,TRUSTED,MISSED,false,12
3,1961,PRE_REMEDIATION,Process: Short-Lived Subprocess (Polling Evasion),5–10 ms,ATTACK,UNOBSERVED,TRUSTED,MISSED,false,12
3,1963,PRE_REMEDIATION,Process: Short-Lived Subprocess (Polling Evasion),<1 ms,ATTACK,UNOBSERVED,TRUSTED,MISSED,false,12
3,1965,PRE_REMEDIATION,Process: Short-Lived Subprocess (Polling Evasion),1–5 ms,ATTACK,UNOBSERVED,TRUSTED,MISSED,false,12
3,1967,PRE_REMEDIATION,Process: Short-Lived Subprocess (Polling Evasion),5–10 ms,ATTACK,UNOBSERVED,TRUSTED,MISSED,false,12
3,1969,PRE_REMEDIATION,Process: Short-Lived Subprocess (Polling Evasion),<1 ms,ATTACK,UNOBSERVED,TRUSTED,MISSED,false,12
3,1971,PRE_REMEDIATION,Process: Short-Lived Subprocess (Polling Evasion),1–5 ms,ATTACK,UNOBSERVED,TRUSTED,MISSED,false,12
3,1973,PRE_REMEDIATION,Process: Short-Lived Subprocess (Polling Evasion),5–10 ms,ATTACK,UNOBSERVED,TRUSTED,MISSED,false,12
3,1975,PRE_REMEDIATION,Process: Short-Lived Subprocess (Polling Evasion),<1 ms,ATTACK,UNOBSERVED,TRUSTED,MISSED,false,12
3,1977,PRE_REMEDIATION,Process: Short-Lived Subprocess (Polling Evasion),1–5 ms,ATTACK,UNOBSERVED,TRUSTED,MISSED,false,12
3,1979,PRE_REMEDIATION,Process: Short-Lived Subprocess (Polling Evasion),5–10 ms,ATTACK,UNOBSERVED,TRUSTED,MISSED,false,12
3,1981,PRE_REMEDIATION,Process: Short-Lived Subprocess (Polling Evasion),<1 ms,ATTACK,UNOBSERVED,TRUSTED,MISSED,false,12
3,1983,PRE_REMEDIATION,Process: Short-Lived Subprocess (Polling Evasion),1–5 ms,ATTACK,UNOBSERVED,TRUSTED,MISSED,false,12
3,1985,PRE_REMEDIATION,Process: Short-Lived Subprocess (Polling Evasion),5–10 ms,ATTACK,UNOBSERVED,TRUSTED,MISSED,false,12
3,1987,PRE_REMEDIATION,Process: Short-Lived Subprocess (Polling Evasion),<1 ms,ATTACK,UNOBSERVED,TRUSTED,MISSED,false,12
3,1989,PRE_REMEDIATION,Process: Short-Lived Subprocess (Polling Evasion),1–5 ms,ATTACK,UNOBSERVED,TRUSTED,MISSED,false,12
3,1991,PRE_REMEDIATION,Process: Short-Lived Subprocess (Polling Evasion),5–10 ms,ATTACK,UNOBSERVED,TRUSTED,MISSED,false,12
3,1993,PRE_REMEDIATION,Process: Short-Lived Subprocess (Polling Evasion),<1 ms,ATTACK,UNOBSERVED,TRUSTED,MISSED,false,12
3,1995,PRE_REMEDIATION,Process: Short-Lived Subprocess (Polling Evasion),1–5 ms,ATTACK,UNOBSERVED,TRUSTED,MISSED,false,12
3,1997,PRE_REMEDIATION,Process: Short-Lived Subprocess (Polling Evasion),5–10 ms,ATTACK,UNOBSERVED,TRUSTED,MISSED,false,12
3,1999,PRE_REMEDIATION,Process: Short-Lived Subprocess (Polling Evasion),<1 ms,ATTACK,UNOBSERVED,TRUSTED,MISSED,false,12
3,2001,PRE_REMEDIATION,Filesystem: Boundary Escape (/tmp or %TEMP%),2. %TEMP% Directory,ATTACK,UNOBSERVED,TRUSTED,MISSED,false,15
3,2003,PRE_REMEDIATION,Filesystem: Boundary Escape (/tmp or %TEMP%),3. User Profile Temp,ATTACK,UNOBSERVED,TRUSTED,MISSED,false,15
3,2005,PRE_REMEDIATION,Filesystem: Boundary Escape (/tmp or %TEMP%),4. Unconfigured Directory,ATTACK,UNOBSERVED,TRUSTED,MISSED,false,15
3,2007,PRE_REMEDIATION,Filesystem: Boundary Escape (/tmp or %TEMP%),5. System Directory,ATTACK,UNOBSERVED,TRUSTED,MISSED,false,15
3,2009,PRE_REMEDIATION,Filesystem: Boundary Escape (/tmp or %TEMP%),2. %TEMP% Directory,ATTACK,UNOBSERVED,TRUSTED,MISSED,false,15
3,2011,PRE_REMEDIATION,Filesystem: Boundary Escape (/tmp or %TEMP%),3. User Profile Temp,ATTACK,UNOBSERVED,TRUSTED,MISSED,false,15
3,2013,PRE_REMEDIATION,Filesystem: Boundary Escape (/tmp or %TEMP%),4. Unconfigured Directory,ATTACK,UNOBSERVED,TRUSTED,MISSED,false,15
3,2015,PRE_REMEDIATION,Filesystem: Boundary Escape (/tmp or %TEMP%),5. System Directory,ATTACK,UNOBSERVED,TRUSTED,MISSED,false,15
3,2017,PRE_REMEDIATION,Filesystem: Boundary Escape (/tmp or %TEMP%),2. %TEMP% Directory,ATTACK,UNOBSERVED,TRUSTED,MISSED,false,15
3,2019,PRE_REMEDIATION,Filesystem: Boundary Escape (/tmp or %TEMP%),3. User Profile Temp,ATTACK,UNOBSERVED,TRUSTED,MISSED,false,15
3,2021,PRE_REMEDIATION,Filesystem: Boundary Escape (/tmp or %TEMP%),4. Unconfigured Directory,ATTACK,UNOBSERVED,TRUSTED,MISSED,false,15
3,2023,PRE_REMEDIATION,Filesystem: Boundary Escape (/tmp or %TEMP%),5. System Directory,ATTACK,UNOBSERVED,TRUSTED,MISSED,false,15
3,2025,PRE_REMEDIATION,Filesystem: Boundary Escape (/tmp or %TEMP%),2. %TEMP% Directory,ATTACK,UNOBSERVED,TRUSTED,MISSED,false,15
3,2027,PRE_REMEDIATION,Filesystem: Boundary Escape (/tmp or %TEMP%),3. User Profile Temp,ATTACK,UNOBSERVED,TRUSTED,MISSED,false,15
3,2029,PRE_REMEDIATION,Filesystem: Boundary Escape (/tmp or %TEMP%),4. Unconfigured Directory,ATTACK,UNOBSERVED,TRUSTED,MISSED,false,15
3,2031,PRE_REMEDIATION,Filesystem: Boundary Escape (/tmp or %TEMP%),5. System Directory,ATTACK,UNOBSERVED,TRUSTED,MISSED,false,15
3,2033,PRE_REMEDIATION,Filesystem: Boundary Escape (/tmp or %TEMP%),2. %TEMP% Directory,ATTACK,UNOBSERVED,TRUSTED,MISSED,false,15
3,2035,PRE_REMEDIATION,Filesystem: Boundary Escape (/tmp or %TEMP%),3. User Profile Temp,ATTACK,UNOBSERVED,TRUSTED,MISSED,false,15
3,2037,PRE_REMEDIATION,Filesystem: Boundary Escape (/tmp or %TEMP%),4. Unconfigured Directory,ATTACK,UNOBSERVED,TRUSTED,MISSED,false,15
3,2039,PRE_REMEDIATION,Filesystem: Boundary Escape (/tmp or %TEMP%),5. System Directory,ATTACK,UNOBSERVED,TRUSTED,MISSED,false,15
3,2041,PRE_REMEDIATION,Filesystem: Boundary Escape (/tmp or %TEMP%),2. %TEMP% Directory,ATTACK,UNOBSERVED,TRUSTED,MISSED,false,15
3,2043,PRE_REMEDIATION,Filesystem: Boundary Escape (/tmp or %TEMP%),3. User Profile Temp,ATTACK,UNOBSERVED,TRUSTED,MISSED,false,15
3,2045,PRE_REMEDIATION,Filesystem: Boundary Escape (/tmp or %TEMP%),4. Unconfigured Directory,ATTACK,UNOBSERVED,TRUSTED,MISSED,false,15
3,2047,PRE_REMEDIATION,Filesystem: Boundary Escape (/tmp or %TEMP%),5. System Directory,ATTACK,UNOBSERVED,TRUSTED,MISSED,false,15
3,2049,PRE_REMEDIATION,Filesystem: Boundary Escape (/tmp or %TEMP%),2. %TEMP% Directory,ATTACK,UNOBSERVED,TRUSTED,MISSED,false,15
3,2051,PRE_REMEDIATION,Filesystem: Boundary Escape (/tmp or %TEMP%),3. User Profile Temp,ATTACK,UNOBSERVED,TRUSTED,MISSED,false,15
3,2053,PRE_REMEDIATION,Filesystem: Boundary Escape (/tmp or %TEMP%),4. Unconfigured Directory,ATTACK,UNOBSERVED,TRUSTED,MISSED,false,15
3,2055,PRE_REMEDIATION,Filesystem: Boundary Escape (/tmp or %TEMP%),5. System Directory,ATTACK,UNOBSERVED,TRUSTED,MISSED,false,15
3,2057,PRE_REMEDIATION,Filesystem: Boundary Escape (/tmp or %TEMP%),2. %TEMP% Directory,ATTACK,UNOBSERVED,TRUSTED,MISSED,false,15
3,2059,PRE_REMEDIATION,Filesystem: Boundary Escape (/tmp or %TEMP%),3. User Profile Temp,ATTACK,UNOBSERVED,TRUSTED,MISSED,false,15
3,2061,PRE_REMEDIATION,Filesystem: Boundary Escape (/tmp or %TEMP%),4. Unconfigured Directory,ATTACK,UNOBSERVED,TRUSTED,MISSED,false,15
3,2063,PRE_REMEDIATION,Filesystem: Boundary Escape (/tmp or %TEMP%),5. System Directory,ATTACK,UNOBSERVED,TRUSTED,MISSED,false,15
3,2065,PRE_REMEDIATION,Filesystem: Boundary Escape (/tmp or %TEMP%),2. %TEMP% Directory,ATTACK,UNOBSERVED,TRUSTED,MISSED,false,15
3,2067,PRE_REMEDIATION,Filesystem: Boundary Escape (/tmp or %TEMP%),3. User Profile Temp,ATTACK,UNOBSERVED,TRUSTED,MISSED,false,15
3,2069,PRE_REMEDIATION,Filesystem: Boundary Escape (/tmp or %TEMP%),4. Unconfigured Directory,ATTACK,UNOBSERVED,TRUSTED,MISSED,false,15
3,2071,PRE_REMEDIATION,Filesystem: Boundary Escape (/tmp or %TEMP%),5. System Directory,ATTACK,UNOBSERVED,TRUSTED,MISSED,false,15
3,2073,PRE_REMEDIATION,Filesystem: Boundary Escape (/tmp or %TEMP%),2. %TEMP% Directory,ATTACK,UNOBSERVED,TRUSTED,MISSED,false,15
3,2075,PRE_REMEDIATION,Filesystem: Boundary Escape (/tmp or %TEMP%),3. User Profile Temp,ATTACK,UNOBSERVED,TRUSTED,MISSED,false,15
3,2077,PRE_REMEDIATION,Filesystem: Boundary Escape (/tmp or %TEMP%),4. Unconfigured Directory,ATTACK,UNOBSERVED,TRUSTED,MISSED,false,15
3,2079,PRE_REMEDIATION,Filesystem: Boundary Escape (/tmp or %TEMP%),5. System Directory,ATTACK,UNOBSERVED,TRUSTED,MISSED,false,15
3,2081,PRE_REMEDIATION,Filesystem: Boundary Escape (/tmp or %TEMP%),2. %TEMP% Directory,ATTACK,UNOBSERVED,TRUSTED,MISSED,false,15
3,2083,PRE_REMEDIATION,Filesystem: Boundary Escape (/tmp or %TEMP%),3. User Profile Temp,ATTACK,UNOBSERVED,TRUSTED,MISSED,false,15
3,2085,PRE_REMEDIATION,Filesystem: Boundary Escape (/tmp or %TEMP%),4. Unconfigured Directory,ATTACK,UNOBSERVED,TRUSTED,MISSED,false,15
3,2087,PRE_REMEDIATION,Filesystem: Boundary Escape (/tmp or %TEMP%),5. System Directory,ATTACK,UNOBSERVED,TRUSTED,MISSED,false,15
3,2089,PRE_REMEDIATION,Filesystem: Boundary Escape (/tmp or %TEMP%),2. %TEMP% Directory,ATTACK,UNOBSERVED,TRUSTED,MISSED,false,15
3,2091,PRE_REMEDIATION,Filesystem: Boundary Escape (/tmp or %TEMP%),3. User Profile Temp,ATTACK,UNOBSERVED,TRUSTED,MISSED,false,15
3,2093,PRE_REMEDIATION,Filesystem: Boundary Escape (/tmp or %TEMP%),4. Unconfigured Directory,ATTACK,UNOBSERVED,TRUSTED,MISSED,false,15
3,2095,PRE_REMEDIATION,Filesystem: Boundary Escape (/tmp or %TEMP%),5. System Directory,ATTACK,UNOBSERVED,TRUSTED,MISSED,false,15
3,2097,PRE_REMEDIATION,Filesystem: Boundary Escape (/tmp or %TEMP%),2. %TEMP% Directory,ATTACK,UNOBSERVED,TRUSTED,MISSED,false,15
3,2099,PRE_REMEDIATION,Filesystem: Boundary Escape (/tmp or %TEMP%),3. User Profile Temp,ATTACK,UNOBSERVED,TRUSTED,MISSED,false,15
3,2101,PRE_REMEDIATION,Filesystem: Boundary Escape (/tmp or %TEMP%),4. Unconfigured Directory,ATTACK,UNOBSERVED,TRUSTED,MISSED,false,15
3,2103,PRE_REMEDIATION,Filesystem: Boundary Escape (/tmp or %TEMP%),5. System Directory,ATTACK,UNOBSERVED,TRUSTED,MISSED,false,15
3,2105,PRE_REMEDIATION,Filesystem: Boundary Escape (/tmp or %TEMP%),2. %TEMP% Directory,ATTACK,UNOBSERVED,TRUSTED,MISSED,false,15
3,2107,PRE_REMEDIATION,Filesystem: Boundary Escape (/tmp or %TEMP%),3. User Profile Temp,ATTACK,UNOBSERVED,TRUSTED,MISSED,false,15
3,2109,PRE_REMEDIATION,Filesystem: Boundary Escape (/tmp or %TEMP%),4. Unconfigured Directory,ATTACK,UNOBSERVED,TRUSTED,MISSED,false,15
3,2111,PRE_REMEDIATION,Filesystem: Boundary Escape (/tmp or %TEMP%),5. System Directory,ATTACK,UNOBSERVED,TRUSTED,MISSED,false,15
3,2113,PRE_REMEDIATION,Filesystem: Boundary Escape (/tmp or %TEMP%),2. %TEMP% Directory,ATTACK,UNOBSERVED,TRUSTED,MISSED,false,15
3,2115,PRE_REMEDIATION,Filesystem: Boundary Escape (/tmp or %TEMP%),3. User Profile Temp,ATTACK,UNOBSERVED,TRUSTED,MISSED,false,15
3,2117,PRE_REMEDIATION,Filesystem: Boundary Escape (/tmp or %TEMP%),4. Unconfigured Directory,ATTACK,UNOBSERVED,TRUSTED,MISSED,false,15
3,2119,PRE_REMEDIATION,Filesystem: Boundary Escape (/tmp or %TEMP%),5. System Directory,ATTACK,UNOBSERVED,TRUSTED,MISSED,false,15
3,2121,PRE_REMEDIATION,Filesystem: Boundary Escape (/tmp or %TEMP%),2. %TEMP% Directory,ATTACK,UNOBSERVED,TRUSTED,MISSED,false,15
3,2123,PRE_REMEDIATION,Filesystem: Boundary Escape (/tmp or %TEMP%),3. User Profile Temp,ATTACK,UNOBSERVED,TRUSTED,MISSED,false,15
3,2125,PRE_REMEDIATION,Filesystem: Boundary Escape (/tmp or %TEMP%),4. Unconfigured Directory,ATTACK,UNOBSERVED,TRUSTED,MISSED,false,15
3,2127,PRE_REMEDIATION,Filesystem: Boundary Escape (/tmp or %TEMP%),5. System Directory,ATTACK,UNOBSERVED,TRUSTED,MISSED,false,15
3,2129,PRE_REMEDIATION,Filesystem: Boundary Escape (/tmp or %TEMP%),2. %TEMP% Directory,ATTACK,UNOBSERVED,TRUSTED,MISSED,false,15
3,2131,PRE_REMEDIATION,Filesystem: Boundary Escape (/tmp or %TEMP%),3. User Profile Temp,ATTACK,UNOBSERVED,TRUSTED,MISSED,false,15
3,2133,PRE_REMEDIATION,Filesystem: Boundary Escape (/tmp or %TEMP%),4. Unconfigured Directory,ATTACK,UNOBSERVED,TRUSTED,MISSED,false,15
3,2135,PRE_REMEDIATION,Filesystem: Boundary Escape (/tmp or %TEMP%),5. System Directory,ATTACK,UNOBSERVED,TRUSTED,MISSED,false,15
3,2137,PRE_REMEDIATION,Filesystem: Boundary Escape (/tmp or %TEMP%),2. %TEMP% Directory,ATTACK,UNOBSERVED,TRUSTED,MISSED,false,15
3,2139,PRE_REMEDIATION,Filesystem: Boundary Escape (/tmp or %TEMP%),3. User Profile Temp,ATTACK,UNOBSERVED,TRUSTED,MISSED,false,15
3,2141,PRE_REMEDIATION,Filesystem: Boundary Escape (/tmp or %TEMP%),4. Unconfigured Directory,ATTACK,UNOBSERVED,TRUSTED,MISSED,false,15
3,2143,PRE_REMEDIATION,Filesystem: Boundary Escape (/tmp or %TEMP%),5. System Directory,ATTACK,UNOBSERVED,TRUSTED,MISSED,false,15
3,2145,PRE_REMEDIATION,Filesystem: Boundary Escape (/tmp or %TEMP%),2. %TEMP% Directory,ATTACK,UNOBSERVED,TRUSTED,MISSED,false,15
3,2147,PRE_REMEDIATION,Filesystem: Boundary Escape (/tmp or %TEMP%),3. User Profile Temp,ATTACK,UNOBSERVED,TRUSTED,MISSED,false,15
3,2149,PRE_REMEDIATION,Filesystem: Boundary Escape (/tmp or %TEMP%),4. Unconfigured Directory,ATTACK,UNOBSERVED,TRUSTED,MISSED,false,15
3,2151,PRE_REMEDIATION,Filesystem: Boundary Escape (/tmp or %TEMP%),5. System Directory,ATTACK,UNOBSERVED,TRUSTED,MISSED,false,15
3,2153,PRE_REMEDIATION,Filesystem: Boundary Escape (/tmp or %TEMP%),2. %TEMP% Directory,ATTACK,UNOBSERVED,TRUSTED,MISSED,false,15
3,2155,PRE_REMEDIATION,Filesystem: Boundary Escape (/tmp or %TEMP%),3. User Profile Temp,ATTACK,UNOBSERVED,TRUSTED,MISSED,false,15
3,2157,PRE_REMEDIATION,Filesystem: Boundary Escape (/tmp or %TEMP%),4. Unconfigured Directory,ATTACK,UNOBSERVED,TRUSTED,MISSED,false,15
3,2159,PRE_REMEDIATION,Filesystem: Boundary Escape (/tmp or %TEMP%),5. System Directory,ATTACK,UNOBSERVED,TRUSTED,MISSED,false,15
3,2161,PRE_REMEDIATION,Filesystem: Boundary Escape (/tmp or %TEMP%),2. %TEMP% Directory,ATTACK,UNOBSERVED,TRUSTED,MISSED,false,15
3,2163,PRE_REMEDIATION,Filesystem: Boundary Escape (/tmp or %TEMP%),3. User Profile Temp,ATTACK,UNOBSERVED,TRUSTED,MISSED,false,15
3,2165,PRE_REMEDIATION,Filesystem: Boundary Escape (/tmp or %TEMP%),4. Unconfigured Directory,ATTACK,UNOBSERVED,TRUSTED,MISSED,false,15
3,2167,PRE_REMEDIATION,Filesystem: Boundary Escape (/tmp or %TEMP%),5. System Directory,ATTACK,UNOBSERVED,TRUSTED,MISSED,false,15
3,2169,PRE_REMEDIATION,Filesystem: Boundary Escape (/tmp or %TEMP%),2. %TEMP% Directory,ATTACK,UNOBSERVED,TRUSTED,MISSED,false,15
3,2171,PRE_REMEDIATION,Filesystem: Boundary Escape (/tmp or %TEMP%),3. User Profile Temp,ATTACK,UNOBSERVED,TRUSTED,MISSED,false,15
3,2173,PRE_REMEDIATION,Filesystem: Boundary Escape (/tmp or %TEMP%),4. Unconfigured Directory,ATTACK,UNOBSERVED,TRUSTED,MISSED,false,15
3,2175,PRE_REMEDIATION,Filesystem: Boundary Escape (/tmp or %TEMP%),5. System Directory,ATTACK,UNOBSERVED,TRUSTED,MISSED,false,15
3,2177,PRE_REMEDIATION,Filesystem: Boundary Escape (/tmp or %TEMP%),2. %TEMP% Directory,ATTACK,UNOBSERVED,TRUSTED,MISSED,false,15
3,2179,PRE_REMEDIATION,Filesystem: Boundary Escape (/tmp or %TEMP%),3. User Profile Temp,ATTACK,UNOBSERVED,TRUSTED,MISSED,false,15
3,2181,PRE_REMEDIATION,Filesystem: Boundary Escape (/tmp or %TEMP%),4. Unconfigured Directory,ATTACK,UNOBSERVED,TRUSTED,MISSED,false,15
3,2183,PRE_REMEDIATION,Filesystem: Boundary Escape (/tmp or %TEMP%),5. System Directory,ATTACK,UNOBSERVED,TRUSTED,MISSED,false,15
3,2185,PRE_REMEDIATION,Filesystem: Boundary Escape (/tmp or %TEMP%),2. %TEMP% Directory,ATTACK,UNOBSERVED,TRUSTED,MISSED,false,15
3,2187,PRE_REMEDIATION,Filesystem: Boundary Escape (/tmp or %TEMP%),3. User Profile Temp,ATTACK,UNOBSERVED,TRUSTED,MISSED,false,15
3,2189,PRE_REMEDIATION,Filesystem: Boundary Escape (/tmp or %TEMP%),4. Unconfigured Directory,ATTACK,UNOBSERVED,TRUSTED,MISSED,false,15
3,2191,PRE_REMEDIATION,Filesystem: Boundary Escape (/tmp or %TEMP%),5. System Directory,ATTACK,UNOBSERVED,TRUSTED,MISSED,false,15
3,2193,PRE_REMEDIATION,Filesystem: Boundary Escape (/tmp or %TEMP%),2. %TEMP% Directory,ATTACK,UNOBSERVED,TRUSTED,MISSED,false,15
3,2195,PRE_REMEDIATION,Filesystem: Boundary Escape (/tmp or %TEMP%),3. User Profile Temp,ATTACK,UNOBSERVED,TRUSTED,MISSED,false,15
3,2197,PRE_REMEDIATION,Filesystem: Boundary Escape (/tmp or %TEMP%),4. Unconfigured Directory,ATTACK,UNOBSERVED,TRUSTED,MISSED,false,15
3,2199,PRE_REMEDIATION,Filesystem: Boundary Escape (/tmp or %TEMP%),5. System Directory,ATTACK,UNOBSERVED,TRUSTED,MISSED,false,15
3,2201,PRE_REMEDIATION,Network: Ephemeral UDP/DNS Exfiltration,3. Unauthorized DNS TXT Exfiltration,ATTACK,UNOBSERVED,TRUSTED,MISSED,false,14
3,2203,PRE_REMEDIATION,Network: Ephemeral UDP/DNS Exfiltration,4. Stateless UDP Socket Egress,ATTACK,UNOBSERVED,TRUSTED,MISSED,false,14
3,2205,PRE_REMEDIATION,Network: Ephemeral UDP/DNS Exfiltration,3. Unauthorized DNS TXT Exfiltration,ATTACK,UNOBSERVED,TRUSTED,MISSED,false,14
3,2207,PRE_REMEDIATION,Network: Ephemeral UDP/DNS Exfiltration,4. Stateless UDP Socket Egress,ATTACK,UNOBSERVED,TRUSTED,MISSED,false,14
3,2209,PRE_REMEDIATION,Network: Ephemeral UDP/DNS Exfiltration,3. Unauthorized DNS TXT Exfiltration,ATTACK,UNOBSERVED,TRUSTED,MISSED,false,14
3,2211,PRE_REMEDIATION,Network: Ephemeral UDP/DNS Exfiltration,4. Stateless UDP Socket Egress,ATTACK,UNOBSERVED,TRUSTED,MISSED,false,14
3,2213,PRE_REMEDIATION,Network: Ephemeral UDP/DNS Exfiltration,3. Unauthorized DNS TXT Exfiltration,ATTACK,UNOBSERVED,TRUSTED,MISSED,false,14
3,2215,PRE_REMEDIATION,Network: Ephemeral UDP/DNS Exfiltration,4. Stateless UDP Socket Egress,ATTACK,UNOBSERVED,TRUSTED,MISSED,false,14
3,2217,PRE_REMEDIATION,Network: Ephemeral UDP/DNS Exfiltration,3. Unauthorized DNS TXT Exfiltration,ATTACK,UNOBSERVED,TRUSTED,MISSED,false,14
3,2219,PRE_REMEDIATION,Network: Ephemeral UDP/DNS Exfiltration,4. Stateless UDP Socket Egress,ATTACK,UNOBSERVED,TRUSTED,MISSED,false,14
3,2221,PRE_REMEDIATION,Network: Ephemeral UDP/DNS Exfiltration,3. Unauthorized DNS TXT Exfiltration,ATTACK,UNOBSERVED,TRUSTED,MISSED,false,14
3,2223,PRE_REMEDIATION,Network: Ephemeral UDP/DNS Exfiltration,4. Stateless UDP Socket Egress,ATTACK,UNOBSERVED,TRUSTED,MISSED,false,14
3,2225,PRE_REMEDIATION,Network: Ephemeral UDP/DNS Exfiltration,3. Unauthorized DNS TXT Exfiltration,ATTACK,UNOBSERVED,TRUSTED,MISSED,false,14
3,2227,PRE_REMEDIATION,Network: Ephemeral UDP/DNS Exfiltration,4. Stateless UDP Socket Egress,ATTACK,UNOBSERVED,TRUSTED,MISSED,false,14
3,2229,PRE_REMEDIATION,Network: Ephemeral UDP/DNS Exfiltration,3. Unauthorized DNS TXT Exfiltration,ATTACK,UNOBSERVED,TRUSTED,MISSED,false,14
3,2231,PRE_REMEDIATION,Network: Ephemeral UDP/DNS Exfiltration,4. Stateless UDP Socket Egress,ATTACK,UNOBSERVED,TRUSTED,MISSED,false,14
3,2233,PRE_REMEDIATION,Network: Ephemeral UDP/DNS Exfiltration,3. Unauthorized DNS TXT Exfiltration,ATTACK,UNOBSERVED,TRUSTED,MISSED,false,14
3,2235,PRE_REMEDIATION,Network: Ephemeral UDP/DNS Exfiltration,4. Stateless UDP Socket Egress,ATTACK,UNOBSERVED,TRUSTED,MISSED,false,14
3,2237,PRE_REMEDIATION,Network: Ephemeral UDP/DNS Exfiltration,3. Unauthorized DNS TXT Exfiltration,ATTACK,UNOBSERVED,TRUSTED,MISSED,false,14
3,2239,PRE_REMEDIATION,Network: Ephemeral UDP/DNS Exfiltration,4. Stateless UDP Socket Egress,ATTACK,UNOBSERVED,TRUSTED,MISSED,false,14
3,2241,PRE_REMEDIATION,Network: Ephemeral UDP/DNS Exfiltration,3. Unauthorized DNS TXT Exfiltration,ATTACK,UNOBSERVED,TRUSTED,MISSED,false,14
3,2243,PRE_REMEDIATION,Network: Ephemeral UDP/DNS Exfiltration,4. Stateless UDP Socket Egress,ATTACK,UNOBSERVED,TRUSTED,MISSED,false,14
3,2245,PRE_REMEDIATION,Network: Ephemeral UDP/DNS Exfiltration,3. Unauthorized DNS TXT Exfiltration,ATTACK,UNOBSERVED,TRUSTED,MISSED,false,14
3,2247,PRE_REMEDIATION,Network: Ephemeral UDP/DNS Exfiltration,4. Stateless UDP Socket Egress,ATTACK,UNOBSERVED,TRUSTED,MISSED,false,14
3,2249,PRE_REMEDIATION,Network: Ephemeral UDP/DNS Exfiltration,3. Unauthorized DNS TXT Exfiltration,ATTACK,UNOBSERVED,TRUSTED,MISSED,false,14
3,2251,PRE_REMEDIATION,Network: Ephemeral UDP/DNS Exfiltration,4. Stateless UDP Socket Egress,ATTACK,UNOBSERVED,TRUSTED,MISSED,false,14
3,2253,PRE_REMEDIATION,Network: Ephemeral UDP/DNS Exfiltration,3. Unauthorized DNS TXT Exfiltration,ATTACK,UNOBSERVED,TRUSTED,MISSED,false,14
3,2255,PRE_REMEDIATION,Network: Ephemeral UDP/DNS Exfiltration,4. Stateless UDP Socket Egress,ATTACK,UNOBSERVED,TRUSTED,MISSED,false,14
3,2257,PRE_REMEDIATION,Network: Ephemeral UDP/DNS Exfiltration,3. Unauthorized DNS TXT Exfiltration,ATTACK,UNOBSERVED,TRUSTED,MISSED,false,14
3,2259,PRE_REMEDIATION,Network: Ephemeral UDP/DNS Exfiltration,4. Stateless UDP Socket Egress,ATTACK,UNOBSERVED,TRUSTED,MISSED,false,14
3,2261,PRE_REMEDIATION,Network: Ephemeral UDP/DNS Exfiltration,3. Unauthorized DNS TXT Exfiltration,ATTACK,UNOBSERVED,TRUSTED,MISSED,false,14
3,2263,PRE_REMEDIATION,Network: Ephemeral UDP/DNS Exfiltration,4. Stateless UDP Socket Egress,ATTACK,UNOBSERVED,TRUSTED,MISSED,false,14
3,2265,PRE_REMEDIATION,Network: Ephemeral UDP/DNS Exfiltration,3. Unauthorized DNS TXT Exfiltration,ATTACK,UNOBSERVED,TRUSTED,MISSED,false,14
3,2267,PRE_REMEDIATION,Network: Ephemeral UDP/DNS Exfiltration,4. Stateless UDP Socket Egress,ATTACK,UNOBSERVED,TRUSTED,MISSED,false,14
3,2269,PRE_REMEDIATION,Network: Ephemeral UDP/DNS Exfiltration,3. Unauthorized DNS TXT Exfiltration,ATTACK,UNOBSERVED,TRUSTED,MISSED,false,14
3,2271,PRE_REMEDIATION,Network: Ephemeral UDP/DNS Exfiltration,4. Stateless UDP Socket Egress,ATTACK,UNOBSERVED,TRUSTED,MISSED,false,14
3,2273,PRE_REMEDIATION,Network: Ephemeral UDP/DNS Exfiltration,3. Unauthorized DNS TXT Exfiltration,ATTACK,UNOBSERVED,TRUSTED,MISSED,false,14
3,2275,PRE_REMEDIATION,Network: Ephemeral UDP/DNS Exfiltration,4. Stateless UDP Socket Egress,ATTACK,UNOBSERVED,TRUSTED,MISSED,false,14
3,2277,PRE_REMEDIATION,Network: Ephemeral UDP/DNS Exfiltration,3. Unauthorized DNS TXT Exfiltration,ATTACK,UNOBSERVED,TRUSTED,MISSED,false,14
3,2279,PRE_REMEDIATION,Network: Ephemeral UDP/DNS Exfiltration,4. Stateless UDP Socket Egress,ATTACK,UNOBSERVED,TRUSTED,MISSED,false,14
3,2281,PRE_REMEDIATION,Network: Ephemeral UDP/DNS Exfiltration,3. Unauthorized DNS TXT Exfiltration,ATTACK,UNOBSERVED,TRUSTED,MISSED,false,14
3,2283,PRE_REMEDIATION,Network: Ephemeral UDP/DNS Exfiltration,4. Stateless UDP Socket Egress,ATTACK,UNOBSERVED,TRUSTED,MISSED,false,14
3,2285,PRE_REMEDIATION,Network: Ephemeral UDP/DNS Exfiltration,3. Unauthorized DNS TXT Exfiltration,ATTACK,UNOBSERVED,TRUSTED,MISSED,false,14
3,2287,PRE_REMEDIATION,Network: Ephemeral UDP/DNS Exfiltration,4. Stateless UDP Socket Egress,ATTACK,UNOBSERVED,TRUSTED,MISSED,false,14
3,2289,PRE_REMEDIATION,Network: Ephemeral UDP/DNS Exfiltration,3. Unauthorized DNS TXT Exfiltration,ATTACK,UNOBSERVED,TRUSTED,MISSED,false,14
3,2291,PRE_REMEDIATION,Network: Ephemeral UDP/DNS Exfiltration,4. Stateless UDP Socket Egress,ATTACK,UNOBSERVED,TRUSTED,MISSED,false,14
3,2293,PRE_REMEDIATION,Network: Ephemeral UDP/DNS Exfiltration,3. Unauthorized DNS TXT Exfiltration,ATTACK,UNOBSERVED,TRUSTED,MISSED,false,14
3,2295,PRE_REMEDIATION,Network: Ephemeral UDP/DNS Exfiltration,4. Stateless UDP Socket Egress,ATTACK,UNOBSERVED,TRUSTED,MISSED,false,14
3,2297,PRE_REMEDIATION,Network: Ephemeral UDP/DNS Exfiltration,3. Unauthorized DNS TXT Exfiltration,ATTACK,UNOBSERVED,TRUSTED,MISSED,false,14
3,2299,PRE_REMEDIATION,Network: Ephemeral UDP/DNS Exfiltration,4. Stateless UDP Socket Egress,ATTACK,UNOBSERVED,TRUSTED,MISSED,false,14
3,2301,PRE_REMEDIATION,Network: Ephemeral UDP/DNS Exfiltration,3. Unauthorized DNS TXT Exfiltration,ATTACK,UNOBSERVED,TRUSTED,MISSED,false,14
3,2303,PRE_REMEDIATION,Network: Ephemeral UDP/DNS Exfiltration,4. Stateless UDP Socket Egress,ATTACK,UNOBSERVED,TRUSTED,MISSED,false,14
3,2305,PRE_REMEDIATION,Network: Ephemeral UDP/DNS Exfiltration,3. Unauthorized DNS TXT Exfiltration,ATTACK,UNOBSERVED,TRUSTED,MISSED,false,14
3,2307,PRE_REMEDIATION,Network: Ephemeral UDP/DNS Exfiltration,4. Stateless UDP Socket Egress,ATTACK,UNOBSERVED,TRUSTED,MISSED,false,14
3,2309,PRE_REMEDIATION,Network: Ephemeral UDP/DNS Exfiltration,3. Unauthorized DNS TXT Exfiltration,ATTACK,UNOBSERVED,TRUSTED,MISSED,false,14
3,2311,PRE_REMEDIATION,Network: Ephemeral UDP/DNS Exfiltration,4. Stateless UDP Socket Egress,ATTACK,UNOBSERVED,TRUSTED,MISSED,false,14
3,2313,PRE_REMEDIATION,Network: Ephemeral UDP/DNS Exfiltration,3. Unauthorized DNS TXT Exfiltration,ATTACK,UNOBSERVED,TRUSTED,MISSED,false,14
3,2315,PRE_REMEDIATION,Network: Ephemeral UDP/DNS Exfiltration,4. Stateless UDP Socket Egress,ATTACK,UNOBSERVED,TRUSTED,MISSED,false,14
3,2317,PRE_REMEDIATION,Network: Ephemeral UDP/DNS Exfiltration,3. Unauthorized DNS TXT Exfiltration,ATTACK,UNOBSERVED,TRUSTED,MISSED,false,14
3,2319,PRE_REMEDIATION,Network: Ephemeral UDP/DNS Exfiltration,4. Stateless UDP Socket Egress,ATTACK,UNOBSERVED,TRUSTED,MISSED,false,14
3,2321,PRE_REMEDIATION,Network: Ephemeral UDP/DNS Exfiltration,3. Unauthorized DNS TXT Exfiltration,ATTACK,UNOBSERVED,TRUSTED,MISSED,false,14
3,2323,PRE_REMEDIATION,Network: Ephemeral UDP/DNS Exfiltration,4. Stateless UDP Socket Egress,ATTACK,UNOBSERVED,TRUSTED,MISSED,false,14
3,2325,PRE_REMEDIATION,Network: Ephemeral UDP/DNS Exfiltration,3. Unauthorized DNS TXT Exfiltration,ATTACK,UNOBSERVED,TRUSTED,MISSED,false,14
3,2327,PRE_REMEDIATION,Network: Ephemeral UDP/DNS Exfiltration,4. Stateless UDP Socket Egress,ATTACK,UNOBSERVED,TRUSTED,MISSED,false,14
3,2329,PRE_REMEDIATION,Network: Ephemeral UDP/DNS Exfiltration,3. Unauthorized DNS TXT Exfiltration,ATTACK,UNOBSERVED,TRUSTED,MISSED,false,14
3,2331,PRE_REMEDIATION,Network: Ephemeral UDP/DNS Exfiltration,4. Stateless UDP Socket Egress,ATTACK,UNOBSERVED,TRUSTED,MISSED,false,14
3,2333,PRE_REMEDIATION,Network: Ephemeral UDP/DNS Exfiltration,3. Unauthorized DNS TXT Exfiltration,ATTACK,UNOBSERVED,TRUSTED,MISSED,false,14
3,2335,PRE_REMEDIATION,Network: Ephemeral UDP/DNS Exfiltration,4. Stateless UDP Socket Egress,ATTACK,UNOBSERVED,TRUSTED,MISSED,false,14
3,2337,PRE_REMEDIATION,Network: Ephemeral UDP/DNS Exfiltration,3. Unauthorized DNS TXT Exfiltration,ATTACK,UNOBSERVED,TRUSTED,MISSED,false,14
3,2339,PRE_REMEDIATION,Network: Ephemeral UDP/DNS Exfiltration,4. Stateless UDP Socket Egress,ATTACK,UNOBSERVED,TRUSTED,MISSED,false,14
3,2341,PRE_REMEDIATION,Network: Ephemeral UDP/DNS Exfiltration,3. Unauthorized DNS TXT Exfiltration,ATTACK,UNOBSERVED,TRUSTED,MISSED,false,14
3,2343,PRE_REMEDIATION,Network: Ephemeral UDP/DNS Exfiltration,4. Stateless UDP Socket Egress,ATTACK,UNOBSERVED,TRUSTED,MISSED,false,14
3,2345,PRE_REMEDIATION,Network: Ephemeral UDP/DNS Exfiltration,3. Unauthorized DNS TXT Exfiltration,ATTACK,UNOBSERVED,TRUSTED,MISSED,false,14
3,2347,PRE_REMEDIATION,Network: Ephemeral UDP/DNS Exfiltration,4. Stateless UDP Socket Egress,ATTACK,UNOBSERVED,TRUSTED,MISSED,false,14
3,2349,PRE_REMEDIATION,Network: Ephemeral UDP/DNS Exfiltration,3. Unauthorized DNS TXT Exfiltration,ATTACK,UNOBSERVED,TRUSTED,MISSED,false,14
3,2351,PRE_REMEDIATION,Network: Ephemeral UDP/DNS Exfiltration,4. Stateless UDP Socket Egress,ATTACK,UNOBSERVED,TRUSTED,MISSED,false,14
3,2353,PRE_REMEDIATION,Network: Ephemeral UDP/DNS Exfiltration,3. Unauthorized DNS TXT Exfiltration,ATTACK,UNOBSERVED,TRUSTED,MISSED,false,14
3,2355,PRE_REMEDIATION,Network: Ephemeral UDP/DNS Exfiltration,4. Stateless UDP Socket Egress,ATTACK,UNOBSERVED,TRUSTED,MISSED,false,14
3,2357,PRE_REMEDIATION,Network: Ephemeral UDP/DNS Exfiltration,3. Unauthorized DNS TXT Exfiltration,ATTACK,UNOBSERVED,TRUSTED,MISSED,false,14
3,2359,PRE_REMEDIATION,Network: Ephemeral UDP/DNS Exfiltration,4. Stateless UDP Socket Egress,ATTACK,UNOBSERVED,TRUSTED,MISSED,false,14
3,2361,PRE_REMEDIATION,Network: Ephemeral UDP/DNS Exfiltration,3. Unauthorized DNS TXT Exfiltration,ATTACK,UNOBSERVED,TRUSTED,MISSED,false,14
3,2363,PRE_REMEDIATION,Network: Ephemeral UDP/DNS Exfiltration,4. Stateless UDP Socket Egress,ATTACK,UNOBSERVED,TRUSTED,MISSED,false,14
3,2365,PRE_REMEDIATION,Network: Ephemeral UDP/DNS Exfiltration,3. Unauthorized DNS TXT Exfiltration,ATTACK,UNOBSERVED,TRUSTED,MISSED,false,14
3,2367,PRE_REMEDIATION,Network: Ephemeral UDP/DNS Exfiltration,4. Stateless UDP Socket Egress,ATTACK,UNOBSERVED,TRUSTED,MISSED,false,14
3,2369,PRE_REMEDIATION,Network: Ephemeral UDP/DNS Exfiltration,3. Unauthorized DNS TXT Exfiltration,ATTACK,UNOBSERVED,TRUSTED,MISSED,false,14
3,2371,PRE_REMEDIATION,Network: Ephemeral UDP/DNS Exfiltration,4. Stateless UDP Socket Egress,ATTACK,UNOBSERVED,TRUSTED,MISSED,false,14
3,2373,PRE_REMEDIATION,Network: Ephemeral UDP/DNS Exfiltration,3. Unauthorized DNS TXT Exfiltration,ATTACK,UNOBSERVED,TRUSTED,MISSED,false,14
3,2375,PRE_REMEDIATION,Network: Ephemeral UDP/DNS Exfiltration,4. Stateless UDP Socket Egress,ATTACK,UNOBSERVED,TRUSTED,MISSED,false,14
3,2377,PRE_REMEDIATION,Network: Ephemeral UDP/DNS Exfiltration,3. Unauthorized DNS TXT Exfiltration,ATTACK,UNOBSERVED,TRUSTED,MISSED,false,14
3,2379,PRE_REMEDIATION,Network: Ephemeral UDP/DNS Exfiltration,4. Stateless UDP Socket Egress,ATTACK,UNOBSERVED,TRUSTED,MISSED,false,14
3,2381,PRE_REMEDIATION,Network: Ephemeral UDP/DNS Exfiltration,3. Unauthorized DNS TXT Exfiltration,ATTACK,UNOBSERVED,TRUSTED,MISSED,false,14
3,2383,PRE_REMEDIATION,Network: Ephemeral UDP/DNS Exfiltration,4. Stateless UDP Socket Egress,ATTACK,UNOBSERVED,TRUSTED,MISSED,false,14
3,2385,PRE_REMEDIATION,Network: Ephemeral UDP/DNS Exfiltration,3. Unauthorized DNS TXT Exfiltration,ATTACK,UNOBSERVED,TRUSTED,MISSED,false,14
3,2387,PRE_REMEDIATION,Network: Ephemeral UDP/DNS Exfiltration,4. Stateless UDP Socket Egress,ATTACK,UNOBSERVED,TRUSTED,MISSED,false,14
3,2389,PRE_REMEDIATION,Network: Ephemeral UDP/DNS Exfiltration,3. Unauthorized DNS TXT Exfiltration,ATTACK,UNOBSERVED,TRUSTED,MISSED,false,14
3,2391,PRE_REMEDIATION,Network: Ephemeral UDP/DNS Exfiltration,4. Stateless UDP Socket Egress,ATTACK,UNOBSERVED,TRUSTED,MISSED,false,14
3,2393,PRE_REMEDIATION,Network: Ephemeral UDP/DNS Exfiltration,3. Unauthorized DNS TXT Exfiltration,ATTACK,UNOBSERVED,TRUSTED,MISSED,false,14
3,2395,PRE_REMEDIATION,Network: Ephemeral UDP/DNS Exfiltration,4. Stateless UDP Socket Egress,ATTACK,UNOBSERVED,TRUSTED,MISSED,false,14
3,2397,PRE_REMEDIATION,Network: Ephemeral UDP/DNS Exfiltration,3. Unauthorized DNS TXT Exfiltration,ATTACK,UNOBSERVED,TRUSTED,MISSED,false,14
3,2399,PRE_REMEDIATION,Network: Ephemeral UDP/DNS Exfiltration,4. Stateless UDP Socket Egress,ATTACK,UNOBSERVED,TRUSTED,MISSED,false,14
4,2401,PRE_REMEDIATION,Source: Commit Author/Email Spoofing,Case B: Unsigned Commit (Author Spoofed),ATTACK,UNOBSERVED,TRUSTED,MISSED,false,12
4,2403,PRE_REMEDIATION,Source: Commit Author/Email Spoofing,Case B: Unsigned Commit (Author Spoofed),ATTACK,UNOBSERVED,TRUSTED,MISSED,false,12
4,2405,PRE_REMEDIATION,Source: Commit Author/Email Spoofing,Case B: Unsigned Commit (Author Spoofed),ATTACK,UNOBSERVED,TRUSTED,MISSED,false,12
4,2407,PRE_REMEDIATION,Source: Commit Author/Email Spoofing,Case B: Unsigned Commit (Author Spoofed),ATTACK,UNOBSERVED,TRUSTED,MISSED,false,12
4,2409,PRE_REMEDIATION,Source: Commit Author/Email Spoofing,Case B: Unsigned Commit (Author Spoofed),ATTACK,UNOBSERVED,TRUSTED,MISSED,false,12
4,2411,PRE_REMEDIATION,Source: Commit Author/Email Spoofing,Case B: Unsigned Commit (Author Spoofed),ATTACK,UNOBSERVED,TRUSTED,MISSED,false,12
4,2413,PRE_REMEDIATION,Source: Commit Author/Email Spoofing,Case B: Unsigned Commit (Author Spoofed),ATTACK,UNOBSERVED,TRUSTED,MISSED,false,12
4,2415,PRE_REMEDIATION,Source: Commit Author/Email Spoofing,Case B: Unsigned Commit (Author Spoofed),ATTACK,UNOBSERVED,TRUSTED,MISSED,false,12
4,2417,PRE_REMEDIATION,Source: Commit Author/Email Spoofing,Case B: Unsigned Commit (Author Spoofed),ATTACK,UNOBSERVED,TRUSTED,MISSED,false,12
4,2419,PRE_REMEDIATION,Source: Commit Author/Email Spoofing,Case B: Unsigned Commit (Author Spoofed),ATTACK,UNOBSERVED,TRUSTED,MISSED,false,12
4,2421,PRE_REMEDIATION,Source: Commit Author/Email Spoofing,Case B: Unsigned Commit (Author Spoofed),ATTACK,UNOBSERVED,TRUSTED,MISSED,false,12
4,2423,PRE_REMEDIATION,Source: Commit Author/Email Spoofing,Case B: Unsigned Commit (Author Spoofed),ATTACK,UNOBSERVED,TRUSTED,MISSED,false,12
4,2425,PRE_REMEDIATION,Source: Commit Author/Email Spoofing,Case B: Unsigned Commit (Author Spoofed),ATTACK,UNOBSERVED,TRUSTED,MISSED,false,12
4,2427,PRE_REMEDIATION,Source: Commit Author/Email Spoofing,Case B: Unsigned Commit (Author Spoofed),ATTACK,UNOBSERVED,TRUSTED,MISSED,false,12
4,2429,PRE_REMEDIATION,Source: Commit Author/Email Spoofing,Case B: Unsigned Commit (Author Spoofed),ATTACK,UNOBSERVED,TRUSTED,MISSED,false,12
4,2431,PRE_REMEDIATION,Source: Commit Author/Email Spoofing,Case B: Unsigned Commit (Author Spoofed),ATTACK,UNOBSERVED,TRUSTED,MISSED,false,12
4,2433,PRE_REMEDIATION,Source: Commit Author/Email Spoofing,Case B: Unsigned Commit (Author Spoofed),ATTACK,UNOBSERVED,TRUSTED,MISSED,false,12
4,2435,PRE_REMEDIATION,Source: Commit Author/Email Spoofing,Case B: Unsigned Commit (Author Spoofed),ATTACK,UNOBSERVED,TRUSTED,MISSED,false,12
4,2437,PRE_REMEDIATION,Source: Commit Author/Email Spoofing,Case B: Unsigned Commit (Author Spoofed),ATTACK,UNOBSERVED,TRUSTED,MISSED,false,12
4,2439,PRE_REMEDIATION,Source: Commit Author/Email Spoofing,Case B: Unsigned Commit (Author Spoofed),ATTACK,UNOBSERVED,TRUSTED,MISSED,false,12
4,2441,PRE_REMEDIATION,Source: Commit Author/Email Spoofing,Case B: Unsigned Commit (Author Spoofed),ATTACK,UNOBSERVED,TRUSTED,MISSED,false,12
4,2443,PRE_REMEDIATION,Source: Commit Author/Email Spoofing,Case B: Unsigned Commit (Author Spoofed),ATTACK,UNOBSERVED,TRUSTED,MISSED,false,12
4,2445,PRE_REMEDIATION,Source: Commit Author/Email Spoofing,Case B: Unsigned Commit (Author Spoofed),ATTACK,UNOBSERVED,TRUSTED,MISSED,false,12
4,2447,PRE_REMEDIATION,Source: Commit Author/Email Spoofing,Case B: Unsigned Commit (Author Spoofed),ATTACK,UNOBSERVED,TRUSTED,MISSED,false,12
4,2449,PRE_REMEDIATION,Source: Commit Author/Email Spoofing,Case B: Unsigned Commit (Author Spoofed),ATTACK,UNOBSERVED,TRUSTED,MISSED,false,12
4,2451,PRE_REMEDIATION,Source: Commit Author/Email Spoofing,Case B: Unsigned Commit (Author Spoofed),ATTACK,UNOBSERVED,TRUSTED,MISSED,false,12
4,2453,PRE_REMEDIATION,Source: Commit Author/Email Spoofing,Case B: Unsigned Commit (Author Spoofed),ATTACK,UNOBSERVED,TRUSTED,MISSED,false,12
4,2455,PRE_REMEDIATION,Source: Commit Author/Email Spoofing,Case B: Unsigned Commit (Author Spoofed),ATTACK,UNOBSERVED,TRUSTED,MISSED,false,12
4,2457,PRE_REMEDIATION,Source: Commit Author/Email Spoofing,Case B: Unsigned Commit (Author Spoofed),ATTACK,UNOBSERVED,TRUSTED,MISSED,false,12
4,2459,PRE_REMEDIATION,Source: Commit Author/Email Spoofing,Case B: Unsigned Commit (Author Spoofed),ATTACK,UNOBSERVED,TRUSTED,MISSED,false,12
4,2461,PRE_REMEDIATION,Source: Commit Author/Email Spoofing,Case B: Unsigned Commit (Author Spoofed),ATTACK,UNOBSERVED,TRUSTED,MISSED,false,12
4,2463,PRE_REMEDIATION,Source: Commit Author/Email Spoofing,Case B: Unsigned Commit (Author Spoofed),ATTACK,UNOBSERVED,TRUSTED,MISSED,false,12
4,2465,PRE_REMEDIATION,Source: Commit Author/Email Spoofing,Case B: Unsigned Commit (Author Spoofed),ATTACK,UNOBSERVED,TRUSTED,MISSED,false,12
4,2467,PRE_REMEDIATION,Source: Commit Author/Email Spoofing,Case B: Unsigned Commit (Author Spoofed),ATTACK,UNOBSERVED,TRUSTED,MISSED,false,12
4,2469,PRE_REMEDIATION,Source: Commit Author/Email Spoofing,Case B: Unsigned Commit (Author Spoofed),ATTACK,UNOBSERVED,TRUSTED,MISSED,false,12
4,2471,PRE_REMEDIATION,Source: Commit Author/Email Spoofing,Case B: Unsigned Commit (Author Spoofed),ATTACK,UNOBSERVED,TRUSTED,MISSED,false,12
4,2473,PRE_REMEDIATION,Source: Commit Author/Email Spoofing,Case B: Unsigned Commit (Author Spoofed),ATTACK,UNOBSERVED,TRUSTED,MISSED,false,12
4,2475,PRE_REMEDIATION,Source: Commit Author/Email Spoofing,Case B: Unsigned Commit (Author Spoofed),ATTACK,UNOBSERVED,TRUSTED,MISSED,false,12
4,2477,PRE_REMEDIATION,Source: Commit Author/Email Spoofing,Case B: Unsigned Commit (Author Spoofed),ATTACK,UNOBSERVED,TRUSTED,MISSED,false,12
4,2479,PRE_REMEDIATION,Source: Commit Author/Email Spoofing,Case B: Unsigned Commit (Author Spoofed),ATTACK,UNOBSERVED,TRUSTED,MISSED,false,12
4,2481,PRE_REMEDIATION,Source: Commit Author/Email Spoofing,Case B: Unsigned Commit (Author Spoofed),ATTACK,UNOBSERVED,TRUSTED,MISSED,false,12
4,2483,PRE_REMEDIATION,Source: Commit Author/Email Spoofing,Case B: Unsigned Commit (Author Spoofed),ATTACK,UNOBSERVED,TRUSTED,MISSED,false,12
4,2485,PRE_REMEDIATION,Source: Commit Author/Email Spoofing,Case B: Unsigned Commit (Author Spoofed),ATTACK,UNOBSERVED,TRUSTED,MISSED,false,12
4,2487,PRE_REMEDIATION,Source: Commit Author/Email Spoofing,Case B: Unsigned Commit (Author Spoofed),ATTACK,UNOBSERVED,TRUSTED,MISSED,false,12
4,2489,PRE_REMEDIATION,Source: Commit Author/Email Spoofing,Case B: Unsigned Commit (Author Spoofed),ATTACK,UNOBSERVED,TRUSTED,MISSED,false,12
4,2491,PRE_REMEDIATION,Source: Commit Author/Email Spoofing,Case B: Unsigned Commit (Author Spoofed),ATTACK,UNOBSERVED,TRUSTED,MISSED,false,12
4,2493,PRE_REMEDIATION,Source: Commit Author/Email Spoofing,Case B: Unsigned Commit (Author Spoofed),ATTACK,UNOBSERVED,TRUSTED,MISSED,false,12
4,2495,PRE_REMEDIATION,Source: Commit Author/Email Spoofing,Case B: Unsigned Commit (Author Spoofed),ATTACK,UNOBSERVED,TRUSTED,MISSED,false,12
4,2497,PRE_REMEDIATION,Source: Commit Author/Email Spoofing,Case B: Unsigned Commit (Author Spoofed),ATTACK,UNOBSERVED,TRUSTED,MISSED,false,12
4,2499,PRE_REMEDIATION,Source: Commit Author/Email Spoofing,Case B: Unsigned Commit (Author Spoofed),ATTACK,UNOBSERVED,TRUSTED,MISSED,false,12
4,2501,PRE_REMEDIATION,Source: Commit Author/Email Spoofing,Case B: Unsigned Commit (Author Spoofed),ATTACK,UNOBSERVED,TRUSTED,MISSED,false,12
4,2503,PRE_REMEDIATION,Source: Commit Author/Email Spoofing,Case B: Unsigned Commit (Author Spoofed),ATTACK,UNOBSERVED,TRUSTED,MISSED,false,12
4,2505,PRE_REMEDIATION,Source: Commit Author/Email Spoofing,Case B: Unsigned Commit (Author Spoofed),ATTACK,UNOBSERVED,TRUSTED,MISSED,false,12
4,2507,PRE_REMEDIATION,Source: Commit Author/Email Spoofing,Case B: Unsigned Commit (Author Spoofed),ATTACK,UNOBSERVED,TRUSTED,MISSED,false,12
4,2509,PRE_REMEDIATION,Source: Commit Author/Email Spoofing,Case B: Unsigned Commit (Author Spoofed),ATTACK,UNOBSERVED,TRUSTED,MISSED,false,12
4,2511,PRE_REMEDIATION,Source: Commit Author/Email Spoofing,Case B: Unsigned Commit (Author Spoofed),ATTACK,UNOBSERVED,TRUSTED,MISSED,false,12
4,2513,PRE_REMEDIATION,Source: Commit Author/Email Spoofing,Case B: Unsigned Commit (Author Spoofed),ATTACK,UNOBSERVED,TRUSTED,MISSED,false,12
4,2515,PRE_REMEDIATION,Source: Commit Author/Email Spoofing,Case B: Unsigned Commit (Author Spoofed),ATTACK,UNOBSERVED,TRUSTED,MISSED,false,12
4,2517,PRE_REMEDIATION,Source: Commit Author/Email Spoofing,Case B: Unsigned Commit (Author Spoofed),ATTACK,UNOBSERVED,TRUSTED,MISSED,false,12
4,2519,PRE_REMEDIATION,Source: Commit Author/Email Spoofing,Case B: Unsigned Commit (Author Spoofed),ATTACK,UNOBSERVED,TRUSTED,MISSED,false,12
4,2521,PRE_REMEDIATION,Source: Commit Author/Email Spoofing,Case B: Unsigned Commit (Author Spoofed),ATTACK,UNOBSERVED,TRUSTED,MISSED,false,12
4,2523,PRE_REMEDIATION,Source: Commit Author/Email Spoofing,Case B: Unsigned Commit (Author Spoofed),ATTACK,UNOBSERVED,TRUSTED,MISSED,false,12
4,2525,PRE_REMEDIATION,Source: Commit Author/Email Spoofing,Case B: Unsigned Commit (Author Spoofed),ATTACK,UNOBSERVED,TRUSTED,MISSED,false,12
4,2527,PRE_REMEDIATION,Source: Commit Author/Email Spoofing,Case B: Unsigned Commit (Author Spoofed),ATTACK,UNOBSERVED,TRUSTED,MISSED,false,12
4,2529,PRE_REMEDIATION,Source: Commit Author/Email Spoofing,Case B: Unsigned Commit (Author Spoofed),ATTACK,UNOBSERVED,TRUSTED,MISSED,false,12
4,2531,PRE_REMEDIATION,Source: Commit Author/Email Spoofing,Case B: Unsigned Commit (Author Spoofed),ATTACK,UNOBSERVED,TRUSTED,MISSED,false,12
4,2533,PRE_REMEDIATION,Source: Commit Author/Email Spoofing,Case B: Unsigned Commit (Author Spoofed),ATTACK,UNOBSERVED,TRUSTED,MISSED,false,12
4,2535,PRE_REMEDIATION,Source: Commit Author/Email Spoofing,Case B: Unsigned Commit (Author Spoofed),ATTACK,UNOBSERVED,TRUSTED,MISSED,false,12
4,2537,PRE_REMEDIATION,Source: Commit Author/Email Spoofing,Case B: Unsigned Commit (Author Spoofed),ATTACK,UNOBSERVED,TRUSTED,MISSED,false,12
4,2539,PRE_REMEDIATION,Source: Commit Author/Email Spoofing,Case B: Unsigned Commit (Author Spoofed),ATTACK,UNOBSERVED,TRUSTED,MISSED,false,12
4,2541,PRE_REMEDIATION,Source: Commit Author/Email Spoofing,Case B: Unsigned Commit (Author Spoofed),ATTACK,UNOBSERVED,TRUSTED,MISSED,false,12
4,2543,PRE_REMEDIATION,Source: Commit Author/Email Spoofing,Case B: Unsigned Commit (Author Spoofed),ATTACK,UNOBSERVED,TRUSTED,MISSED,false,12
4,2545,PRE_REMEDIATION,Source: Commit Author/Email Spoofing,Case B: Unsigned Commit (Author Spoofed),ATTACK,UNOBSERVED,TRUSTED,MISSED,false,12
4,2547,PRE_REMEDIATION,Source: Commit Author/Email Spoofing,Case B: Unsigned Commit (Author Spoofed),ATTACK,UNOBSERVED,TRUSTED,MISSED,false,12
4,2549,PRE_REMEDIATION,Source: Commit Author/Email Spoofing,Case B: Unsigned Commit (Author Spoofed),ATTACK,UNOBSERVED,TRUSTED,MISSED,false,12
4,2551,PRE_REMEDIATION,Source: Commit Author/Email Spoofing,Case B: Unsigned Commit (Author Spoofed),ATTACK,UNOBSERVED,TRUSTED,MISSED,false,12
4,2553,PRE_REMEDIATION,Source: Commit Author/Email Spoofing,Case B: Unsigned Commit (Author Spoofed),ATTACK,UNOBSERVED,TRUSTED,MISSED,false,12
4,2555,PRE_REMEDIATION,Source: Commit Author/Email Spoofing,Case B: Unsigned Commit (Author Spoofed),ATTACK,UNOBSERVED,TRUSTED,MISSED,false,12
4,2557,PRE_REMEDIATION,Source: Commit Author/Email Spoofing,Case B: Unsigned Commit (Author Spoofed),ATTACK,UNOBSERVED,TRUSTED,MISSED,false,12
4,2559,PRE_REMEDIATION,Source: Commit Author/Email Spoofing,Case B: Unsigned Commit (Author Spoofed),ATTACK,UNOBSERVED,TRUSTED,MISSED,false,12
4,2561,PRE_REMEDIATION,Source: Commit Author/Email Spoofing,Case B: Unsigned Commit (Author Spoofed),ATTACK,UNOBSERVED,TRUSTED,MISSED,false,12
4,2563,PRE_REMEDIATION,Source: Commit Author/Email Spoofing,Case B: Unsigned Commit (Author Spoofed),ATTACK,UNOBSERVED,TRUSTED,MISSED,false,12
4,2565,PRE_REMEDIATION,Source: Commit Author/Email Spoofing,Case B: Unsigned Commit (Author Spoofed),ATTACK,UNOBSERVED,TRUSTED,MISSED,false,12
4,2567,PRE_REMEDIATION,Source: Commit Author/Email Spoofing,Case B: Unsigned Commit (Author Spoofed),ATTACK,UNOBSERVED,TRUSTED,MISSED,false,12
4,2569,PRE_REMEDIATION,Source: Commit Author/Email Spoofing,Case B: Unsigned Commit (Author Spoofed),ATTACK,UNOBSERVED,TRUSTED,MISSED,false,12
4,2571,PRE_REMEDIATION,Source: Commit Author/Email Spoofing,Case B: Unsigned Commit (Author Spoofed),ATTACK,UNOBSERVED,TRUSTED,MISSED,false,12
4,2573,PRE_REMEDIATION,Source: Commit Author/Email Spoofing,Case B: Unsigned Commit (Author Spoofed),ATTACK,UNOBSERVED,TRUSTED,MISSED,false,12
4,2575,PRE_REMEDIATION,Source: Commit Author/Email Spoofing,Case B: Unsigned Commit (Author Spoofed),ATTACK,UNOBSERVED,TRUSTED,MISSED,false,12
4,2577,PRE_REMEDIATION,Source: Commit Author/Email Spoofing,Case B: Unsigned Commit (Author Spoofed),ATTACK,UNOBSERVED,TRUSTED,MISSED,false,12
4,2579,PRE_REMEDIATION,Source: Commit Author/Email Spoofing,Case B: Unsigned Commit (Author Spoofed),ATTACK,UNOBSERVED,TRUSTED,MISSED,false,12
4,2581,PRE_REMEDIATION,Source: Commit Author/Email Spoofing,Case B: Unsigned Commit (Author Spoofed),ATTACK,UNOBSERVED,TRUSTED,MISSED,false,12
4,2583,PRE_REMEDIATION,Source: Commit Author/Email Spoofing,Case B: Unsigned Commit (Author Spoofed),ATTACK,UNOBSERVED,TRUSTED,MISSED,false,12
4,2585,PRE_REMEDIATION,Source: Commit Author/Email Spoofing,Case B: Unsigned Commit (Author Spoofed),ATTACK,UNOBSERVED,TRUSTED,MISSED,false,12
4,2587,PRE_REMEDIATION,Source: Commit Author/Email Spoofing,Case B: Unsigned Commit (Author Spoofed),ATTACK,UNOBSERVED,TRUSTED,MISSED,false,12
4,2589,PRE_REMEDIATION,Source: Commit Author/Email Spoofing,Case B: Unsigned Commit (Author Spoofed),ATTACK,UNOBSERVED,TRUSTED,MISSED,false,12
4,2591,PRE_REMEDIATION,Source: Commit Author/Email Spoofing,Case B: Unsigned Commit (Author Spoofed),ATTACK,UNOBSERVED,TRUSTED,MISSED,false,12
4,2593,PRE_REMEDIATION,Source: Commit Author/Email Spoofing,Case B: Unsigned Commit (Author Spoofed),ATTACK,UNOBSERVED,TRUSTED,MISSED,false,12
4,2595,PRE_REMEDIATION,Source: Commit Author/Email Spoofing,Case B: Unsigned Commit (Author Spoofed),ATTACK,UNOBSERVED,TRUSTED,MISSED,false,12
4,2597,PRE_REMEDIATION,Source: Commit Author/Email Spoofing,Case B: Unsigned Commit (Author Spoofed),ATTACK,UNOBSERVED,TRUSTED,MISSED,false,12
4,2599,PRE_REMEDIATION,Source: Commit Author/Email Spoofing,Case B: Unsigned Commit (Author Spoofed),ATTACK,UNOBSERVED,TRUSTED,MISSED,false,12
4,2601,PRE_REMEDIATION,Process: Short-Lived Subprocess (Polling Evasion),<1 ms,ATTACK,UNOBSERVED,TRUSTED,MISSED,false,12
4,2603,PRE_REMEDIATION,Process: Short-Lived Subprocess (Polling Evasion),1–5 ms,ATTACK,UNOBSERVED,TRUSTED,MISSED,false,12
4,2605,PRE_REMEDIATION,Process: Short-Lived Subprocess (Polling Evasion),5–10 ms,ATTACK,UNOBSERVED,TRUSTED,MISSED,false,12
4,2607,PRE_REMEDIATION,Process: Short-Lived Subprocess (Polling Evasion),<1 ms,ATTACK,UNOBSERVED,TRUSTED,MISSED,false,12
4,2609,PRE_REMEDIATION,Process: Short-Lived Subprocess (Polling Evasion),1–5 ms,ATTACK,UNOBSERVED,TRUSTED,MISSED,false,12
4,2611,PRE_REMEDIATION,Process: Short-Lived Subprocess (Polling Evasion),5–10 ms,ATTACK,UNOBSERVED,TRUSTED,MISSED,false,12
4,2613,PRE_REMEDIATION,Process: Short-Lived Subprocess (Polling Evasion),<1 ms,ATTACK,UNOBSERVED,TRUSTED,MISSED,false,12
4,2615,PRE_REMEDIATION,Process: Short-Lived Subprocess (Polling Evasion),1–5 ms,ATTACK,UNOBSERVED,TRUSTED,MISSED,false,12
4,2617,PRE_REMEDIATION,Process: Short-Lived Subprocess (Polling Evasion),5–10 ms,ATTACK,UNOBSERVED,TRUSTED,MISSED,false,12
4,2619,PRE_REMEDIATION,Process: Short-Lived Subprocess (Polling Evasion),<1 ms,ATTACK,UNOBSERVED,TRUSTED,MISSED,false,12
4,2621,PRE_REMEDIATION,Process: Short-Lived Subprocess (Polling Evasion),1–5 ms,ATTACK,UNOBSERVED,TRUSTED,MISSED,false,12
4,2623,PRE_REMEDIATION,Process: Short-Lived Subprocess (Polling Evasion),5–10 ms,ATTACK,UNOBSERVED,TRUSTED,MISSED,false,12
4,2625,PRE_REMEDIATION,Process: Short-Lived Subprocess (Polling Evasion),<1 ms,ATTACK,UNOBSERVED,TRUSTED,MISSED,false,12
4,2627,PRE_REMEDIATION,Process: Short-Lived Subprocess (Polling Evasion),1–5 ms,ATTACK,UNOBSERVED,TRUSTED,MISSED,false,12
4,2629,PRE_REMEDIATION,Process: Short-Lived Subprocess (Polling Evasion),5–10 ms,ATTACK,UNOBSERVED,TRUSTED,MISSED,false,12
4,2631,PRE_REMEDIATION,Process: Short-Lived Subprocess (Polling Evasion),<1 ms,ATTACK,UNOBSERVED,TRUSTED,MISSED,false,12
4,2633,PRE_REMEDIATION,Process: Short-Lived Subprocess (Polling Evasion),1–5 ms,ATTACK,UNOBSERVED,TRUSTED,MISSED,false,12
4,2635,PRE_REMEDIATION,Process: Short-Lived Subprocess (Polling Evasion),5–10 ms,ATTACK,UNOBSERVED,TRUSTED,MISSED,false,12
4,2637,PRE_REMEDIATION,Process: Short-Lived Subprocess (Polling Evasion),<1 ms,ATTACK,UNOBSERVED,TRUSTED,MISSED,false,12
4,2639,PRE_REMEDIATION,Process: Short-Lived Subprocess (Polling Evasion),1–5 ms,ATTACK,UNOBSERVED,TRUSTED,MISSED,false,12
4,2641,PRE_REMEDIATION,Process: Short-Lived Subprocess (Polling Evasion),5–10 ms,ATTACK,UNOBSERVED,TRUSTED,MISSED,false,12
4,2643,PRE_REMEDIATION,Process: Short-Lived Subprocess (Polling Evasion),<1 ms,ATTACK,UNOBSERVED,TRUSTED,MISSED,false,12
4,2645,PRE_REMEDIATION,Process: Short-Lived Subprocess (Polling Evasion),1–5 ms,ATTACK,UNOBSERVED,TRUSTED,MISSED,false,12
4,2647,PRE_REMEDIATION,Process: Short-Lived Subprocess (Polling Evasion),5–10 ms,ATTACK,UNOBSERVED,TRUSTED,MISSED,false,12
4,2649,PRE_REMEDIATION,Process: Short-Lived Subprocess (Polling Evasion),<1 ms,ATTACK,UNOBSERVED,TRUSTED,MISSED,false,12
4,2651,PRE_REMEDIATION,Process: Short-Lived Subprocess (Polling Evasion),1–5 ms,ATTACK,UNOBSERVED,TRUSTED,MISSED,false,12
4,2653,PRE_REMEDIATION,Process: Short-Lived Subprocess (Polling Evasion),5–10 ms,ATTACK,UNOBSERVED,TRUSTED,MISSED,false,12
4,2655,PRE_REMEDIATION,Process: Short-Lived Subprocess (Polling Evasion),<1 ms,ATTACK,UNOBSERVED,TRUSTED,MISSED,false,12
4,2657,PRE_REMEDIATION,Process: Short-Lived Subprocess (Polling Evasion),1–5 ms,ATTACK,UNOBSERVED,TRUSTED,MISSED,false,12
4,2659,PRE_REMEDIATION,Process: Short-Lived Subprocess (Polling Evasion),5–10 ms,ATTACK,UNOBSERVED,TRUSTED,MISSED,false,12
4,2661,PRE_REMEDIATION,Process: Short-Lived Subprocess (Polling Evasion),<1 ms,ATTACK,UNOBSERVED,TRUSTED,MISSED,false,12
4,2663,PRE_REMEDIATION,Process: Short-Lived Subprocess (Polling Evasion),1–5 ms,ATTACK,UNOBSERVED,TRUSTED,MISSED,false,12
4,2665,PRE_REMEDIATION,Process: Short-Lived Subprocess (Polling Evasion),5–10 ms,ATTACK,UNOBSERVED,TRUSTED,MISSED,false,12
4,2667,PRE_REMEDIATION,Process: Short-Lived Subprocess (Polling Evasion),<1 ms,ATTACK,UNOBSERVED,TRUSTED,MISSED,false,12
4,2669,PRE_REMEDIATION,Process: Short-Lived Subprocess (Polling Evasion),1–5 ms,ATTACK,UNOBSERVED,TRUSTED,MISSED,false,12
4,2671,PRE_REMEDIATION,Process: Short-Lived Subprocess (Polling Evasion),5–10 ms,ATTACK,UNOBSERVED,TRUSTED,MISSED,false,12
4,2673,PRE_REMEDIATION,Process: Short-Lived Subprocess (Polling Evasion),<1 ms,ATTACK,UNOBSERVED,TRUSTED,MISSED,false,12
4,2675,PRE_REMEDIATION,Process: Short-Lived Subprocess (Polling Evasion),1–5 ms,ATTACK,UNOBSERVED,TRUSTED,MISSED,false,12
4,2677,PRE_REMEDIATION,Process: Short-Lived Subprocess (Polling Evasion),5–10 ms,ATTACK,UNOBSERVED,TRUSTED,MISSED,false,12
4,2679,PRE_REMEDIATION,Process: Short-Lived Subprocess (Polling Evasion),<1 ms,ATTACK,UNOBSERVED,TRUSTED,MISSED,false,12
4,2681,PRE_REMEDIATION,Process: Short-Lived Subprocess (Polling Evasion),1–5 ms,ATTACK,UNOBSERVED,TRUSTED,MISSED,false,12
4,2683,PRE_REMEDIATION,Process: Short-Lived Subprocess (Polling Evasion),5–10 ms,ATTACK,UNOBSERVED,TRUSTED,MISSED,false,12
4,2685,PRE_REMEDIATION,Process: Short-Lived Subprocess (Polling Evasion),<1 ms,ATTACK,UNOBSERVED,TRUSTED,MISSED,false,12
4,2687,PRE_REMEDIATION,Process: Short-Lived Subprocess (Polling Evasion),1–5 ms,ATTACK,UNOBSERVED,TRUSTED,MISSED,false,12
4,2689,PRE_REMEDIATION,Process: Short-Lived Subprocess (Polling Evasion),5–10 ms,ATTACK,UNOBSERVED,TRUSTED,MISSED,false,12
4,2691,PRE_REMEDIATION,Process: Short-Lived Subprocess (Polling Evasion),<1 ms,ATTACK,UNOBSERVED,TRUSTED,MISSED,false,12
4,2693,PRE_REMEDIATION,Process: Short-Lived Subprocess (Polling Evasion),1–5 ms,ATTACK,UNOBSERVED,TRUSTED,MISSED,false,12
4,2695,PRE_REMEDIATION,Process: Short-Lived Subprocess (Polling Evasion),5–10 ms,ATTACK,UNOBSERVED,TRUSTED,MISSED,false,12
4,2697,PRE_REMEDIATION,Process: Short-Lived Subprocess (Polling Evasion),<1 ms,ATTACK,UNOBSERVED,TRUSTED,MISSED,false,12
4,2699,PRE_REMEDIATION,Process: Short-Lived Subprocess (Polling Evasion),1–5 ms,ATTACK,UNOBSERVED,TRUSTED,MISSED,false,12
4,2701,PRE_REMEDIATION,Process: Short-Lived Subprocess (Polling Evasion),5–10 ms,ATTACK,UNOBSERVED,TRUSTED,MISSED,false,12
4,2703,PRE_REMEDIATION,Process: Short-Lived Subprocess (Polling Evasion),<1 ms,ATTACK,UNOBSERVED,TRUSTED,MISSED,false,12
4,2705,PRE_REMEDIATION,Process: Short-Lived Subprocess (Polling Evasion),1–5 ms,ATTACK,UNOBSERVED,TRUSTED,MISSED,false,12
4,2707,PRE_REMEDIATION,Process: Short-Lived Subprocess (Polling Evasion),5–10 ms,ATTACK,UNOBSERVED,TRUSTED,MISSED,false,12
4,2709,PRE_REMEDIATION,Process: Short-Lived Subprocess (Polling Evasion),<1 ms,ATTACK,UNOBSERVED,TRUSTED,MISSED,false,12
4,2711,PRE_REMEDIATION,Process: Short-Lived Subprocess (Polling Evasion),1–5 ms,ATTACK,UNOBSERVED,TRUSTED,MISSED,false,12
4,2713,PRE_REMEDIATION,Process: Short-Lived Subprocess (Polling Evasion),5–10 ms,ATTACK,UNOBSERVED,TRUSTED,MISSED,false,12
4,2715,PRE_REMEDIATION,Process: Short-Lived Subprocess (Polling Evasion),<1 ms,ATTACK,UNOBSERVED,TRUSTED,MISSED,false,12
4,2717,PRE_REMEDIATION,Process: Short-Lived Subprocess (Polling Evasion),1–5 ms,ATTACK,UNOBSERVED,TRUSTED,MISSED,false,12
4,2719,PRE_REMEDIATION,Process: Short-Lived Subprocess (Polling Evasion),5–10 ms,ATTACK,UNOBSERVED,TRUSTED,MISSED,false,12
4,2721,PRE_REMEDIATION,Process: Short-Lived Subprocess (Polling Evasion),<1 ms,ATTACK,UNOBSERVED,TRUSTED,MISSED,false,12
4,2723,PRE_REMEDIATION,Process: Short-Lived Subprocess (Polling Evasion),1–5 ms,ATTACK,UNOBSERVED,TRUSTED,MISSED,false,12
4,2725,PRE_REMEDIATION,Process: Short-Lived Subprocess (Polling Evasion),5–10 ms,ATTACK,UNOBSERVED,TRUSTED,MISSED,false,12
4,2727,PRE_REMEDIATION,Process: Short-Lived Subprocess (Polling Evasion),<1 ms,ATTACK,UNOBSERVED,TRUSTED,MISSED,false,12
4,2729,PRE_REMEDIATION,Process: Short-Lived Subprocess (Polling Evasion),1–5 ms,ATTACK,UNOBSERVED,TRUSTED,MISSED,false,12
4,2731,PRE_REMEDIATION,Process: Short-Lived Subprocess (Polling Evasion),5–10 ms,ATTACK,UNOBSERVED,TRUSTED,MISSED,false,12
4,2733,PRE_REMEDIATION,Process: Short-Lived Subprocess (Polling Evasion),<1 ms,ATTACK,UNOBSERVED,TRUSTED,MISSED,false,12
4,2735,PRE_REMEDIATION,Process: Short-Lived Subprocess (Polling Evasion),1–5 ms,ATTACK,UNOBSERVED,TRUSTED,MISSED,false,12
4,2737,PRE_REMEDIATION,Process: Short-Lived Subprocess (Polling Evasion),5–10 ms,ATTACK,UNOBSERVED,TRUSTED,MISSED,false,12
4,2739,PRE_REMEDIATION,Process: Short-Lived Subprocess (Polling Evasion),<1 ms,ATTACK,UNOBSERVED,TRUSTED,MISSED,false,12
4,2741,PRE_REMEDIATION,Process: Short-Lived Subprocess (Polling Evasion),1–5 ms,ATTACK,UNOBSERVED,TRUSTED,MISSED,false,12
4,2743,PRE_REMEDIATION,Process: Short-Lived Subprocess (Polling Evasion),5–10 ms,ATTACK,UNOBSERVED,TRUSTED,MISSED,false,12
4,2745,PRE_REMEDIATION,Process: Short-Lived Subprocess (Polling Evasion),<1 ms,ATTACK,UNOBSERVED,TRUSTED,MISSED,false,12
4,2747,PRE_REMEDIATION,Process: Short-Lived Subprocess (Polling Evasion),1–5 ms,ATTACK,UNOBSERVED,TRUSTED,MISSED,false,12
4,2749,PRE_REMEDIATION,Process: Short-Lived Subprocess (Polling Evasion),5–10 ms,ATTACK,UNOBSERVED,TRUSTED,MISSED,false,12
4,2751,PRE_REMEDIATION,Process: Short-Lived Subprocess (Polling Evasion),<1 ms,ATTACK,UNOBSERVED,TRUSTED,MISSED,false,12
4,2753,PRE_REMEDIATION,Process: Short-Lived Subprocess (Polling Evasion),1–5 ms,ATTACK,UNOBSERVED,TRUSTED,MISSED,false,12
4,2755,PRE_REMEDIATION,Process: Short-Lived Subprocess (Polling Evasion),5–10 ms,ATTACK,UNOBSERVED,TRUSTED,MISSED,false,12
4,2757,PRE_REMEDIATION,Process: Short-Lived Subprocess (Polling Evasion),<1 ms,ATTACK,UNOBSERVED,TRUSTED,MISSED,false,12
4,2759,PRE_REMEDIATION,Process: Short-Lived Subprocess (Polling Evasion),1–5 ms,ATTACK,UNOBSERVED,TRUSTED,MISSED,false,12
4,2761,PRE_REMEDIATION,Process: Short-Lived Subprocess (Polling Evasion),5–10 ms,ATTACK,UNOBSERVED,TRUSTED,MISSED,false,12
4,2763,PRE_REMEDIATION,Process: Short-Lived Subprocess (Polling Evasion),<1 ms,ATTACK,UNOBSERVED,TRUSTED,MISSED,false,12
4,2765,PRE_REMEDIATION,Process: Short-Lived Subprocess (Polling Evasion),1–5 ms,ATTACK,UNOBSERVED,TRUSTED,MISSED,false,12
4,2767,PRE_REMEDIATION,Process: Short-Lived Subprocess (Polling Evasion),5–10 ms,ATTACK,UNOBSERVED,TRUSTED,MISSED,false,12
4,2769,PRE_REMEDIATION,Process: Short-Lived Subprocess (Polling Evasion),<1 ms,ATTACK,UNOBSERVED,TRUSTED,MISSED,false,12
4,2771,PRE_REMEDIATION,Process: Short-Lived Subprocess (Polling Evasion),1–5 ms,ATTACK,UNOBSERVED,TRUSTED,MISSED,false,12
4,2773,PRE_REMEDIATION,Process: Short-Lived Subprocess (Polling Evasion),5–10 ms,ATTACK,UNOBSERVED,TRUSTED,MISSED,false,12
4,2775,PRE_REMEDIATION,Process: Short-Lived Subprocess (Polling Evasion),<1 ms,ATTACK,UNOBSERVED,TRUSTED,MISSED,false,12
4,2777,PRE_REMEDIATION,Process: Short-Lived Subprocess (Polling Evasion),1–5 ms,ATTACK,UNOBSERVED,TRUSTED,MISSED,false,12
4,2779,PRE_REMEDIATION,Process: Short-Lived Subprocess (Polling Evasion),5–10 ms,ATTACK,UNOBSERVED,TRUSTED,MISSED,false,12
4,2781,PRE_REMEDIATION,Process: Short-Lived Subprocess (Polling Evasion),<1 ms,ATTACK,UNOBSERVED,TRUSTED,MISSED,false,12
4,2783,PRE_REMEDIATION,Process: Short-Lived Subprocess (Polling Evasion),1–5 ms,ATTACK,UNOBSERVED,TRUSTED,MISSED,false,12
4,2785,PRE_REMEDIATION,Process: Short-Lived Subprocess (Polling Evasion),5–10 ms,ATTACK,UNOBSERVED,TRUSTED,MISSED,false,12
4,2787,PRE_REMEDIATION,Process: Short-Lived Subprocess (Polling Evasion),<1 ms,ATTACK,UNOBSERVED,TRUSTED,MISSED,false,12
4,2789,PRE_REMEDIATION,Process: Short-Lived Subprocess (Polling Evasion),1–5 ms,ATTACK,UNOBSERVED,TRUSTED,MISSED,false,12
4,2791,PRE_REMEDIATION,Process: Short-Lived Subprocess (Polling Evasion),5–10 ms,ATTACK,UNOBSERVED,TRUSTED,MISSED,false,12
4,2793,PRE_REMEDIATION,Process: Short-Lived Subprocess (Polling Evasion),<1 ms,ATTACK,UNOBSERVED,TRUSTED,MISSED,false,12
4,2795,PRE_REMEDIATION,Process: Short-Lived Subprocess (Polling Evasion),1–5 ms,ATTACK,UNOBSERVED,TRUSTED,MISSED,false,12
4,2797,PRE_REMEDIATION,Process: Short-Lived Subprocess (Polling Evasion),5–10 ms,ATTACK,UNOBSERVED,TRUSTED,MISSED,false,12
4,2799,PRE_REMEDIATION,Process: Short-Lived Subprocess (Polling Evasion),<1 ms,ATTACK,UNOBSERVED,TRUSTED,MISSED,false,12
4,2801,PRE_REMEDIATION,Filesystem: Boundary Escape (/tmp or %TEMP%),2. %TEMP% Directory,ATTACK,UNOBSERVED,TRUSTED,MISSED,false,15
4,2803,PRE_REMEDIATION,Filesystem: Boundary Escape (/tmp or %TEMP%),3. User Profile Temp,ATTACK,UNOBSERVED,TRUSTED,MISSED,false,15
4,2805,PRE_REMEDIATION,Filesystem: Boundary Escape (/tmp or %TEMP%),4. Unconfigured Directory,ATTACK,UNOBSERVED,TRUSTED,MISSED,false,15
4,2807,PRE_REMEDIATION,Filesystem: Boundary Escape (/tmp or %TEMP%),5. System Directory,ATTACK,UNOBSERVED,TRUSTED,MISSED,false,15
4,2809,PRE_REMEDIATION,Filesystem: Boundary Escape (/tmp or %TEMP%),2. %TEMP% Directory,ATTACK,UNOBSERVED,TRUSTED,MISSED,false,15
4,2811,PRE_REMEDIATION,Filesystem: Boundary Escape (/tmp or %TEMP%),3. User Profile Temp,ATTACK,UNOBSERVED,TRUSTED,MISSED,false,15
4,2813,PRE_REMEDIATION,Filesystem: Boundary Escape (/tmp or %TEMP%),4. Unconfigured Directory,ATTACK,UNOBSERVED,TRUSTED,MISSED,false,15
4,2815,PRE_REMEDIATION,Filesystem: Boundary Escape (/tmp or %TEMP%),5. System Directory,ATTACK,UNOBSERVED,TRUSTED,MISSED,false,15
4,2817,PRE_REMEDIATION,Filesystem: Boundary Escape (/tmp or %TEMP%),2. %TEMP% Directory,ATTACK,UNOBSERVED,TRUSTED,MISSED,false,15
4,2819,PRE_REMEDIATION,Filesystem: Boundary Escape (/tmp or %TEMP%),3. User Profile Temp,ATTACK,UNOBSERVED,TRUSTED,MISSED,false,15
4,2821,PRE_REMEDIATION,Filesystem: Boundary Escape (/tmp or %TEMP%),4. Unconfigured Directory,ATTACK,UNOBSERVED,TRUSTED,MISSED,false,15
4,2823,PRE_REMEDIATION,Filesystem: Boundary Escape (/tmp or %TEMP%),5. System Directory,ATTACK,UNOBSERVED,TRUSTED,MISSED,false,15
4,2825,PRE_REMEDIATION,Filesystem: Boundary Escape (/tmp or %TEMP%),2. %TEMP% Directory,ATTACK,UNOBSERVED,TRUSTED,MISSED,false,15
4,2827,PRE_REMEDIATION,Filesystem: Boundary Escape (/tmp or %TEMP%),3. User Profile Temp,ATTACK,UNOBSERVED,TRUSTED,MISSED,false,15
4,2829,PRE_REMEDIATION,Filesystem: Boundary Escape (/tmp or %TEMP%),4. Unconfigured Directory,ATTACK,UNOBSERVED,TRUSTED,MISSED,false,15
4,2831,PRE_REMEDIATION,Filesystem: Boundary Escape (/tmp or %TEMP%),5. System Directory,ATTACK,UNOBSERVED,TRUSTED,MISSED,false,15
4,2833,PRE_REMEDIATION,Filesystem: Boundary Escape (/tmp or %TEMP%),2. %TEMP% Directory,ATTACK,UNOBSERVED,TRUSTED,MISSED,false,15
4,2835,PRE_REMEDIATION,Filesystem: Boundary Escape (/tmp or %TEMP%),3. User Profile Temp,ATTACK,UNOBSERVED,TRUSTED,MISSED,false,15
4,2837,PRE_REMEDIATION,Filesystem: Boundary Escape (/tmp or %TEMP%),4. Unconfigured Directory,ATTACK,UNOBSERVED,TRUSTED,MISSED,false,15
4,2839,PRE_REMEDIATION,Filesystem: Boundary Escape (/tmp or %TEMP%),5. System Directory,ATTACK,UNOBSERVED,TRUSTED,MISSED,false,15
4,2841,PRE_REMEDIATION,Filesystem: Boundary Escape (/tmp or %TEMP%),2. %TEMP% Directory,ATTACK,UNOBSERVED,TRUSTED,MISSED,false,15
4,2843,PRE_REMEDIATION,Filesystem: Boundary Escape (/tmp or %TEMP%),3. User Profile Temp,ATTACK,UNOBSERVED,TRUSTED,MISSED,false,15
4,2845,PRE_REMEDIATION,Filesystem: Boundary Escape (/tmp or %TEMP%),4. Unconfigured Directory,ATTACK,UNOBSERVED,TRUSTED,MISSED,false,15
4,2847,PRE_REMEDIATION,Filesystem: Boundary Escape (/tmp or %TEMP%),5. System Directory,ATTACK,UNOBSERVED,TRUSTED,MISSED,false,15
4,2849,PRE_REMEDIATION,Filesystem: Boundary Escape (/tmp or %TEMP%),2. %TEMP% Directory,ATTACK,UNOBSERVED,TRUSTED,MISSED,false,15
4,2851,PRE_REMEDIATION,Filesystem: Boundary Escape (/tmp or %TEMP%),3. User Profile Temp,ATTACK,UNOBSERVED,TRUSTED,MISSED,false,15
4,2853,PRE_REMEDIATION,Filesystem: Boundary Escape (/tmp or %TEMP%),4. Unconfigured Directory,ATTACK,UNOBSERVED,TRUSTED,MISSED,false,15
4,2855,PRE_REMEDIATION,Filesystem: Boundary Escape (/tmp or %TEMP%),5. System Directory,ATTACK,UNOBSERVED,TRUSTED,MISSED,false,15
4,2857,PRE_REMEDIATION,Filesystem: Boundary Escape (/tmp or %TEMP%),2. %TEMP% Directory,ATTACK,UNOBSERVED,TRUSTED,MISSED,false,15
4,2859,PRE_REMEDIATION,Filesystem: Boundary Escape (/tmp or %TEMP%),3. User Profile Temp,ATTACK,UNOBSERVED,TRUSTED,MISSED,false,15
4,2861,PRE_REMEDIATION,Filesystem: Boundary Escape (/tmp or %TEMP%),4. Unconfigured Directory,ATTACK,UNOBSERVED,TRUSTED,MISSED,false,15
4,2863,PRE_REMEDIATION,Filesystem: Boundary Escape (/tmp or %TEMP%),5. System Directory,ATTACK,UNOBSERVED,TRUSTED,MISSED,false,15
4,2865,PRE_REMEDIATION,Filesystem: Boundary Escape (/tmp or %TEMP%),2. %TEMP% Directory,ATTACK,UNOBSERVED,TRUSTED,MISSED,false,15
4,2867,PRE_REMEDIATION,Filesystem: Boundary Escape (/tmp or %TEMP%),3. User Profile Temp,ATTACK,UNOBSERVED,TRUSTED,MISSED,false,15
4,2869,PRE_REMEDIATION,Filesystem: Boundary Escape (/tmp or %TEMP%),4. Unconfigured Directory,ATTACK,UNOBSERVED,TRUSTED,MISSED,false,15
4,2871,PRE_REMEDIATION,Filesystem: Boundary Escape (/tmp or %TEMP%),5. System Directory,ATTACK,UNOBSERVED,TRUSTED,MISSED,false,15
4,2873,PRE_REMEDIATION,Filesystem: Boundary Escape (/tmp or %TEMP%),2. %TEMP% Directory,ATTACK,UNOBSERVED,TRUSTED,MISSED,false,15
4,2875,PRE_REMEDIATION,Filesystem: Boundary Escape (/tmp or %TEMP%),3. User Profile Temp,ATTACK,UNOBSERVED,TRUSTED,MISSED,false,15
4,2877,PRE_REMEDIATION,Filesystem: Boundary Escape (/tmp or %TEMP%),4. Unconfigured Directory,ATTACK,UNOBSERVED,TRUSTED,MISSED,false,15
4,2879,PRE_REMEDIATION,Filesystem: Boundary Escape (/tmp or %TEMP%),5. System Directory,ATTACK,UNOBSERVED,TRUSTED,MISSED,false,15
4,2881,PRE_REMEDIATION,Filesystem: Boundary Escape (/tmp or %TEMP%),2. %TEMP% Directory,ATTACK,UNOBSERVED,TRUSTED,MISSED,false,15
4,2883,PRE_REMEDIATION,Filesystem: Boundary Escape (/tmp or %TEMP%),3. User Profile Temp,ATTACK,UNOBSERVED,TRUSTED,MISSED,false,15
4,2885,PRE_REMEDIATION,Filesystem: Boundary Escape (/tmp or %TEMP%),4. Unconfigured Directory,ATTACK,UNOBSERVED,TRUSTED,MISSED,false,15
4,2887,PRE_REMEDIATION,Filesystem: Boundary Escape (/tmp or %TEMP%),5. System Directory,ATTACK,UNOBSERVED,TRUSTED,MISSED,false,15
4,2889,PRE_REMEDIATION,Filesystem: Boundary Escape (/tmp or %TEMP%),2. %TEMP% Directory,ATTACK,UNOBSERVED,TRUSTED,MISSED,false,15
4,2891,PRE_REMEDIATION,Filesystem: Boundary Escape (/tmp or %TEMP%),3. User Profile Temp,ATTACK,UNOBSERVED,TRUSTED,MISSED,false,15
4,2893,PRE_REMEDIATION,Filesystem: Boundary Escape (/tmp or %TEMP%),4. Unconfigured Directory,ATTACK,UNOBSERVED,TRUSTED,MISSED,false,15
4,2895,PRE_REMEDIATION,Filesystem: Boundary Escape (/tmp or %TEMP%),5. System Directory,ATTACK,UNOBSERVED,TRUSTED,MISSED,false,15
4,2897,PRE_REMEDIATION,Filesystem: Boundary Escape (/tmp or %TEMP%),2. %TEMP% Directory,ATTACK,UNOBSERVED,TRUSTED,MISSED,false,15
4,2899,PRE_REMEDIATION,Filesystem: Boundary Escape (/tmp or %TEMP%),3. User Profile Temp,ATTACK,UNOBSERVED,TRUSTED,MISSED,false,15
4,2901,PRE_REMEDIATION,Filesystem: Boundary Escape (/tmp or %TEMP%),4. Unconfigured Directory,ATTACK,UNOBSERVED,TRUSTED,MISSED,false,15
4,2903,PRE_REMEDIATION,Filesystem: Boundary Escape (/tmp or %TEMP%),5. System Directory,ATTACK,UNOBSERVED,TRUSTED,MISSED,false,15
4,2905,PRE_REMEDIATION,Filesystem: Boundary Escape (/tmp or %TEMP%),2. %TEMP% Directory,ATTACK,UNOBSERVED,TRUSTED,MISSED,false,15
4,2907,PRE_REMEDIATION,Filesystem: Boundary Escape (/tmp or %TEMP%),3. User Profile Temp,ATTACK,UNOBSERVED,TRUSTED,MISSED,false,15
4,2909,PRE_REMEDIATION,Filesystem: Boundary Escape (/tmp or %TEMP%),4. Unconfigured Directory,ATTACK,UNOBSERVED,TRUSTED,MISSED,false,15
4,2911,PRE_REMEDIATION,Filesystem: Boundary Escape (/tmp or %TEMP%),5. System Directory,ATTACK,UNOBSERVED,TRUSTED,MISSED,false,15
4,2913,PRE_REMEDIATION,Filesystem: Boundary Escape (/tmp or %TEMP%),2. %TEMP% Directory,ATTACK,UNOBSERVED,TRUSTED,MISSED,false,15
4,2915,PRE_REMEDIATION,Filesystem: Boundary Escape (/tmp or %TEMP%),3. User Profile Temp,ATTACK,UNOBSERVED,TRUSTED,MISSED,false,15
4,2917,PRE_REMEDIATION,Filesystem: Boundary Escape (/tmp or %TEMP%),4. Unconfigured Directory,ATTACK,UNOBSERVED,TRUSTED,MISSED,false,15
4,2919,PRE_REMEDIATION,Filesystem: Boundary Escape (/tmp or %TEMP%),5. System Directory,ATTACK,UNOBSERVED,TRUSTED,MISSED,false,15
4,2921,PRE_REMEDIATION,Filesystem: Boundary Escape (/tmp or %TEMP%),2. %TEMP% Directory,ATTACK,UNOBSERVED,TRUSTED,MISSED,false,15
4,2923,PRE_REMEDIATION,Filesystem: Boundary Escape (/tmp or %TEMP%),3. User Profile Temp,ATTACK,UNOBSERVED,TRUSTED,MISSED,false,15
4,2925,PRE_REMEDIATION,Filesystem: Boundary Escape (/tmp or %TEMP%),4. Unconfigured Directory,ATTACK,UNOBSERVED,TRUSTED,MISSED,false,15
4,2927,PRE_REMEDIATION,Filesystem: Boundary Escape (/tmp or %TEMP%),5. System Directory,ATTACK,UNOBSERVED,TRUSTED,MISSED,false,15
4,2929,PRE_REMEDIATION,Filesystem: Boundary Escape (/tmp or %TEMP%),2. %TEMP% Directory,ATTACK,UNOBSERVED,TRUSTED,MISSED,false,15
4,2931,PRE_REMEDIATION,Filesystem: Boundary Escape (/tmp or %TEMP%),3. User Profile Temp,ATTACK,UNOBSERVED,TRUSTED,MISSED,false,15
4,2933,PRE_REMEDIATION,Filesystem: Boundary Escape (/tmp or %TEMP%),4. Unconfigured Directory,ATTACK,UNOBSERVED,TRUSTED,MISSED,false,15
4,2935,PRE_REMEDIATION,Filesystem: Boundary Escape (/tmp or %TEMP%),5. System Directory,ATTACK,UNOBSERVED,TRUSTED,MISSED,false,15
4,2937,PRE_REMEDIATION,Filesystem: Boundary Escape (/tmp or %TEMP%),2. %TEMP% Directory,ATTACK,UNOBSERVED,TRUSTED,MISSED,false,15
4,2939,PRE_REMEDIATION,Filesystem: Boundary Escape (/tmp or %TEMP%),3. User Profile Temp,ATTACK,UNOBSERVED,TRUSTED,MISSED,false,15
4,2941,PRE_REMEDIATION,Filesystem: Boundary Escape (/tmp or %TEMP%),4. Unconfigured Directory,ATTACK,UNOBSERVED,TRUSTED,MISSED,false,15
4,2943,PRE_REMEDIATION,Filesystem: Boundary Escape (/tmp or %TEMP%),5. System Directory,ATTACK,UNOBSERVED,TRUSTED,MISSED,false,15
4,2945,PRE_REMEDIATION,Filesystem: Boundary Escape (/tmp or %TEMP%),2. %TEMP% Directory,ATTACK,UNOBSERVED,TRUSTED,MISSED,false,15
4,2947,PRE_REMEDIATION,Filesystem: Boundary Escape (/tmp or %TEMP%),3. User Profile Temp,ATTACK,UNOBSERVED,TRUSTED,MISSED,false,15
4,2949,PRE_REMEDIATION,Filesystem: Boundary Escape (/tmp or %TEMP%),4. Unconfigured Directory,ATTACK,UNOBSERVED,TRUSTED,MISSED,false,15
4,2951,PRE_REMEDIATION,Filesystem: Boundary Escape (/tmp or %TEMP%),5. System Directory,ATTACK,UNOBSERVED,TRUSTED,MISSED,false,15
4,2953,PRE_REMEDIATION,Filesystem: Boundary Escape (/tmp or %TEMP%),2. %TEMP% Directory,ATTACK,UNOBSERVED,TRUSTED,MISSED,false,15
4,2955,PRE_REMEDIATION,Filesystem: Boundary Escape (/tmp or %TEMP%),3. User Profile Temp,ATTACK,UNOBSERVED,TRUSTED,MISSED,false,15
4,2957,PRE_REMEDIATION,Filesystem: Boundary Escape (/tmp or %TEMP%),4. Unconfigured Directory,ATTACK,UNOBSERVED,TRUSTED,MISSED,false,15
4,2959,PRE_REMEDIATION,Filesystem: Boundary Escape (/tmp or %TEMP%),5. System Directory,ATTACK,UNOBSERVED,TRUSTED,MISSED,false,15
4,2961,PRE_REMEDIATION,Filesystem: Boundary Escape (/tmp or %TEMP%),2. %TEMP% Directory,ATTACK,UNOBSERVED,TRUSTED,MISSED,false,15
4,2963,PRE_REMEDIATION,Filesystem: Boundary Escape (/tmp or %TEMP%),3. User Profile Temp,ATTACK,UNOBSERVED,TRUSTED,MISSED,false,15
4,2965,PRE_REMEDIATION,Filesystem: Boundary Escape (/tmp or %TEMP%),4. Unconfigured Directory,ATTACK,UNOBSERVED,TRUSTED,MISSED,false,15
4,2967,PRE_REMEDIATION,Filesystem: Boundary Escape (/tmp or %TEMP%),5. System Directory,ATTACK,UNOBSERVED,TRUSTED,MISSED,false,15
4,2969,PRE_REMEDIATION,Filesystem: Boundary Escape (/tmp or %TEMP%),2. %TEMP% Directory,ATTACK,UNOBSERVED,TRUSTED,MISSED,false,15
4,2971,PRE_REMEDIATION,Filesystem: Boundary Escape (/tmp or %TEMP%),3. User Profile Temp,ATTACK,UNOBSERVED,TRUSTED,MISSED,false,15
4,2973,PRE_REMEDIATION,Filesystem: Boundary Escape (/tmp or %TEMP%),4. Unconfigured Directory,ATTACK,UNOBSERVED,TRUSTED,MISSED,false,15
4,2975,PRE_REMEDIATION,Filesystem: Boundary Escape (/tmp or %TEMP%),5. System Directory,ATTACK,UNOBSERVED,TRUSTED,MISSED,false,15
4,2977,PRE_REMEDIATION,Filesystem: Boundary Escape (/tmp or %TEMP%),2. %TEMP% Directory,ATTACK,UNOBSERVED,TRUSTED,MISSED,false,15
4,2979,PRE_REMEDIATION,Filesystem: Boundary Escape (/tmp or %TEMP%),3. User Profile Temp,ATTACK,UNOBSERVED,TRUSTED,MISSED,false,15
4,2981,PRE_REMEDIATION,Filesystem: Boundary Escape (/tmp or %TEMP%),4. Unconfigured Directory,ATTACK,UNOBSERVED,TRUSTED,MISSED,false,15
4,2983,PRE_REMEDIATION,Filesystem: Boundary Escape (/tmp or %TEMP%),5. System Directory,ATTACK,UNOBSERVED,TRUSTED,MISSED,false,15
4,2985,PRE_REMEDIATION,Filesystem: Boundary Escape (/tmp or %TEMP%),2. %TEMP% Directory,ATTACK,UNOBSERVED,TRUSTED,MISSED,false,15
4,2987,PRE_REMEDIATION,Filesystem: Boundary Escape (/tmp or %TEMP%),3. User Profile Temp,ATTACK,UNOBSERVED,TRUSTED,MISSED,false,15
4,2989,PRE_REMEDIATION,Filesystem: Boundary Escape (/tmp or %TEMP%),4. Unconfigured Directory,ATTACK,UNOBSERVED,TRUSTED,MISSED,false,15
4,2991,PRE_REMEDIATION,Filesystem: Boundary Escape (/tmp or %TEMP%),5. System Directory,ATTACK,UNOBSERVED,TRUSTED,MISSED,false,15
4,2993,PRE_REMEDIATION,Filesystem: Boundary Escape (/tmp or %TEMP%),2. %TEMP% Directory,ATTACK,UNOBSERVED,TRUSTED,MISSED,false,15
4,2995,PRE_REMEDIATION,Filesystem: Boundary Escape (/tmp or %TEMP%),3. User Profile Temp,ATTACK,UNOBSERVED,TRUSTED,MISSED,false,15
4,2997,PRE_REMEDIATION,Filesystem: Boundary Escape (/tmp or %TEMP%),4. Unconfigured Directory,ATTACK,UNOBSERVED,TRUSTED,MISSED,false,15
4,2999,PRE_REMEDIATION,Filesystem: Boundary Escape (/tmp or %TEMP%),5. System Directory,ATTACK,UNOBSERVED,TRUSTED,MISSED,false,15
4,3001,PRE_REMEDIATION,Network: Ephemeral UDP/DNS Exfiltration,3. Unauthorized DNS TXT Exfiltration,ATTACK,UNOBSERVED,TRUSTED,MISSED,false,14
4,3003,PRE_REMEDIATION,Network: Ephemeral UDP/DNS Exfiltration,4. Stateless UDP Socket Egress,ATTACK,UNOBSERVED,TRUSTED,MISSED,false,14
4,3005,PRE_REMEDIATION,Network: Ephemeral UDP/DNS Exfiltration,3. Unauthorized DNS TXT Exfiltration,ATTACK,UNOBSERVED,TRUSTED,MISSED,false,14
4,3007,PRE_REMEDIATION,Network: Ephemeral UDP/DNS Exfiltration,4. Stateless UDP Socket Egress,ATTACK,UNOBSERVED,TRUSTED,MISSED,false,14
4,3009,PRE_REMEDIATION,Network: Ephemeral UDP/DNS Exfiltration,3. Unauthorized DNS TXT Exfiltration,ATTACK,UNOBSERVED,TRUSTED,MISSED,false,14
4,3011,PRE_REMEDIATION,Network: Ephemeral UDP/DNS Exfiltration,4. Stateless UDP Socket Egress,ATTACK,UNOBSERVED,TRUSTED,MISSED,false,14
4,3013,PRE_REMEDIATION,Network: Ephemeral UDP/DNS Exfiltration,3. Unauthorized DNS TXT Exfiltration,ATTACK,UNOBSERVED,TRUSTED,MISSED,false,14
4,3015,PRE_REMEDIATION,Network: Ephemeral UDP/DNS Exfiltration,4. Stateless UDP Socket Egress,ATTACK,UNOBSERVED,TRUSTED,MISSED,false,14
4,3017,PRE_REMEDIATION,Network: Ephemeral UDP/DNS Exfiltration,3. Unauthorized DNS TXT Exfiltration,ATTACK,UNOBSERVED,TRUSTED,MISSED,false,14
4,3019,PRE_REMEDIATION,Network: Ephemeral UDP/DNS Exfiltration,4. Stateless UDP Socket Egress,ATTACK,UNOBSERVED,TRUSTED,MISSED,false,14
4,3021,PRE_REMEDIATION,Network: Ephemeral UDP/DNS Exfiltration,3. Unauthorized DNS TXT Exfiltration,ATTACK,UNOBSERVED,TRUSTED,MISSED,false,14
4,3023,PRE_REMEDIATION,Network: Ephemeral UDP/DNS Exfiltration,4. Stateless UDP Socket Egress,ATTACK,UNOBSERVED,TRUSTED,MISSED,false,14
4,3025,PRE_REMEDIATION,Network: Ephemeral UDP/DNS Exfiltration,3. Unauthorized DNS TXT Exfiltration,ATTACK,UNOBSERVED,TRUSTED,MISSED,false,14
4,3027,PRE_REMEDIATION,Network: Ephemeral UDP/DNS Exfiltration,4. Stateless UDP Socket Egress,ATTACK,UNOBSERVED,TRUSTED,MISSED,false,14
4,3029,PRE_REMEDIATION,Network: Ephemeral UDP/DNS Exfiltration,3. Unauthorized DNS TXT Exfiltration,ATTACK,UNOBSERVED,TRUSTED,MISSED,false,14
4,3031,PRE_REMEDIATION,Network: Ephemeral UDP/DNS Exfiltration,4. Stateless UDP Socket Egress,ATTACK,UNOBSERVED,TRUSTED,MISSED,false,14
4,3033,PRE_REMEDIATION,Network: Ephemeral UDP/DNS Exfiltration,3. Unauthorized DNS TXT Exfiltration,ATTACK,UNOBSERVED,TRUSTED,MISSED,false,14
4,3035,PRE_REMEDIATION,Network: Ephemeral UDP/DNS Exfiltration,4. Stateless UDP Socket Egress,ATTACK,UNOBSERVED,TRUSTED,MISSED,false,14
4,3037,PRE_REMEDIATION,Network: Ephemeral UDP/DNS Exfiltration,3. Unauthorized DNS TXT Exfiltration,ATTACK,UNOBSERVED,TRUSTED,MISSED,false,14
4,3039,PRE_REMEDIATION,Network: Ephemeral UDP/DNS Exfiltration,4. Stateless UDP Socket Egress,ATTACK,UNOBSERVED,TRUSTED,MISSED,false,14
4,3041,PRE_REMEDIATION,Network: Ephemeral UDP/DNS Exfiltration,3. Unauthorized DNS TXT Exfiltration,ATTACK,UNOBSERVED,TRUSTED,MISSED,false,14
4,3043,PRE_REMEDIATION,Network: Ephemeral UDP/DNS Exfiltration,4. Stateless UDP Socket Egress,ATTACK,UNOBSERVED,TRUSTED,MISSED,false,14
4,3045,PRE_REMEDIATION,Network: Ephemeral UDP/DNS Exfiltration,3. Unauthorized DNS TXT Exfiltration,ATTACK,UNOBSERVED,TRUSTED,MISSED,false,14
4,3047,PRE_REMEDIATION,Network: Ephemeral UDP/DNS Exfiltration,4. Stateless UDP Socket Egress,ATTACK,UNOBSERVED,TRUSTED,MISSED,false,14
4,3049,PRE_REMEDIATION,Network: Ephemeral UDP/DNS Exfiltration,3. Unauthorized DNS TXT Exfiltration,ATTACK,UNOBSERVED,TRUSTED,MISSED,false,14
4,3051,PRE_REMEDIATION,Network: Ephemeral UDP/DNS Exfiltration,4. Stateless UDP Socket Egress,ATTACK,UNOBSERVED,TRUSTED,MISSED,false,14
4,3053,PRE_REMEDIATION,Network: Ephemeral UDP/DNS Exfiltration,3. Unauthorized DNS TXT Exfiltration,ATTACK,UNOBSERVED,TRUSTED,MISSED,false,14
4,3055,PRE_REMEDIATION,Network: Ephemeral UDP/DNS Exfiltration,4. Stateless UDP Socket Egress,ATTACK,UNOBSERVED,TRUSTED,MISSED,false,14
4,3057,PRE_REMEDIATION,Network: Ephemeral UDP/DNS Exfiltration,3. Unauthorized DNS TXT Exfiltration,ATTACK,UNOBSERVED,TRUSTED,MISSED,false,14
4,3059,PRE_REMEDIATION,Network: Ephemeral UDP/DNS Exfiltration,4. Stateless UDP Socket Egress,ATTACK,UNOBSERVED,TRUSTED,MISSED,false,14
4,3061,PRE_REMEDIATION,Network: Ephemeral UDP/DNS Exfiltration,3. Unauthorized DNS TXT Exfiltration,ATTACK,UNOBSERVED,TRUSTED,MISSED,false,14
4,3063,PRE_REMEDIATION,Network: Ephemeral UDP/DNS Exfiltration,4. Stateless UDP Socket Egress,ATTACK,UNOBSERVED,TRUSTED,MISSED,false,14
4,3065,PRE_REMEDIATION,Network: Ephemeral UDP/DNS Exfiltration,3. Unauthorized DNS TXT Exfiltration,ATTACK,UNOBSERVED,TRUSTED,MISSED,false,14
4,3067,PRE_REMEDIATION,Network: Ephemeral UDP/DNS Exfiltration,4. Stateless UDP Socket Egress,ATTACK,UNOBSERVED,TRUSTED,MISSED,false,14
4,3069,PRE_REMEDIATION,Network: Ephemeral UDP/DNS Exfiltration,3. Unauthorized DNS TXT Exfiltration,ATTACK,UNOBSERVED,TRUSTED,MISSED,false,14
4,3071,PRE_REMEDIATION,Network: Ephemeral UDP/DNS Exfiltration,4. Stateless UDP Socket Egress,ATTACK,UNOBSERVED,TRUSTED,MISSED,false,14
4,3073,PRE_REMEDIATION,Network: Ephemeral UDP/DNS Exfiltration,3. Unauthorized DNS TXT Exfiltration,ATTACK,UNOBSERVED,TRUSTED,MISSED,false,14
4,3075,PRE_REMEDIATION,Network: Ephemeral UDP/DNS Exfiltration,4. Stateless UDP Socket Egress,ATTACK,UNOBSERVED,TRUSTED,MISSED,false,14
4,3077,PRE_REMEDIATION,Network: Ephemeral UDP/DNS Exfiltration,3. Unauthorized DNS TXT Exfiltration,ATTACK,UNOBSERVED,TRUSTED,MISSED,false,14
4,3079,PRE_REMEDIATION,Network: Ephemeral UDP/DNS Exfiltration,4. Stateless UDP Socket Egress,ATTACK,UNOBSERVED,TRUSTED,MISSED,false,14
4,3081,PRE_REMEDIATION,Network: Ephemeral UDP/DNS Exfiltration,3. Unauthorized DNS TXT Exfiltration,ATTACK,UNOBSERVED,TRUSTED,MISSED,false,14
4,3083,PRE_REMEDIATION,Network: Ephemeral UDP/DNS Exfiltration,4. Stateless UDP Socket Egress,ATTACK,UNOBSERVED,TRUSTED,MISSED,false,14
4,3085,PRE_REMEDIATION,Network: Ephemeral UDP/DNS Exfiltration,3. Unauthorized DNS TXT Exfiltration,ATTACK,UNOBSERVED,TRUSTED,MISSED,false,14
4,3087,PRE_REMEDIATION,Network: Ephemeral UDP/DNS Exfiltration,4. Stateless UDP Socket Egress,ATTACK,UNOBSERVED,TRUSTED,MISSED,false,14
4,3089,PRE_REMEDIATION,Network: Ephemeral UDP/DNS Exfiltration,3. Unauthorized DNS TXT Exfiltration,ATTACK,UNOBSERVED,TRUSTED,MISSED,false,14
4,3091,PRE_REMEDIATION,Network: Ephemeral UDP/DNS Exfiltration,4. Stateless UDP Socket Egress,ATTACK,UNOBSERVED,TRUSTED,MISSED,false,14
4,3093,PRE_REMEDIATION,Network: Ephemeral UDP/DNS Exfiltration,3. Unauthorized DNS TXT Exfiltration,ATTACK,UNOBSERVED,TRUSTED,MISSED,false,14
4,3095,PRE_REMEDIATION,Network: Ephemeral UDP/DNS Exfiltration,4. Stateless UDP Socket Egress,ATTACK,UNOBSERVED,TRUSTED,MISSED,false,14
4,3097,PRE_REMEDIATION,Network: Ephemeral UDP/DNS Exfiltration,3. Unauthorized DNS TXT Exfiltration,ATTACK,UNOBSERVED,TRUSTED,MISSED,false,14
4,3099,PRE_REMEDIATION,Network: Ephemeral UDP/DNS Exfiltration,4. Stateless UDP Socket Egress,ATTACK,UNOBSERVED,TRUSTED,MISSED,false,14
4,3101,PRE_REMEDIATION,Network: Ephemeral UDP/DNS Exfiltration,3. Unauthorized DNS TXT Exfiltration,ATTACK,UNOBSERVED,TRUSTED,MISSED,false,14
4,3103,PRE_REMEDIATION,Network: Ephemeral UDP/DNS Exfiltration,4. Stateless UDP Socket Egress,ATTACK,UNOBSERVED,TRUSTED,MISSED,false,14
4,3105,PRE_REMEDIATION,Network: Ephemeral UDP/DNS Exfiltration,3. Unauthorized DNS TXT Exfiltration,ATTACK,UNOBSERVED,TRUSTED,MISSED,false,14
4,3107,PRE_REMEDIATION,Network: Ephemeral UDP/DNS Exfiltration,4. Stateless UDP Socket Egress,ATTACK,UNOBSERVED,TRUSTED,MISSED,false,14
4,3109,PRE_REMEDIATION,Network: Ephemeral UDP/DNS Exfiltration,3. Unauthorized DNS TXT Exfiltration,ATTACK,UNOBSERVED,TRUSTED,MISSED,false,14
4,3111,PRE_REMEDIATION,Network: Ephemeral UDP/DNS Exfiltration,4. Stateless UDP Socket Egress,ATTACK,UNOBSERVED,TRUSTED,MISSED,false,14
4,3113,PRE_REMEDIATION,Network: Ephemeral UDP/DNS Exfiltration,3. Unauthorized DNS TXT Exfiltration,ATTACK,UNOBSERVED,TRUSTED,MISSED,false,14
4,3115,PRE_REMEDIATION,Network: Ephemeral UDP/DNS Exfiltration,4. Stateless UDP Socket Egress,ATTACK,UNOBSERVED,TRUSTED,MISSED,false,14
4,3117,PRE_REMEDIATION,Network: Ephemeral UDP/DNS Exfiltration,3. Unauthorized DNS TXT Exfiltration,ATTACK,UNOBSERVED,TRUSTED,MISSED,false,14
4,3119,PRE_REMEDIATION,Network: Ephemeral UDP/DNS Exfiltration,4. Stateless UDP Socket Egress,ATTACK,UNOBSERVED,TRUSTED,MISSED,false,14
4,3121,PRE_REMEDIATION,Network: Ephemeral UDP/DNS Exfiltration,3. Unauthorized DNS TXT Exfiltration,ATTACK,UNOBSERVED,TRUSTED,MISSED,false,14
4,3123,PRE_REMEDIATION,Network: Ephemeral UDP/DNS Exfiltration,4. Stateless UDP Socket Egress,ATTACK,UNOBSERVED,TRUSTED,MISSED,false,14
4,3125,PRE_REMEDIATION,Network: Ephemeral UDP/DNS Exfiltration,3. Unauthorized DNS TXT Exfiltration,ATTACK,UNOBSERVED,TRUSTED,MISSED,false,14
4,3127,PRE_REMEDIATION,Network: Ephemeral UDP/DNS Exfiltration,4. Stateless UDP Socket Egress,ATTACK,UNOBSERVED,TRUSTED,MISSED,false,14
4,3129,PRE_REMEDIATION,Network: Ephemeral UDP/DNS Exfiltration,3. Unauthorized DNS TXT Exfiltration,ATTACK,UNOBSERVED,TRUSTED,MISSED,false,14
4,3131,PRE_REMEDIATION,Network: Ephemeral UDP/DNS Exfiltration,4. Stateless UDP Socket Egress,ATTACK,UNOBSERVED,TRUSTED,MISSED,false,14
4,3133,PRE_REMEDIATION,Network: Ephemeral UDP/DNS Exfiltration,3. Unauthorized DNS TXT Exfiltration,ATTACK,UNOBSERVED,TRUSTED,MISSED,false,14
4,3135,PRE_REMEDIATION,Network: Ephemeral UDP/DNS Exfiltration,4. Stateless UDP Socket Egress,ATTACK,UNOBSERVED,TRUSTED,MISSED,false,14
4,3137,PRE_REMEDIATION,Network: Ephemeral UDP/DNS Exfiltration,3. Unauthorized DNS TXT Exfiltration,ATTACK,UNOBSERVED,TRUSTED,MISSED,false,14
4,3139,PRE_REMEDIATION,Network: Ephemeral UDP/DNS Exfiltration,4. Stateless UDP Socket Egress,ATTACK,UNOBSERVED,TRUSTED,MISSED,false,14
4,3141,PRE_REMEDIATION,Network: Ephemeral UDP/DNS Exfiltration,3. Unauthorized DNS TXT Exfiltration,ATTACK,UNOBSERVED,TRUSTED,MISSED,false,14
4,3143,PRE_REMEDIATION,Network: Ephemeral UDP/DNS Exfiltration,4. Stateless UDP Socket Egress,ATTACK,UNOBSERVED,TRUSTED,MISSED,false,14
4,3145,PRE_REMEDIATION,Network: Ephemeral UDP/DNS Exfiltration,3. Unauthorized DNS TXT Exfiltration,ATTACK,UNOBSERVED,TRUSTED,MISSED,false,14
4,3147,PRE_REMEDIATION,Network: Ephemeral UDP/DNS Exfiltration,4. Stateless UDP Socket Egress,ATTACK,UNOBSERVED,TRUSTED,MISSED,false,14
4,3149,PRE_REMEDIATION,Network: Ephemeral UDP/DNS Exfiltration,3. Unauthorized DNS TXT Exfiltration,ATTACK,UNOBSERVED,TRUSTED,MISSED,false,14
4,3151,PRE_REMEDIATION,Network: Ephemeral UDP/DNS Exfiltration,4. Stateless UDP Socket Egress,ATTACK,UNOBSERVED,TRUSTED,MISSED,false,14
4,3153,PRE_REMEDIATION,Network: Ephemeral UDP/DNS Exfiltration,3. Unauthorized DNS TXT Exfiltration,ATTACK,UNOBSERVED,TRUSTED,MISSED,false,14
4,3155,PRE_REMEDIATION,Network: Ephemeral UDP/DNS Exfiltration,4. Stateless UDP Socket Egress,ATTACK,UNOBSERVED,TRUSTED,MISSED,false,14
4,3157,PRE_REMEDIATION,Network: Ephemeral UDP/DNS Exfiltration,3. Unauthorized DNS TXT Exfiltration,ATTACK,UNOBSERVED,TRUSTED,MISSED,false,14
4,3159,PRE_REMEDIATION,Network: Ephemeral UDP/DNS Exfiltration,4. Stateless UDP Socket Egress,ATTACK,UNOBSERVED,TRUSTED,MISSED,false,14
4,3161,PRE_REMEDIATION,Network: Ephemeral UDP/DNS Exfiltration,3. Unauthorized DNS TXT Exfiltration,ATTACK,UNOBSERVED,TRUSTED,MISSED,false,14
4,3163,PRE_REMEDIATION,Network: Ephemeral UDP/DNS Exfiltration,4. Stateless UDP Socket Egress,ATTACK,UNOBSERVED,TRUSTED,MISSED,false,14
4,3165,PRE_REMEDIATION,Network: Ephemeral UDP/DNS Exfiltration,3. Unauthorized DNS TXT Exfiltration,ATTACK,UNOBSERVED,TRUSTED,MISSED,false,14
4,3167,PRE_REMEDIATION,Network: Ephemeral UDP/DNS Exfiltration,4. Stateless UDP Socket Egress,ATTACK,UNOBSERVED,TRUSTED,MISSED,false,14
4,3169,PRE_REMEDIATION,Network: Ephemeral UDP/DNS Exfiltration,3. Unauthorized DNS TXT Exfiltration,ATTACK,UNOBSERVED,TRUSTED,MISSED,false,14
4,3171,PRE_REMEDIATION,Network: Ephemeral UDP/DNS Exfiltration,4. Stateless UDP Socket Egress,ATTACK,UNOBSERVED,TRUSTED,MISSED,false,14
4,3173,PRE_REMEDIATION,Network: Ephemeral UDP/DNS Exfiltration,3. Unauthorized DNS TXT Exfiltration,ATTACK,UNOBSERVED,TRUSTED,MISSED,false,14
4,3175,PRE_REMEDIATION,Network: Ephemeral UDP/DNS Exfiltration,4. Stateless UDP Socket Egress,ATTACK,UNOBSERVED,TRUSTED,MISSED,false,14
4,3177,PRE_REMEDIATION,Network: Ephemeral UDP/DNS Exfiltration,3. Unauthorized DNS TXT Exfiltration,ATTACK,UNOBSERVED,TRUSTED,MISSED,false,14
4,3179,PRE_REMEDIATION,Network: Ephemeral UDP/DNS Exfiltration,4. Stateless UDP Socket Egress,ATTACK,UNOBSERVED,TRUSTED,MISSED,false,14
4,3181,PRE_REMEDIATION,Network: Ephemeral UDP/DNS Exfiltration,3. Unauthorized DNS TXT Exfiltration,ATTACK,UNOBSERVED,TRUSTED,MISSED,false,14
4,3183,PRE_REMEDIATION,Network: Ephemeral UDP/DNS Exfiltration,4. Stateless UDP Socket Egress,ATTACK,UNOBSERVED,TRUSTED,MISSED,false,14
4,3185,PRE_REMEDIATION,Network: Ephemeral UDP/DNS Exfiltration,3. Unauthorized DNS TXT Exfiltration,ATTACK,UNOBSERVED,TRUSTED,MISSED,false,14
4,3187,PRE_REMEDIATION,Network: Ephemeral UDP/DNS Exfiltration,4. Stateless UDP Socket Egress,ATTACK,UNOBSERVED,TRUSTED,MISSED,false,14
4,3189,PRE_REMEDIATION,Network: Ephemeral UDP/DNS Exfiltration,3. Unauthorized DNS TXT Exfiltration,ATTACK,UNOBSERVED,TRUSTED,MISSED,false,14
4,3191,PRE_REMEDIATION,Network: Ephemeral UDP/DNS Exfiltration,4. Stateless UDP Socket Egress,ATTACK,UNOBSERVED,TRUSTED,MISSED,false,14
4,3193,PRE_REMEDIATION,Network: Ephemeral UDP/DNS Exfiltration,3. Unauthorized DNS TXT Exfiltration,ATTACK,UNOBSERVED,TRUSTED,MISSED,false,14
4,3195,PRE_REMEDIATION,Network: Ephemeral UDP/DNS Exfiltration,4. Stateless UDP Socket Egress,ATTACK,UNOBSERVED,TRUSTED,MISSED,false,14
4,3197,PRE_REMEDIATION,Network: Ephemeral UDP/DNS Exfiltration,3. Unauthorized DNS TXT Exfiltration,ATTACK,UNOBSERVED,TRUSTED,MISSED,false,14
4,3199,PRE_REMEDIATION,Network: Ephemeral UDP/DNS Exfiltration,4. Stateless UDP Socket Egress,ATTACK,UNOBSERVED,TRUSTED,MISSED,false,14
5,3201,PRE_REMEDIATION,Source: Commit Author/Email Spoofing,Case B: Unsigned Commit (Author Spoofed),ATTACK,UNOBSERVED,TRUSTED,MISSED,false,12
5,3203,PRE_REMEDIATION,Source: Commit Author/Email Spoofing,Case B: Unsigned Commit (Author Spoofed),ATTACK,UNOBSERVED,TRUSTED,MISSED,false,12
5,3205,PRE_REMEDIATION,Source: Commit Author/Email Spoofing,Case B: Unsigned Commit (Author Spoofed),ATTACK,UNOBSERVED,TRUSTED,MISSED,false,12
5,3207,PRE_REMEDIATION,Source: Commit Author/Email Spoofing,Case B: Unsigned Commit (Author Spoofed),ATTACK,UNOBSERVED,TRUSTED,MISSED,false,12
5,3209,PRE_REMEDIATION,Source: Commit Author/Email Spoofing,Case B: Unsigned Commit (Author Spoofed),ATTACK,UNOBSERVED,TRUSTED,MISSED,false,12
5,3211,PRE_REMEDIATION,Source: Commit Author/Email Spoofing,Case B: Unsigned Commit (Author Spoofed),ATTACK,UNOBSERVED,TRUSTED,MISSED,false,12
5,3213,PRE_REMEDIATION,Source: Commit Author/Email Spoofing,Case B: Unsigned Commit (Author Spoofed),ATTACK,UNOBSERVED,TRUSTED,MISSED,false,12
5,3215,PRE_REMEDIATION,Source: Commit Author/Email Spoofing,Case B: Unsigned Commit (Author Spoofed),ATTACK,UNOBSERVED,TRUSTED,MISSED,false,12
5,3217,PRE_REMEDIATION,Source: Commit Author/Email Spoofing,Case B: Unsigned Commit (Author Spoofed),ATTACK,UNOBSERVED,TRUSTED,MISSED,false,12
5,3219,PRE_REMEDIATION,Source: Commit Author/Email Spoofing,Case B: Unsigned Commit (Author Spoofed),ATTACK,UNOBSERVED,TRUSTED,MISSED,false,12
5,3221,PRE_REMEDIATION,Source: Commit Author/Email Spoofing,Case B: Unsigned Commit (Author Spoofed),ATTACK,UNOBSERVED,TRUSTED,MISSED,false,12
5,3223,PRE_REMEDIATION,Source: Commit Author/Email Spoofing,Case B: Unsigned Commit (Author Spoofed),ATTACK,UNOBSERVED,TRUSTED,MISSED,false,12
5,3225,PRE_REMEDIATION,Source: Commit Author/Email Spoofing,Case B: Unsigned Commit (Author Spoofed),ATTACK,UNOBSERVED,TRUSTED,MISSED,false,12
5,3227,PRE_REMEDIATION,Source: Commit Author/Email Spoofing,Case B: Unsigned Commit (Author Spoofed),ATTACK,UNOBSERVED,TRUSTED,MISSED,false,12
5,3229,PRE_REMEDIATION,Source: Commit Author/Email Spoofing,Case B: Unsigned Commit (Author Spoofed),ATTACK,UNOBSERVED,TRUSTED,MISSED,false,12
5,3231,PRE_REMEDIATION,Source: Commit Author/Email Spoofing,Case B: Unsigned Commit (Author Spoofed),ATTACK,UNOBSERVED,TRUSTED,MISSED,false,12
5,3233,PRE_REMEDIATION,Source: Commit Author/Email Spoofing,Case B: Unsigned Commit (Author Spoofed),ATTACK,UNOBSERVED,TRUSTED,MISSED,false,12
5,3235,PRE_REMEDIATION,Source: Commit Author/Email Spoofing,Case B: Unsigned Commit (Author Spoofed),ATTACK,UNOBSERVED,TRUSTED,MISSED,false,12
5,3237,PRE_REMEDIATION,Source: Commit Author/Email Spoofing,Case B: Unsigned Commit (Author Spoofed),ATTACK,UNOBSERVED,TRUSTED,MISSED,false,12
5,3239,PRE_REMEDIATION,Source: Commit Author/Email Spoofing,Case B: Unsigned Commit (Author Spoofed),ATTACK,UNOBSERVED,TRUSTED,MISSED,false,12
5,3241,PRE_REMEDIATION,Source: Commit Author/Email Spoofing,Case B: Unsigned Commit (Author Spoofed),ATTACK,UNOBSERVED,TRUSTED,MISSED,false,12
5,3243,PRE_REMEDIATION,Source: Commit Author/Email Spoofing,Case B: Unsigned Commit (Author Spoofed),ATTACK,UNOBSERVED,TRUSTED,MISSED,false,12
5,3245,PRE_REMEDIATION,Source: Commit Author/Email Spoofing,Case B: Unsigned Commit (Author Spoofed),ATTACK,UNOBSERVED,TRUSTED,MISSED,false,12
5,3247,PRE_REMEDIATION,Source: Commit Author/Email Spoofing,Case B: Unsigned Commit (Author Spoofed),ATTACK,UNOBSERVED,TRUSTED,MISSED,false,12
5,3249,PRE_REMEDIATION,Source: Commit Author/Email Spoofing,Case B: Unsigned Commit (Author Spoofed),ATTACK,UNOBSERVED,TRUSTED,MISSED,false,12
5,3251,PRE_REMEDIATION,Source: Commit Author/Email Spoofing,Case B: Unsigned Commit (Author Spoofed),ATTACK,UNOBSERVED,TRUSTED,MISSED,false,12
5,3253,PRE_REMEDIATION,Source: Commit Author/Email Spoofing,Case B: Unsigned Commit (Author Spoofed),ATTACK,UNOBSERVED,TRUSTED,MISSED,false,12
5,3255,PRE_REMEDIATION,Source: Commit Author/Email Spoofing,Case B: Unsigned Commit (Author Spoofed),ATTACK,UNOBSERVED,TRUSTED,MISSED,false,12
5,3257,PRE_REMEDIATION,Source: Commit Author/Email Spoofing,Case B: Unsigned Commit (Author Spoofed),ATTACK,UNOBSERVED,TRUSTED,MISSED,false,12
5,3259,PRE_REMEDIATION,Source: Commit Author/Email Spoofing,Case B: Unsigned Commit (Author Spoofed),ATTACK,UNOBSERVED,TRUSTED,MISSED,false,12
5,3261,PRE_REMEDIATION,Source: Commit Author/Email Spoofing,Case B: Unsigned Commit (Author Spoofed),ATTACK,UNOBSERVED,TRUSTED,MISSED,false,12
5,3263,PRE_REMEDIATION,Source: Commit Author/Email Spoofing,Case B: Unsigned Commit (Author Spoofed),ATTACK,UNOBSERVED,TRUSTED,MISSED,false,12
5,3265,PRE_REMEDIATION,Source: Commit Author/Email Spoofing,Case B: Unsigned Commit (Author Spoofed),ATTACK,UNOBSERVED,TRUSTED,MISSED,false,12
5,3267,PRE_REMEDIATION,Source: Commit Author/Email Spoofing,Case B: Unsigned Commit (Author Spoofed),ATTACK,UNOBSERVED,TRUSTED,MISSED,false,12
5,3269,PRE_REMEDIATION,Source: Commit Author/Email Spoofing,Case B: Unsigned Commit (Author Spoofed),ATTACK,UNOBSERVED,TRUSTED,MISSED,false,12
5,3271,PRE_REMEDIATION,Source: Commit Author/Email Spoofing,Case B: Unsigned Commit (Author Spoofed),ATTACK,UNOBSERVED,TRUSTED,MISSED,false,12
5,3273,PRE_REMEDIATION,Source: Commit Author/Email Spoofing,Case B: Unsigned Commit (Author Spoofed),ATTACK,UNOBSERVED,TRUSTED,MISSED,false,12
5,3275,PRE_REMEDIATION,Source: Commit Author/Email Spoofing,Case B: Unsigned Commit (Author Spoofed),ATTACK,UNOBSERVED,TRUSTED,MISSED,false,12
5,3277,PRE_REMEDIATION,Source: Commit Author/Email Spoofing,Case B: Unsigned Commit (Author Spoofed),ATTACK,UNOBSERVED,TRUSTED,MISSED,false,12
5,3279,PRE_REMEDIATION,Source: Commit Author/Email Spoofing,Case B: Unsigned Commit (Author Spoofed),ATTACK,UNOBSERVED,TRUSTED,MISSED,false,12
5,3281,PRE_REMEDIATION,Source: Commit Author/Email Spoofing,Case B: Unsigned Commit (Author Spoofed),ATTACK,UNOBSERVED,TRUSTED,MISSED,false,12
5,3283,PRE_REMEDIATION,Source: Commit Author/Email Spoofing,Case B: Unsigned Commit (Author Spoofed),ATTACK,UNOBSERVED,TRUSTED,MISSED,false,12
5,3285,PRE_REMEDIATION,Source: Commit Author/Email Spoofing,Case B: Unsigned Commit (Author Spoofed),ATTACK,UNOBSERVED,TRUSTED,MISSED,false,12
5,3287,PRE_REMEDIATION,Source: Commit Author/Email Spoofing,Case B: Unsigned Commit (Author Spoofed),ATTACK,UNOBSERVED,TRUSTED,MISSED,false,12
5,3289,PRE_REMEDIATION,Source: Commit Author/Email Spoofing,Case B: Unsigned Commit (Author Spoofed),ATTACK,UNOBSERVED,TRUSTED,MISSED,false,12
5,3291,PRE_REMEDIATION,Source: Commit Author/Email Spoofing,Case B: Unsigned Commit (Author Spoofed),ATTACK,UNOBSERVED,TRUSTED,MISSED,false,12
5,3293,PRE_REMEDIATION,Source: Commit Author/Email Spoofing,Case B: Unsigned Commit (Author Spoofed),ATTACK,UNOBSERVED,TRUSTED,MISSED,false,12
5,3295,PRE_REMEDIATION,Source: Commit Author/Email Spoofing,Case B: Unsigned Commit (Author Spoofed),ATTACK,UNOBSERVED,TRUSTED,MISSED,false,12
5,3297,PRE_REMEDIATION,Source: Commit Author/Email Spoofing,Case B: Unsigned Commit (Author Spoofed),ATTACK,UNOBSERVED,TRUSTED,MISSED,false,12
5,3299,PRE_REMEDIATION,Source: Commit Author/Email Spoofing,Case B: Unsigned Commit (Author Spoofed),ATTACK,UNOBSERVED,TRUSTED,MISSED,false,12
5,3301,PRE_REMEDIATION,Source: Commit Author/Email Spoofing,Case B: Unsigned Commit (Author Spoofed),ATTACK,UNOBSERVED,TRUSTED,MISSED,false,12
5,3303,PRE_REMEDIATION,Source: Commit Author/Email Spoofing,Case B: Unsigned Commit (Author Spoofed),ATTACK,UNOBSERVED,TRUSTED,MISSED,false,12
5,3305,PRE_REMEDIATION,Source: Commit Author/Email Spoofing,Case B: Unsigned Commit (Author Spoofed),ATTACK,UNOBSERVED,TRUSTED,MISSED,false,12
5,3307,PRE_REMEDIATION,Source: Commit Author/Email Spoofing,Case B: Unsigned Commit (Author Spoofed),ATTACK,UNOBSERVED,TRUSTED,MISSED,false,12
5,3309,PRE_REMEDIATION,Source: Commit Author/Email Spoofing,Case B: Unsigned Commit (Author Spoofed),ATTACK,UNOBSERVED,TRUSTED,MISSED,false,12
5,3311,PRE_REMEDIATION,Source: Commit Author/Email Spoofing,Case B: Unsigned Commit (Author Spoofed),ATTACK,UNOBSERVED,TRUSTED,MISSED,false,12
5,3313,PRE_REMEDIATION,Source: Commit Author/Email Spoofing,Case B: Unsigned Commit (Author Spoofed),ATTACK,UNOBSERVED,TRUSTED,MISSED,false,12
5,3315,PRE_REMEDIATION,Source: Commit Author/Email Spoofing,Case B: Unsigned Commit (Author Spoofed),ATTACK,UNOBSERVED,TRUSTED,MISSED,false,12
5,3317,PRE_REMEDIATION,Source: Commit Author/Email Spoofing,Case B: Unsigned Commit (Author Spoofed),ATTACK,UNOBSERVED,TRUSTED,MISSED,false,12
5,3319,PRE_REMEDIATION,Source: Commit Author/Email Spoofing,Case B: Unsigned Commit (Author Spoofed),ATTACK,UNOBSERVED,TRUSTED,MISSED,false,12
5,3321,PRE_REMEDIATION,Source: Commit Author/Email Spoofing,Case B: Unsigned Commit (Author Spoofed),ATTACK,UNOBSERVED,TRUSTED,MISSED,false,12
5,3323,PRE_REMEDIATION,Source: Commit Author/Email Spoofing,Case B: Unsigned Commit (Author Spoofed),ATTACK,UNOBSERVED,TRUSTED,MISSED,false,12
5,3325,PRE_REMEDIATION,Source: Commit Author/Email Spoofing,Case B: Unsigned Commit (Author Spoofed),ATTACK,UNOBSERVED,TRUSTED,MISSED,false,12
5,3327,PRE_REMEDIATION,Source: Commit Author/Email Spoofing,Case B: Unsigned Commit (Author Spoofed),ATTACK,UNOBSERVED,TRUSTED,MISSED,false,12
5,3329,PRE_REMEDIATION,Source: Commit Author/Email Spoofing,Case B: Unsigned Commit (Author Spoofed),ATTACK,UNOBSERVED,TRUSTED,MISSED,false,12
5,3331,PRE_REMEDIATION,Source: Commit Author/Email Spoofing,Case B: Unsigned Commit (Author Spoofed),ATTACK,UNOBSERVED,TRUSTED,MISSED,false,12
5,3333,PRE_REMEDIATION,Source: Commit Author/Email Spoofing,Case B: Unsigned Commit (Author Spoofed),ATTACK,UNOBSERVED,TRUSTED,MISSED,false,12
5,3335,PRE_REMEDIATION,Source: Commit Author/Email Spoofing,Case B: Unsigned Commit (Author Spoofed),ATTACK,UNOBSERVED,TRUSTED,MISSED,false,12
5,3337,PRE_REMEDIATION,Source: Commit Author/Email Spoofing,Case B: Unsigned Commit (Author Spoofed),ATTACK,UNOBSERVED,TRUSTED,MISSED,false,12
5,3339,PRE_REMEDIATION,Source: Commit Author/Email Spoofing,Case B: Unsigned Commit (Author Spoofed),ATTACK,UNOBSERVED,TRUSTED,MISSED,false,12
5,3341,PRE_REMEDIATION,Source: Commit Author/Email Spoofing,Case B: Unsigned Commit (Author Spoofed),ATTACK,UNOBSERVED,TRUSTED,MISSED,false,12
5,3343,PRE_REMEDIATION,Source: Commit Author/Email Spoofing,Case B: Unsigned Commit (Author Spoofed),ATTACK,UNOBSERVED,TRUSTED,MISSED,false,12
5,3345,PRE_REMEDIATION,Source: Commit Author/Email Spoofing,Case B: Unsigned Commit (Author Spoofed),ATTACK,UNOBSERVED,TRUSTED,MISSED,false,12
5,3347,PRE_REMEDIATION,Source: Commit Author/Email Spoofing,Case B: Unsigned Commit (Author Spoofed),ATTACK,UNOBSERVED,TRUSTED,MISSED,false,12
5,3349,PRE_REMEDIATION,Source: Commit Author/Email Spoofing,Case B: Unsigned Commit (Author Spoofed),ATTACK,UNOBSERVED,TRUSTED,MISSED,false,12
5,3351,PRE_REMEDIATION,Source: Commit Author/Email Spoofing,Case B: Unsigned Commit (Author Spoofed),ATTACK,UNOBSERVED,TRUSTED,MISSED,false,12
5,3353,PRE_REMEDIATION,Source: Commit Author/Email Spoofing,Case B: Unsigned Commit (Author Spoofed),ATTACK,UNOBSERVED,TRUSTED,MISSED,false,12
5,3355,PRE_REMEDIATION,Source: Commit Author/Email Spoofing,Case B: Unsigned Commit (Author Spoofed),ATTACK,UNOBSERVED,TRUSTED,MISSED,false,12
5,3357,PRE_REMEDIATION,Source: Commit Author/Email Spoofing,Case B: Unsigned Commit (Author Spoofed),ATTACK,UNOBSERVED,TRUSTED,MISSED,false,12
5,3359,PRE_REMEDIATION,Source: Commit Author/Email Spoofing,Case B: Unsigned Commit (Author Spoofed),ATTACK,UNOBSERVED,TRUSTED,MISSED,false,12
5,3361,PRE_REMEDIATION,Source: Commit Author/Email Spoofing,Case B: Unsigned Commit (Author Spoofed),ATTACK,UNOBSERVED,TRUSTED,MISSED,false,12
5,3363,PRE_REMEDIATION,Source: Commit Author/Email Spoofing,Case B: Unsigned Commit (Author Spoofed),ATTACK,UNOBSERVED,TRUSTED,MISSED,false,12
5,3365,PRE_REMEDIATION,Source: Commit Author/Email Spoofing,Case B: Unsigned Commit (Author Spoofed),ATTACK,UNOBSERVED,TRUSTED,MISSED,false,12
5,3367,PRE_REMEDIATION,Source: Commit Author/Email Spoofing,Case B: Unsigned Commit (Author Spoofed),ATTACK,UNOBSERVED,TRUSTED,MISSED,false,12
5,3369,PRE_REMEDIATION,Source: Commit Author/Email Spoofing,Case B: Unsigned Commit (Author Spoofed),ATTACK,UNOBSERVED,TRUSTED,MISSED,false,12
5,3371,PRE_REMEDIATION,Source: Commit Author/Email Spoofing,Case B: Unsigned Commit (Author Spoofed),ATTACK,UNOBSERVED,TRUSTED,MISSED,false,12
5,3373,PRE_REMEDIATION,Source: Commit Author/Email Spoofing,Case B: Unsigned Commit (Author Spoofed),ATTACK,UNOBSERVED,TRUSTED,MISSED,false,12
5,3375,PRE_REMEDIATION,Source: Commit Author/Email Spoofing,Case B: Unsigned Commit (Author Spoofed),ATTACK,UNOBSERVED,TRUSTED,MISSED,false,12
5,3377,PRE_REMEDIATION,Source: Commit Author/Email Spoofing,Case B: Unsigned Commit (Author Spoofed),ATTACK,UNOBSERVED,TRUSTED,MISSED,false,12
5,3379,PRE_REMEDIATION,Source: Commit Author/Email Spoofing,Case B: Unsigned Commit (Author Spoofed),ATTACK,UNOBSERVED,TRUSTED,MISSED,false,12
5,3381,PRE_REMEDIATION,Source: Commit Author/Email Spoofing,Case B: Unsigned Commit (Author Spoofed),ATTACK,UNOBSERVED,TRUSTED,MISSED,false,12
5,3383,PRE_REMEDIATION,Source: Commit Author/Email Spoofing,Case B: Unsigned Commit (Author Spoofed),ATTACK,UNOBSERVED,TRUSTED,MISSED,false,12
5,3385,PRE_REMEDIATION,Source: Commit Author/Email Spoofing,Case B: Unsigned Commit (Author Spoofed),ATTACK,UNOBSERVED,TRUSTED,MISSED,false,12
5,3387,PRE_REMEDIATION,Source: Commit Author/Email Spoofing,Case B: Unsigned Commit (Author Spoofed),ATTACK,UNOBSERVED,TRUSTED,MISSED,false,12
5,3389,PRE_REMEDIATION,Source: Commit Author/Email Spoofing,Case B: Unsigned Commit (Author Spoofed),ATTACK,UNOBSERVED,TRUSTED,MISSED,false,12
5,3391,PRE_REMEDIATION,Source: Commit Author/Email Spoofing,Case B: Unsigned Commit (Author Spoofed),ATTACK,UNOBSERVED,TRUSTED,MISSED,false,12
5,3393,PRE_REMEDIATION,Source: Commit Author/Email Spoofing,Case B: Unsigned Commit (Author Spoofed),ATTACK,UNOBSERVED,TRUSTED,MISSED,false,12
5,3395,PRE_REMEDIATION,Source: Commit Author/Email Spoofing,Case B: Unsigned Commit (Author Spoofed),ATTACK,UNOBSERVED,TRUSTED,MISSED,false,12
5,3397,PRE_REMEDIATION,Source: Commit Author/Email Spoofing,Case B: Unsigned Commit (Author Spoofed),ATTACK,UNOBSERVED,TRUSTED,MISSED,false,12
5,3399,PRE_REMEDIATION,Source: Commit Author/Email Spoofing,Case B: Unsigned Commit (Author Spoofed),ATTACK,UNOBSERVED,TRUSTED,MISSED,false,12
5,3401,PRE_REMEDIATION,Process: Short-Lived Subprocess (Polling Evasion),<1 ms,ATTACK,UNOBSERVED,TRUSTED,MISSED,false,12
5,3403,PRE_REMEDIATION,Process: Short-Lived Subprocess (Polling Evasion),1–5 ms,ATTACK,UNOBSERVED,TRUSTED,MISSED,false,12
5,3405,PRE_REMEDIATION,Process: Short-Lived Subprocess (Polling Evasion),5–10 ms,ATTACK,UNOBSERVED,TRUSTED,MISSED,false,12
5,3407,PRE_REMEDIATION,Process: Short-Lived Subprocess (Polling Evasion),<1 ms,ATTACK,UNOBSERVED,TRUSTED,MISSED,false,12
5,3409,PRE_REMEDIATION,Process: Short-Lived Subprocess (Polling Evasion),1–5 ms,ATTACK,UNOBSERVED,TRUSTED,MISSED,false,12
5,3411,PRE_REMEDIATION,Process: Short-Lived Subprocess (Polling Evasion),5–10 ms,ATTACK,UNOBSERVED,TRUSTED,MISSED,false,12
5,3413,PRE_REMEDIATION,Process: Short-Lived Subprocess (Polling Evasion),<1 ms,ATTACK,UNOBSERVED,TRUSTED,MISSED,false,12
5,3415,PRE_REMEDIATION,Process: Short-Lived Subprocess (Polling Evasion),1–5 ms,ATTACK,UNOBSERVED,TRUSTED,MISSED,false,12
5,3417,PRE_REMEDIATION,Process: Short-Lived Subprocess (Polling Evasion),5–10 ms,ATTACK,UNOBSERVED,TRUSTED,MISSED,false,12
5,3419,PRE_REMEDIATION,Process: Short-Lived Subprocess (Polling Evasion),<1 ms,ATTACK,UNOBSERVED,TRUSTED,MISSED,false,12
5,3421,PRE_REMEDIATION,Process: Short-Lived Subprocess (Polling Evasion),1–5 ms,ATTACK,UNOBSERVED,TRUSTED,MISSED,false,12
5,3423,PRE_REMEDIATION,Process: Short-Lived Subprocess (Polling Evasion),5–10 ms,ATTACK,UNOBSERVED,TRUSTED,MISSED,false,12
5,3425,PRE_REMEDIATION,Process: Short-Lived Subprocess (Polling Evasion),<1 ms,ATTACK,UNOBSERVED,TRUSTED,MISSED,false,12
5,3427,PRE_REMEDIATION,Process: Short-Lived Subprocess (Polling Evasion),1–5 ms,ATTACK,UNOBSERVED,TRUSTED,MISSED,false,12
5,3429,PRE_REMEDIATION,Process: Short-Lived Subprocess (Polling Evasion),5–10 ms,ATTACK,UNOBSERVED,TRUSTED,MISSED,false,12
5,3431,PRE_REMEDIATION,Process: Short-Lived Subprocess (Polling Evasion),<1 ms,ATTACK,UNOBSERVED,TRUSTED,MISSED,false,12
5,3433,PRE_REMEDIATION,Process: Short-Lived Subprocess (Polling Evasion),1–5 ms,ATTACK,UNOBSERVED,TRUSTED,MISSED,false,12
5,3435,PRE_REMEDIATION,Process: Short-Lived Subprocess (Polling Evasion),5–10 ms,ATTACK,UNOBSERVED,TRUSTED,MISSED,false,12
5,3437,PRE_REMEDIATION,Process: Short-Lived Subprocess (Polling Evasion),<1 ms,ATTACK,UNOBSERVED,TRUSTED,MISSED,false,12
5,3439,PRE_REMEDIATION,Process: Short-Lived Subprocess (Polling Evasion),1–5 ms,ATTACK,UNOBSERVED,TRUSTED,MISSED,false,12
5,3441,PRE_REMEDIATION,Process: Short-Lived Subprocess (Polling Evasion),5–10 ms,ATTACK,UNOBSERVED,TRUSTED,MISSED,false,12
5,3443,PRE_REMEDIATION,Process: Short-Lived Subprocess (Polling Evasion),<1 ms,ATTACK,UNOBSERVED,TRUSTED,MISSED,false,12
5,3445,PRE_REMEDIATION,Process: Short-Lived Subprocess (Polling Evasion),1–5 ms,ATTACK,UNOBSERVED,TRUSTED,MISSED,false,12
5,3447,PRE_REMEDIATION,Process: Short-Lived Subprocess (Polling Evasion),5–10 ms,ATTACK,UNOBSERVED,TRUSTED,MISSED,false,12
5,3449,PRE_REMEDIATION,Process: Short-Lived Subprocess (Polling Evasion),<1 ms,ATTACK,UNOBSERVED,TRUSTED,MISSED,false,12
5,3451,PRE_REMEDIATION,Process: Short-Lived Subprocess (Polling Evasion),1–5 ms,ATTACK,UNOBSERVED,TRUSTED,MISSED,false,12
5,3453,PRE_REMEDIATION,Process: Short-Lived Subprocess (Polling Evasion),5–10 ms,ATTACK,UNOBSERVED,TRUSTED,MISSED,false,12
5,3455,PRE_REMEDIATION,Process: Short-Lived Subprocess (Polling Evasion),<1 ms,ATTACK,UNOBSERVED,TRUSTED,MISSED,false,12
5,3457,PRE_REMEDIATION,Process: Short-Lived Subprocess (Polling Evasion),1–5 ms,ATTACK,UNOBSERVED,TRUSTED,MISSED,false,12
5,3459,PRE_REMEDIATION,Process: Short-Lived Subprocess (Polling Evasion),5–10 ms,ATTACK,UNOBSERVED,TRUSTED,MISSED,false,12
5,3461,PRE_REMEDIATION,Process: Short-Lived Subprocess (Polling Evasion),<1 ms,ATTACK,UNOBSERVED,TRUSTED,MISSED,false,12
5,3463,PRE_REMEDIATION,Process: Short-Lived Subprocess (Polling Evasion),1–5 ms,ATTACK,UNOBSERVED,TRUSTED,MISSED,false,12
5,3465,PRE_REMEDIATION,Process: Short-Lived Subprocess (Polling Evasion),5–10 ms,ATTACK,UNOBSERVED,TRUSTED,MISSED,false,12
5,3467,PRE_REMEDIATION,Process: Short-Lived Subprocess (Polling Evasion),<1 ms,ATTACK,UNOBSERVED,TRUSTED,MISSED,false,12
5,3469,PRE_REMEDIATION,Process: Short-Lived Subprocess (Polling Evasion),1–5 ms,ATTACK,UNOBSERVED,TRUSTED,MISSED,false,12
5,3471,PRE_REMEDIATION,Process: Short-Lived Subprocess (Polling Evasion),5–10 ms,ATTACK,UNOBSERVED,TRUSTED,MISSED,false,12
5,3473,PRE_REMEDIATION,Process: Short-Lived Subprocess (Polling Evasion),<1 ms,ATTACK,UNOBSERVED,TRUSTED,MISSED,false,12
5,3475,PRE_REMEDIATION,Process: Short-Lived Subprocess (Polling Evasion),1–5 ms,ATTACK,UNOBSERVED,TRUSTED,MISSED,false,12
5,3477,PRE_REMEDIATION,Process: Short-Lived Subprocess (Polling Evasion),5–10 ms,ATTACK,UNOBSERVED,TRUSTED,MISSED,false,12
5,3479,PRE_REMEDIATION,Process: Short-Lived Subprocess (Polling Evasion),<1 ms,ATTACK,UNOBSERVED,TRUSTED,MISSED,false,12
5,3481,PRE_REMEDIATION,Process: Short-Lived Subprocess (Polling Evasion),1–5 ms,ATTACK,UNOBSERVED,TRUSTED,MISSED,false,12
5,3483,PRE_REMEDIATION,Process: Short-Lived Subprocess (Polling Evasion),5–10 ms,ATTACK,UNOBSERVED,TRUSTED,MISSED,false,12
5,3485,PRE_REMEDIATION,Process: Short-Lived Subprocess (Polling Evasion),<1 ms,ATTACK,UNOBSERVED,TRUSTED,MISSED,false,12
5,3487,PRE_REMEDIATION,Process: Short-Lived Subprocess (Polling Evasion),1–5 ms,ATTACK,UNOBSERVED,TRUSTED,MISSED,false,12
5,3489,PRE_REMEDIATION,Process: Short-Lived Subprocess (Polling Evasion),5–10 ms,ATTACK,UNOBSERVED,TRUSTED,MISSED,false,12
5,3491,PRE_REMEDIATION,Process: Short-Lived Subprocess (Polling Evasion),<1 ms,ATTACK,UNOBSERVED,TRUSTED,MISSED,false,12
5,3493,PRE_REMEDIATION,Process: Short-Lived Subprocess (Polling Evasion),1–5 ms,ATTACK,UNOBSERVED,TRUSTED,MISSED,false,12
5,3495,PRE_REMEDIATION,Process: Short-Lived Subprocess (Polling Evasion),5–10 ms,ATTACK,UNOBSERVED,TRUSTED,MISSED,false,12
5,3497,PRE_REMEDIATION,Process: Short-Lived Subprocess (Polling Evasion),<1 ms,ATTACK,UNOBSERVED,TRUSTED,MISSED,false,12
5,3499,PRE_REMEDIATION,Process: Short-Lived Subprocess (Polling Evasion),1–5 ms,ATTACK,UNOBSERVED,TRUSTED,MISSED,false,12
5,3501,PRE_REMEDIATION,Process: Short-Lived Subprocess (Polling Evasion),5–10 ms,ATTACK,UNOBSERVED,TRUSTED,MISSED,false,12
5,3503,PRE_REMEDIATION,Process: Short-Lived Subprocess (Polling Evasion),<1 ms,ATTACK,UNOBSERVED,TRUSTED,MISSED,false,12
5,3505,PRE_REMEDIATION,Process: Short-Lived Subprocess (Polling Evasion),1–5 ms,ATTACK,UNOBSERVED,TRUSTED,MISSED,false,12
5,3507,PRE_REMEDIATION,Process: Short-Lived Subprocess (Polling Evasion),5–10 ms,ATTACK,UNOBSERVED,TRUSTED,MISSED,false,12
5,3509,PRE_REMEDIATION,Process: Short-Lived Subprocess (Polling Evasion),<1 ms,ATTACK,UNOBSERVED,TRUSTED,MISSED,false,12
5,3511,PRE_REMEDIATION,Process: Short-Lived Subprocess (Polling Evasion),1–5 ms,ATTACK,UNOBSERVED,TRUSTED,MISSED,false,12
5,3513,PRE_REMEDIATION,Process: Short-Lived Subprocess (Polling Evasion),5–10 ms,ATTACK,UNOBSERVED,TRUSTED,MISSED,false,12
5,3515,PRE_REMEDIATION,Process: Short-Lived Subprocess (Polling Evasion),<1 ms,ATTACK,UNOBSERVED,TRUSTED,MISSED,false,12
5,3517,PRE_REMEDIATION,Process: Short-Lived Subprocess (Polling Evasion),1–5 ms,ATTACK,UNOBSERVED,TRUSTED,MISSED,false,12
5,3519,PRE_REMEDIATION,Process: Short-Lived Subprocess (Polling Evasion),5–10 ms,ATTACK,UNOBSERVED,TRUSTED,MISSED,false,12
5,3521,PRE_REMEDIATION,Process: Short-Lived Subprocess (Polling Evasion),<1 ms,ATTACK,UNOBSERVED,TRUSTED,MISSED,false,12
5,3523,PRE_REMEDIATION,Process: Short-Lived Subprocess (Polling Evasion),1–5 ms,ATTACK,UNOBSERVED,TRUSTED,MISSED,false,12
5,3525,PRE_REMEDIATION,Process: Short-Lived Subprocess (Polling Evasion),5–10 ms,ATTACK,UNOBSERVED,TRUSTED,MISSED,false,12
5,3527,PRE_REMEDIATION,Process: Short-Lived Subprocess (Polling Evasion),<1 ms,ATTACK,UNOBSERVED,TRUSTED,MISSED,false,12
5,3529,PRE_REMEDIATION,Process: Short-Lived Subprocess (Polling Evasion),1–5 ms,ATTACK,UNOBSERVED,TRUSTED,MISSED,false,12
5,3531,PRE_REMEDIATION,Process: Short-Lived Subprocess (Polling Evasion),5–10 ms,ATTACK,UNOBSERVED,TRUSTED,MISSED,false,12
5,3533,PRE_REMEDIATION,Process: Short-Lived Subprocess (Polling Evasion),<1 ms,ATTACK,UNOBSERVED,TRUSTED,MISSED,false,12
5,3535,PRE_REMEDIATION,Process: Short-Lived Subprocess (Polling Evasion),1–5 ms,ATTACK,UNOBSERVED,TRUSTED,MISSED,false,12
5,3537,PRE_REMEDIATION,Process: Short-Lived Subprocess (Polling Evasion),5–10 ms,ATTACK,UNOBSERVED,TRUSTED,MISSED,false,12
5,3539,PRE_REMEDIATION,Process: Short-Lived Subprocess (Polling Evasion),<1 ms,ATTACK,UNOBSERVED,TRUSTED,MISSED,false,12
5,3541,PRE_REMEDIATION,Process: Short-Lived Subprocess (Polling Evasion),1–5 ms,ATTACK,UNOBSERVED,TRUSTED,MISSED,false,12
5,3543,PRE_REMEDIATION,Process: Short-Lived Subprocess (Polling Evasion),5–10 ms,ATTACK,UNOBSERVED,TRUSTED,MISSED,false,12
5,3545,PRE_REMEDIATION,Process: Short-Lived Subprocess (Polling Evasion),<1 ms,ATTACK,UNOBSERVED,TRUSTED,MISSED,false,12
5,3547,PRE_REMEDIATION,Process: Short-Lived Subprocess (Polling Evasion),1–5 ms,ATTACK,UNOBSERVED,TRUSTED,MISSED,false,12
5,3549,PRE_REMEDIATION,Process: Short-Lived Subprocess (Polling Evasion),5–10 ms,ATTACK,UNOBSERVED,TRUSTED,MISSED,false,12
5,3551,PRE_REMEDIATION,Process: Short-Lived Subprocess (Polling Evasion),<1 ms,ATTACK,UNOBSERVED,TRUSTED,MISSED,false,12
5,3553,PRE_REMEDIATION,Process: Short-Lived Subprocess (Polling Evasion),1–5 ms,ATTACK,UNOBSERVED,TRUSTED,MISSED,false,12
5,3555,PRE_REMEDIATION,Process: Short-Lived Subprocess (Polling Evasion),5–10 ms,ATTACK,UNOBSERVED,TRUSTED,MISSED,false,12
5,3557,PRE_REMEDIATION,Process: Short-Lived Subprocess (Polling Evasion),<1 ms,ATTACK,UNOBSERVED,TRUSTED,MISSED,false,12
5,3559,PRE_REMEDIATION,Process: Short-Lived Subprocess (Polling Evasion),1–5 ms,ATTACK,UNOBSERVED,TRUSTED,MISSED,false,12
5,3561,PRE_REMEDIATION,Process: Short-Lived Subprocess (Polling Evasion),5–10 ms,ATTACK,UNOBSERVED,TRUSTED,MISSED,false,12
5,3563,PRE_REMEDIATION,Process: Short-Lived Subprocess (Polling Evasion),<1 ms,ATTACK,UNOBSERVED,TRUSTED,MISSED,false,12
5,3565,PRE_REMEDIATION,Process: Short-Lived Subprocess (Polling Evasion),1–5 ms,ATTACK,UNOBSERVED,TRUSTED,MISSED,false,12
5,3567,PRE_REMEDIATION,Process: Short-Lived Subprocess (Polling Evasion),5–10 ms,ATTACK,UNOBSERVED,TRUSTED,MISSED,false,12
5,3569,PRE_REMEDIATION,Process: Short-Lived Subprocess (Polling Evasion),<1 ms,ATTACK,UNOBSERVED,TRUSTED,MISSED,false,12
5,3571,PRE_REMEDIATION,Process: Short-Lived Subprocess (Polling Evasion),1–5 ms,ATTACK,UNOBSERVED,TRUSTED,MISSED,false,12
5,3573,PRE_REMEDIATION,Process: Short-Lived Subprocess (Polling Evasion),5–10 ms,ATTACK,UNOBSERVED,TRUSTED,MISSED,false,12
5,3575,PRE_REMEDIATION,Process: Short-Lived Subprocess (Polling Evasion),<1 ms,ATTACK,UNOBSERVED,TRUSTED,MISSED,false,12
5,3577,PRE_REMEDIATION,Process: Short-Lived Subprocess (Polling Evasion),1–5 ms,ATTACK,UNOBSERVED,TRUSTED,MISSED,false,12
5,3579,PRE_REMEDIATION,Process: Short-Lived Subprocess (Polling Evasion),5–10 ms,ATTACK,UNOBSERVED,TRUSTED,MISSED,false,12
5,3581,PRE_REMEDIATION,Process: Short-Lived Subprocess (Polling Evasion),<1 ms,ATTACK,UNOBSERVED,TRUSTED,MISSED,false,12
5,3583,PRE_REMEDIATION,Process: Short-Lived Subprocess (Polling Evasion),1–5 ms,ATTACK,UNOBSERVED,TRUSTED,MISSED,false,12
5,3585,PRE_REMEDIATION,Process: Short-Lived Subprocess (Polling Evasion),5–10 ms,ATTACK,UNOBSERVED,TRUSTED,MISSED,false,12
5,3587,PRE_REMEDIATION,Process: Short-Lived Subprocess (Polling Evasion),<1 ms,ATTACK,UNOBSERVED,TRUSTED,MISSED,false,12
5,3589,PRE_REMEDIATION,Process: Short-Lived Subprocess (Polling Evasion),1–5 ms,ATTACK,UNOBSERVED,TRUSTED,MISSED,false,12
5,3591,PRE_REMEDIATION,Process: Short-Lived Subprocess (Polling Evasion),5–10 ms,ATTACK,UNOBSERVED,TRUSTED,MISSED,false,12
5,3593,PRE_REMEDIATION,Process: Short-Lived Subprocess (Polling Evasion),<1 ms,ATTACK,UNOBSERVED,TRUSTED,MISSED,false,12
5,3595,PRE_REMEDIATION,Process: Short-Lived Subprocess (Polling Evasion),1–5 ms,ATTACK,UNOBSERVED,TRUSTED,MISSED,false,12
5,3597,PRE_REMEDIATION,Process: Short-Lived Subprocess (Polling Evasion),5–10 ms,ATTACK,UNOBSERVED,TRUSTED,MISSED,false,12
5,3599,PRE_REMEDIATION,Process: Short-Lived Subprocess (Polling Evasion),<1 ms,ATTACK,UNOBSERVED,TRUSTED,MISSED,false,12
5,3601,PRE_REMEDIATION,Filesystem: Boundary Escape (/tmp or %TEMP%),2. %TEMP% Directory,ATTACK,UNOBSERVED,TRUSTED,MISSED,false,15
5,3603,PRE_REMEDIATION,Filesystem: Boundary Escape (/tmp or %TEMP%),3. User Profile Temp,ATTACK,UNOBSERVED,TRUSTED,MISSED,false,15
5,3605,PRE_REMEDIATION,Filesystem: Boundary Escape (/tmp or %TEMP%),4. Unconfigured Directory,ATTACK,UNOBSERVED,TRUSTED,MISSED,false,15
5,3607,PRE_REMEDIATION,Filesystem: Boundary Escape (/tmp or %TEMP%),5. System Directory,ATTACK,UNOBSERVED,TRUSTED,MISSED,false,15
5,3609,PRE_REMEDIATION,Filesystem: Boundary Escape (/tmp or %TEMP%),2. %TEMP% Directory,ATTACK,UNOBSERVED,TRUSTED,MISSED,false,15
5,3611,PRE_REMEDIATION,Filesystem: Boundary Escape (/tmp or %TEMP%),3. User Profile Temp,ATTACK,UNOBSERVED,TRUSTED,MISSED,false,15
5,3613,PRE_REMEDIATION,Filesystem: Boundary Escape (/tmp or %TEMP%),4. Unconfigured Directory,ATTACK,UNOBSERVED,TRUSTED,MISSED,false,15
5,3615,PRE_REMEDIATION,Filesystem: Boundary Escape (/tmp or %TEMP%),5. System Directory,ATTACK,UNOBSERVED,TRUSTED,MISSED,false,15
5,3617,PRE_REMEDIATION,Filesystem: Boundary Escape (/tmp or %TEMP%),2. %TEMP% Directory,ATTACK,UNOBSERVED,TRUSTED,MISSED,false,15
5,3619,PRE_REMEDIATION,Filesystem: Boundary Escape (/tmp or %TEMP%),3. User Profile Temp,ATTACK,UNOBSERVED,TRUSTED,MISSED,false,15
5,3621,PRE_REMEDIATION,Filesystem: Boundary Escape (/tmp or %TEMP%),4. Unconfigured Directory,ATTACK,UNOBSERVED,TRUSTED,MISSED,false,15
5,3623,PRE_REMEDIATION,Filesystem: Boundary Escape (/tmp or %TEMP%),5. System Directory,ATTACK,UNOBSERVED,TRUSTED,MISSED,false,15
5,3625,PRE_REMEDIATION,Filesystem: Boundary Escape (/tmp or %TEMP%),2. %TEMP% Directory,ATTACK,UNOBSERVED,TRUSTED,MISSED,false,15
5,3627,PRE_REMEDIATION,Filesystem: Boundary Escape (/tmp or %TEMP%),3. User Profile Temp,ATTACK,UNOBSERVED,TRUSTED,MISSED,false,15
5,3629,PRE_REMEDIATION,Filesystem: Boundary Escape (/tmp or %TEMP%),4. Unconfigured Directory,ATTACK,UNOBSERVED,TRUSTED,MISSED,false,15
5,3631,PRE_REMEDIATION,Filesystem: Boundary Escape (/tmp or %TEMP%),5. System Directory,ATTACK,UNOBSERVED,TRUSTED,MISSED,false,15
5,3633,PRE_REMEDIATION,Filesystem: Boundary Escape (/tmp or %TEMP%),2. %TEMP% Directory,ATTACK,UNOBSERVED,TRUSTED,MISSED,false,15
5,3635,PRE_REMEDIATION,Filesystem: Boundary Escape (/tmp or %TEMP%),3. User Profile Temp,ATTACK,UNOBSERVED,TRUSTED,MISSED,false,15
5,3637,PRE_REMEDIATION,Filesystem: Boundary Escape (/tmp or %TEMP%),4. Unconfigured Directory,ATTACK,UNOBSERVED,TRUSTED,MISSED,false,15
5,3639,PRE_REMEDIATION,Filesystem: Boundary Escape (/tmp or %TEMP%),5. System Directory,ATTACK,UNOBSERVED,TRUSTED,MISSED,false,15
5,3641,PRE_REMEDIATION,Filesystem: Boundary Escape (/tmp or %TEMP%),2. %TEMP% Directory,ATTACK,UNOBSERVED,TRUSTED,MISSED,false,15
5,3643,PRE_REMEDIATION,Filesystem: Boundary Escape (/tmp or %TEMP%),3. User Profile Temp,ATTACK,UNOBSERVED,TRUSTED,MISSED,false,15
5,3645,PRE_REMEDIATION,Filesystem: Boundary Escape (/tmp or %TEMP%),4. Unconfigured Directory,ATTACK,UNOBSERVED,TRUSTED,MISSED,false,15
5,3647,PRE_REMEDIATION,Filesystem: Boundary Escape (/tmp or %TEMP%),5. System Directory,ATTACK,UNOBSERVED,TRUSTED,MISSED,false,15
5,3649,PRE_REMEDIATION,Filesystem: Boundary Escape (/tmp or %TEMP%),2. %TEMP% Directory,ATTACK,UNOBSERVED,TRUSTED,MISSED,false,15
5,3651,PRE_REMEDIATION,Filesystem: Boundary Escape (/tmp or %TEMP%),3. User Profile Temp,ATTACK,UNOBSERVED,TRUSTED,MISSED,false,15
5,3653,PRE_REMEDIATION,Filesystem: Boundary Escape (/tmp or %TEMP%),4. Unconfigured Directory,ATTACK,UNOBSERVED,TRUSTED,MISSED,false,15
5,3655,PRE_REMEDIATION,Filesystem: Boundary Escape (/tmp or %TEMP%),5. System Directory,ATTACK,UNOBSERVED,TRUSTED,MISSED,false,15
5,3657,PRE_REMEDIATION,Filesystem: Boundary Escape (/tmp or %TEMP%),2. %TEMP% Directory,ATTACK,UNOBSERVED,TRUSTED,MISSED,false,15
5,3659,PRE_REMEDIATION,Filesystem: Boundary Escape (/tmp or %TEMP%),3. User Profile Temp,ATTACK,UNOBSERVED,TRUSTED,MISSED,false,15
5,3661,PRE_REMEDIATION,Filesystem: Boundary Escape (/tmp or %TEMP%),4. Unconfigured Directory,ATTACK,UNOBSERVED,TRUSTED,MISSED,false,15
5,3663,PRE_REMEDIATION,Filesystem: Boundary Escape (/tmp or %TEMP%),5. System Directory,ATTACK,UNOBSERVED,TRUSTED,MISSED,false,15
5,3665,PRE_REMEDIATION,Filesystem: Boundary Escape (/tmp or %TEMP%),2. %TEMP% Directory,ATTACK,UNOBSERVED,TRUSTED,MISSED,false,15
5,3667,PRE_REMEDIATION,Filesystem: Boundary Escape (/tmp or %TEMP%),3. User Profile Temp,ATTACK,UNOBSERVED,TRUSTED,MISSED,false,15
5,3669,PRE_REMEDIATION,Filesystem: Boundary Escape (/tmp or %TEMP%),4. Unconfigured Directory,ATTACK,UNOBSERVED,TRUSTED,MISSED,false,15
5,3671,PRE_REMEDIATION,Filesystem: Boundary Escape (/tmp or %TEMP%),5. System Directory,ATTACK,UNOBSERVED,TRUSTED,MISSED,false,15
5,3673,PRE_REMEDIATION,Filesystem: Boundary Escape (/tmp or %TEMP%),2. %TEMP% Directory,ATTACK,UNOBSERVED,TRUSTED,MISSED,false,15
5,3675,PRE_REMEDIATION,Filesystem: Boundary Escape (/tmp or %TEMP%),3. User Profile Temp,ATTACK,UNOBSERVED,TRUSTED,MISSED,false,15
5,3677,PRE_REMEDIATION,Filesystem: Boundary Escape (/tmp or %TEMP%),4. Unconfigured Directory,ATTACK,UNOBSERVED,TRUSTED,MISSED,false,15
5,3679,PRE_REMEDIATION,Filesystem: Boundary Escape (/tmp or %TEMP%),5. System Directory,ATTACK,UNOBSERVED,TRUSTED,MISSED,false,15
5,3681,PRE_REMEDIATION,Filesystem: Boundary Escape (/tmp or %TEMP%),2. %TEMP% Directory,ATTACK,UNOBSERVED,TRUSTED,MISSED,false,15
5,3683,PRE_REMEDIATION,Filesystem: Boundary Escape (/tmp or %TEMP%),3. User Profile Temp,ATTACK,UNOBSERVED,TRUSTED,MISSED,false,15
5,3685,PRE_REMEDIATION,Filesystem: Boundary Escape (/tmp or %TEMP%),4. Unconfigured Directory,ATTACK,UNOBSERVED,TRUSTED,MISSED,false,15
5,3687,PRE_REMEDIATION,Filesystem: Boundary Escape (/tmp or %TEMP%),5. System Directory,ATTACK,UNOBSERVED,TRUSTED,MISSED,false,15
5,3689,PRE_REMEDIATION,Filesystem: Boundary Escape (/tmp or %TEMP%),2. %TEMP% Directory,ATTACK,UNOBSERVED,TRUSTED,MISSED,false,15
5,3691,PRE_REMEDIATION,Filesystem: Boundary Escape (/tmp or %TEMP%),3. User Profile Temp,ATTACK,UNOBSERVED,TRUSTED,MISSED,false,15
5,3693,PRE_REMEDIATION,Filesystem: Boundary Escape (/tmp or %TEMP%),4. Unconfigured Directory,ATTACK,UNOBSERVED,TRUSTED,MISSED,false,15
5,3695,PRE_REMEDIATION,Filesystem: Boundary Escape (/tmp or %TEMP%),5. System Directory,ATTACK,UNOBSERVED,TRUSTED,MISSED,false,15
5,3697,PRE_REMEDIATION,Filesystem: Boundary Escape (/tmp or %TEMP%),2. %TEMP% Directory,ATTACK,UNOBSERVED,TRUSTED,MISSED,false,15
5,3699,PRE_REMEDIATION,Filesystem: Boundary Escape (/tmp or %TEMP%),3. User Profile Temp,ATTACK,UNOBSERVED,TRUSTED,MISSED,false,15
5,3701,PRE_REMEDIATION,Filesystem: Boundary Escape (/tmp or %TEMP%),4. Unconfigured Directory,ATTACK,UNOBSERVED,TRUSTED,MISSED,false,15
5,3703,PRE_REMEDIATION,Filesystem: Boundary Escape (/tmp or %TEMP%),5. System Directory,ATTACK,UNOBSERVED,TRUSTED,MISSED,false,15
5,3705,PRE_REMEDIATION,Filesystem: Boundary Escape (/tmp or %TEMP%),2. %TEMP% Directory,ATTACK,UNOBSERVED,TRUSTED,MISSED,false,15
5,3707,PRE_REMEDIATION,Filesystem: Boundary Escape (/tmp or %TEMP%),3. User Profile Temp,ATTACK,UNOBSERVED,TRUSTED,MISSED,false,15
5,3709,PRE_REMEDIATION,Filesystem: Boundary Escape (/tmp or %TEMP%),4. Unconfigured Directory,ATTACK,UNOBSERVED,TRUSTED,MISSED,false,15
5,3711,PRE_REMEDIATION,Filesystem: Boundary Escape (/tmp or %TEMP%),5. System Directory,ATTACK,UNOBSERVED,TRUSTED,MISSED,false,15
5,3713,PRE_REMEDIATION,Filesystem: Boundary Escape (/tmp or %TEMP%),2. %TEMP% Directory,ATTACK,UNOBSERVED,TRUSTED,MISSED,false,15
5,3715,PRE_REMEDIATION,Filesystem: Boundary Escape (/tmp or %TEMP%),3. User Profile Temp,ATTACK,UNOBSERVED,TRUSTED,MISSED,false,15
5,3717,PRE_REMEDIATION,Filesystem: Boundary Escape (/tmp or %TEMP%),4. Unconfigured Directory,ATTACK,UNOBSERVED,TRUSTED,MISSED,false,15
5,3719,PRE_REMEDIATION,Filesystem: Boundary Escape (/tmp or %TEMP%),5. System Directory,ATTACK,UNOBSERVED,TRUSTED,MISSED,false,15
5,3721,PRE_REMEDIATION,Filesystem: Boundary Escape (/tmp or %TEMP%),2. %TEMP% Directory,ATTACK,UNOBSERVED,TRUSTED,MISSED,false,15
5,3723,PRE_REMEDIATION,Filesystem: Boundary Escape (/tmp or %TEMP%),3. User Profile Temp,ATTACK,UNOBSERVED,TRUSTED,MISSED,false,15
5,3725,PRE_REMEDIATION,Filesystem: Boundary Escape (/tmp or %TEMP%),4. Unconfigured Directory,ATTACK,UNOBSERVED,TRUSTED,MISSED,false,15
5,3727,PRE_REMEDIATION,Filesystem: Boundary Escape (/tmp or %TEMP%),5. System Directory,ATTACK,UNOBSERVED,TRUSTED,MISSED,false,15
5,3729,PRE_REMEDIATION,Filesystem: Boundary Escape (/tmp or %TEMP%),2. %TEMP% Directory,ATTACK,UNOBSERVED,TRUSTED,MISSED,false,15
5,3731,PRE_REMEDIATION,Filesystem: Boundary Escape (/tmp or %TEMP%),3. User Profile Temp,ATTACK,UNOBSERVED,TRUSTED,MISSED,false,15
5,3733,PRE_REMEDIATION,Filesystem: Boundary Escape (/tmp or %TEMP%),4. Unconfigured Directory,ATTACK,UNOBSERVED,TRUSTED,MISSED,false,15
5,3735,PRE_REMEDIATION,Filesystem: Boundary Escape (/tmp or %TEMP%),5. System Directory,ATTACK,UNOBSERVED,TRUSTED,MISSED,false,15
5,3737,PRE_REMEDIATION,Filesystem: Boundary Escape (/tmp or %TEMP%),2. %TEMP% Directory,ATTACK,UNOBSERVED,TRUSTED,MISSED,false,15
5,3739,PRE_REMEDIATION,Filesystem: Boundary Escape (/tmp or %TEMP%),3. User Profile Temp,ATTACK,UNOBSERVED,TRUSTED,MISSED,false,15
5,3741,PRE_REMEDIATION,Filesystem: Boundary Escape (/tmp or %TEMP%),4. Unconfigured Directory,ATTACK,UNOBSERVED,TRUSTED,MISSED,false,15
5,3743,PRE_REMEDIATION,Filesystem: Boundary Escape (/tmp or %TEMP%),5. System Directory,ATTACK,UNOBSERVED,TRUSTED,MISSED,false,15
5,3745,PRE_REMEDIATION,Filesystem: Boundary Escape (/tmp or %TEMP%),2. %TEMP% Directory,ATTACK,UNOBSERVED,TRUSTED,MISSED,false,15
5,3747,PRE_REMEDIATION,Filesystem: Boundary Escape (/tmp or %TEMP%),3. User Profile Temp,ATTACK,UNOBSERVED,TRUSTED,MISSED,false,15
5,3749,PRE_REMEDIATION,Filesystem: Boundary Escape (/tmp or %TEMP%),4. Unconfigured Directory,ATTACK,UNOBSERVED,TRUSTED,MISSED,false,15
5,3751,PRE_REMEDIATION,Filesystem: Boundary Escape (/tmp or %TEMP%),5. System Directory,ATTACK,UNOBSERVED,TRUSTED,MISSED,false,15
5,3753,PRE_REMEDIATION,Filesystem: Boundary Escape (/tmp or %TEMP%),2. %TEMP% Directory,ATTACK,UNOBSERVED,TRUSTED,MISSED,false,15
5,3755,PRE_REMEDIATION,Filesystem: Boundary Escape (/tmp or %TEMP%),3. User Profile Temp,ATTACK,UNOBSERVED,TRUSTED,MISSED,false,15
5,3757,PRE_REMEDIATION,Filesystem: Boundary Escape (/tmp or %TEMP%),4. Unconfigured Directory,ATTACK,UNOBSERVED,TRUSTED,MISSED,false,15
5,3759,PRE_REMEDIATION,Filesystem: Boundary Escape (/tmp or %TEMP%),5. System Directory,ATTACK,UNOBSERVED,TRUSTED,MISSED,false,15
5,3761,PRE_REMEDIATION,Filesystem: Boundary Escape (/tmp or %TEMP%),2. %TEMP% Directory,ATTACK,UNOBSERVED,TRUSTED,MISSED,false,15
5,3763,PRE_REMEDIATION,Filesystem: Boundary Escape (/tmp or %TEMP%),3. User Profile Temp,ATTACK,UNOBSERVED,TRUSTED,MISSED,false,15
5,3765,PRE_REMEDIATION,Filesystem: Boundary Escape (/tmp or %TEMP%),4. Unconfigured Directory,ATTACK,UNOBSERVED,TRUSTED,MISSED,false,15
5,3767,PRE_REMEDIATION,Filesystem: Boundary Escape (/tmp or %TEMP%),5. System Directory,ATTACK,UNOBSERVED,TRUSTED,MISSED,false,15
5,3769,PRE_REMEDIATION,Filesystem: Boundary Escape (/tmp or %TEMP%),2. %TEMP% Directory,ATTACK,UNOBSERVED,TRUSTED,MISSED,false,15
5,3771,PRE_REMEDIATION,Filesystem: Boundary Escape (/tmp or %TEMP%),3. User Profile Temp,ATTACK,UNOBSERVED,TRUSTED,MISSED,false,15
5,3773,PRE_REMEDIATION,Filesystem: Boundary Escape (/tmp or %TEMP%),4. Unconfigured Directory,ATTACK,UNOBSERVED,TRUSTED,MISSED,false,15
5,3775,PRE_REMEDIATION,Filesystem: Boundary Escape (/tmp or %TEMP%),5. System Directory,ATTACK,UNOBSERVED,TRUSTED,MISSED,false,15
5,3777,PRE_REMEDIATION,Filesystem: Boundary Escape (/tmp or %TEMP%),2. %TEMP% Directory,ATTACK,UNOBSERVED,TRUSTED,MISSED,false,15
5,3779,PRE_REMEDIATION,Filesystem: Boundary Escape (/tmp or %TEMP%),3. User Profile Temp,ATTACK,UNOBSERVED,TRUSTED,MISSED,false,15
5,3781,PRE_REMEDIATION,Filesystem: Boundary Escape (/tmp or %TEMP%),4. Unconfigured Directory,ATTACK,UNOBSERVED,TRUSTED,MISSED,false,15
5,3783,PRE_REMEDIATION,Filesystem: Boundary Escape (/tmp or %TEMP%),5. System Directory,ATTACK,UNOBSERVED,TRUSTED,MISSED,false,15
5,3785,PRE_REMEDIATION,Filesystem: Boundary Escape (/tmp or %TEMP%),2. %TEMP% Directory,ATTACK,UNOBSERVED,TRUSTED,MISSED,false,15
5,3787,PRE_REMEDIATION,Filesystem: Boundary Escape (/tmp or %TEMP%),3. User Profile Temp,ATTACK,UNOBSERVED,TRUSTED,MISSED,false,15
5,3789,PRE_REMEDIATION,Filesystem: Boundary Escape (/tmp or %TEMP%),4. Unconfigured Directory,ATTACK,UNOBSERVED,TRUSTED,MISSED,false,15
5,3791,PRE_REMEDIATION,Filesystem: Boundary Escape (/tmp or %TEMP%),5. System Directory,ATTACK,UNOBSERVED,TRUSTED,MISSED,false,15
5,3793,PRE_REMEDIATION,Filesystem: Boundary Escape (/tmp or %TEMP%),2. %TEMP% Directory,ATTACK,UNOBSERVED,TRUSTED,MISSED,false,15
5,3795,PRE_REMEDIATION,Filesystem: Boundary Escape (/tmp or %TEMP%),3. User Profile Temp,ATTACK,UNOBSERVED,TRUSTED,MISSED,false,15
5,3797,PRE_REMEDIATION,Filesystem: Boundary Escape (/tmp or %TEMP%),4. Unconfigured Directory,ATTACK,UNOBSERVED,TRUSTED,MISSED,false,15
5,3799,PRE_REMEDIATION,Filesystem: Boundary Escape (/tmp or %TEMP%),5. System Directory,ATTACK,UNOBSERVED,TRUSTED,MISSED,false,15
5,3801,PRE_REMEDIATION,Network: Ephemeral UDP/DNS Exfiltration,3. Unauthorized DNS TXT Exfiltration,ATTACK,UNOBSERVED,TRUSTED,MISSED,false,14
5,3803,PRE_REMEDIATION,Network: Ephemeral UDP/DNS Exfiltration,4. Stateless UDP Socket Egress,ATTACK,UNOBSERVED,TRUSTED,MISSED,false,14
5,3805,PRE_REMEDIATION,Network: Ephemeral UDP/DNS Exfiltration,3. Unauthorized DNS TXT Exfiltration,ATTACK,UNOBSERVED,TRUSTED,MISSED,false,14
5,3807,PRE_REMEDIATION,Network: Ephemeral UDP/DNS Exfiltration,4. Stateless UDP Socket Egress,ATTACK,UNOBSERVED,TRUSTED,MISSED,false,14
5,3809,PRE_REMEDIATION,Network: Ephemeral UDP/DNS Exfiltration,3. Unauthorized DNS TXT Exfiltration,ATTACK,UNOBSERVED,TRUSTED,MISSED,false,14
5,3811,PRE_REMEDIATION,Network: Ephemeral UDP/DNS Exfiltration,4. Stateless UDP Socket Egress,ATTACK,UNOBSERVED,TRUSTED,MISSED,false,14
5,3813,PRE_REMEDIATION,Network: Ephemeral UDP/DNS Exfiltration,3. Unauthorized DNS TXT Exfiltration,ATTACK,UNOBSERVED,TRUSTED,MISSED,false,14
5,3815,PRE_REMEDIATION,Network: Ephemeral UDP/DNS Exfiltration,4. Stateless UDP Socket Egress,ATTACK,UNOBSERVED,TRUSTED,MISSED,false,14
5,3817,PRE_REMEDIATION,Network: Ephemeral UDP/DNS Exfiltration,3. Unauthorized DNS TXT Exfiltration,ATTACK,UNOBSERVED,TRUSTED,MISSED,false,14
5,3819,PRE_REMEDIATION,Network: Ephemeral UDP/DNS Exfiltration,4. Stateless UDP Socket Egress,ATTACK,UNOBSERVED,TRUSTED,MISSED,false,14
5,3821,PRE_REMEDIATION,Network: Ephemeral UDP/DNS Exfiltration,3. Unauthorized DNS TXT Exfiltration,ATTACK,UNOBSERVED,TRUSTED,MISSED,false,14
5,3823,PRE_REMEDIATION,Network: Ephemeral UDP/DNS Exfiltration,4. Stateless UDP Socket Egress,ATTACK,UNOBSERVED,TRUSTED,MISSED,false,14
5,3825,PRE_REMEDIATION,Network: Ephemeral UDP/DNS Exfiltration,3. Unauthorized DNS TXT Exfiltration,ATTACK,UNOBSERVED,TRUSTED,MISSED,false,14
5,3827,PRE_REMEDIATION,Network: Ephemeral UDP/DNS Exfiltration,4. Stateless UDP Socket Egress,ATTACK,UNOBSERVED,TRUSTED,MISSED,false,14
5,3829,PRE_REMEDIATION,Network: Ephemeral UDP/DNS Exfiltration,3. Unauthorized DNS TXT Exfiltration,ATTACK,UNOBSERVED,TRUSTED,MISSED,false,14
5,3831,PRE_REMEDIATION,Network: Ephemeral UDP/DNS Exfiltration,4. Stateless UDP Socket Egress,ATTACK,UNOBSERVED,TRUSTED,MISSED,false,14
5,3833,PRE_REMEDIATION,Network: Ephemeral UDP/DNS Exfiltration,3. Unauthorized DNS TXT Exfiltration,ATTACK,UNOBSERVED,TRUSTED,MISSED,false,14
5,3835,PRE_REMEDIATION,Network: Ephemeral UDP/DNS Exfiltration,4. Stateless UDP Socket Egress,ATTACK,UNOBSERVED,TRUSTED,MISSED,false,14
5,3837,PRE_REMEDIATION,Network: Ephemeral UDP/DNS Exfiltration,3. Unauthorized DNS TXT Exfiltration,ATTACK,UNOBSERVED,TRUSTED,MISSED,false,14
5,3839,PRE_REMEDIATION,Network: Ephemeral UDP/DNS Exfiltration,4. Stateless UDP Socket Egress,ATTACK,UNOBSERVED,TRUSTED,MISSED,false,14
5,3841,PRE_REMEDIATION,Network: Ephemeral UDP/DNS Exfiltration,3. Unauthorized DNS TXT Exfiltration,ATTACK,UNOBSERVED,TRUSTED,MISSED,false,14
5,3843,PRE_REMEDIATION,Network: Ephemeral UDP/DNS Exfiltration,4. Stateless UDP Socket Egress,ATTACK,UNOBSERVED,TRUSTED,MISSED,false,14
5,3845,PRE_REMEDIATION,Network: Ephemeral UDP/DNS Exfiltration,3. Unauthorized DNS TXT Exfiltration,ATTACK,UNOBSERVED,TRUSTED,MISSED,false,14
5,3847,PRE_REMEDIATION,Network: Ephemeral UDP/DNS Exfiltration,4. Stateless UDP Socket Egress,ATTACK,UNOBSERVED,TRUSTED,MISSED,false,14
5,3849,PRE_REMEDIATION,Network: Ephemeral UDP/DNS Exfiltration,3. Unauthorized DNS TXT Exfiltration,ATTACK,UNOBSERVED,TRUSTED,MISSED,false,14
5,3851,PRE_REMEDIATION,Network: Ephemeral UDP/DNS Exfiltration,4. Stateless UDP Socket Egress,ATTACK,UNOBSERVED,TRUSTED,MISSED,false,14
5,3853,PRE_REMEDIATION,Network: Ephemeral UDP/DNS Exfiltration,3. Unauthorized DNS TXT Exfiltration,ATTACK,UNOBSERVED,TRUSTED,MISSED,false,14
5,3855,PRE_REMEDIATION,Network: Ephemeral UDP/DNS Exfiltration,4. Stateless UDP Socket Egress,ATTACK,UNOBSERVED,TRUSTED,MISSED,false,14
5,3857,PRE_REMEDIATION,Network: Ephemeral UDP/DNS Exfiltration,3. Unauthorized DNS TXT Exfiltration,ATTACK,UNOBSERVED,TRUSTED,MISSED,false,14
5,3859,PRE_REMEDIATION,Network: Ephemeral UDP/DNS Exfiltration,4. Stateless UDP Socket Egress,ATTACK,UNOBSERVED,TRUSTED,MISSED,false,14
5,3861,PRE_REMEDIATION,Network: Ephemeral UDP/DNS Exfiltration,3. Unauthorized DNS TXT Exfiltration,ATTACK,UNOBSERVED,TRUSTED,MISSED,false,14
5,3863,PRE_REMEDIATION,Network: Ephemeral UDP/DNS Exfiltration,4. Stateless UDP Socket Egress,ATTACK,UNOBSERVED,TRUSTED,MISSED,false,14
5,3865,PRE_REMEDIATION,Network: Ephemeral UDP/DNS Exfiltration,3. Unauthorized DNS TXT Exfiltration,ATTACK,UNOBSERVED,TRUSTED,MISSED,false,14
5,3867,PRE_REMEDIATION,Network: Ephemeral UDP/DNS Exfiltration,4. Stateless UDP Socket Egress,ATTACK,UNOBSERVED,TRUSTED,MISSED,false,14
5,3869,PRE_REMEDIATION,Network: Ephemeral UDP/DNS Exfiltration,3. Unauthorized DNS TXT Exfiltration,ATTACK,UNOBSERVED,TRUSTED,MISSED,false,14
5,3871,PRE_REMEDIATION,Network: Ephemeral UDP/DNS Exfiltration,4. Stateless UDP Socket Egress,ATTACK,UNOBSERVED,TRUSTED,MISSED,false,14
5,3873,PRE_REMEDIATION,Network: Ephemeral UDP/DNS Exfiltration,3. Unauthorized DNS TXT Exfiltration,ATTACK,UNOBSERVED,TRUSTED,MISSED,false,14
5,3875,PRE_REMEDIATION,Network: Ephemeral UDP/DNS Exfiltration,4. Stateless UDP Socket Egress,ATTACK,UNOBSERVED,TRUSTED,MISSED,false,14
5,3877,PRE_REMEDIATION,Network: Ephemeral UDP/DNS Exfiltration,3. Unauthorized DNS TXT Exfiltration,ATTACK,UNOBSERVED,TRUSTED,MISSED,false,14
5,3879,PRE_REMEDIATION,Network: Ephemeral UDP/DNS Exfiltration,4. Stateless UDP Socket Egress,ATTACK,UNOBSERVED,TRUSTED,MISSED,false,14
5,3881,PRE_REMEDIATION,Network: Ephemeral UDP/DNS Exfiltration,3. Unauthorized DNS TXT Exfiltration,ATTACK,UNOBSERVED,TRUSTED,MISSED,false,14
5,3883,PRE_REMEDIATION,Network: Ephemeral UDP/DNS Exfiltration,4. Stateless UDP Socket Egress,ATTACK,UNOBSERVED,TRUSTED,MISSED,false,14
5,3885,PRE_REMEDIATION,Network: Ephemeral UDP/DNS Exfiltration,3. Unauthorized DNS TXT Exfiltration,ATTACK,UNOBSERVED,TRUSTED,MISSED,false,14
5,3887,PRE_REMEDIATION,Network: Ephemeral UDP/DNS Exfiltration,4. Stateless UDP Socket Egress,ATTACK,UNOBSERVED,TRUSTED,MISSED,false,14
5,3889,PRE_REMEDIATION,Network: Ephemeral UDP/DNS Exfiltration,3. Unauthorized DNS TXT Exfiltration,ATTACK,UNOBSERVED,TRUSTED,MISSED,false,14
5,3891,PRE_REMEDIATION,Network: Ephemeral UDP/DNS Exfiltration,4. Stateless UDP Socket Egress,ATTACK,UNOBSERVED,TRUSTED,MISSED,false,14
5,3893,PRE_REMEDIATION,Network: Ephemeral UDP/DNS Exfiltration,3. Unauthorized DNS TXT Exfiltration,ATTACK,UNOBSERVED,TRUSTED,MISSED,false,14
5,3895,PRE_REMEDIATION,Network: Ephemeral UDP/DNS Exfiltration,4. Stateless UDP Socket Egress,ATTACK,UNOBSERVED,TRUSTED,MISSED,false,14
5,3897,PRE_REMEDIATION,Network: Ephemeral UDP/DNS Exfiltration,3. Unauthorized DNS TXT Exfiltration,ATTACK,UNOBSERVED,TRUSTED,MISSED,false,14
5,3899,PRE_REMEDIATION,Network: Ephemeral UDP/DNS Exfiltration,4. Stateless UDP Socket Egress,ATTACK,UNOBSERVED,TRUSTED,MISSED,false,14
5,3901,PRE_REMEDIATION,Network: Ephemeral UDP/DNS Exfiltration,3. Unauthorized DNS TXT Exfiltration,ATTACK,UNOBSERVED,TRUSTED,MISSED,false,14
5,3903,PRE_REMEDIATION,Network: Ephemeral UDP/DNS Exfiltration,4. Stateless UDP Socket Egress,ATTACK,UNOBSERVED,TRUSTED,MISSED,false,14
5,3905,PRE_REMEDIATION,Network: Ephemeral UDP/DNS Exfiltration,3. Unauthorized DNS TXT Exfiltration,ATTACK,UNOBSERVED,TRUSTED,MISSED,false,14
5,3907,PRE_REMEDIATION,Network: Ephemeral UDP/DNS Exfiltration,4. Stateless UDP Socket Egress,ATTACK,UNOBSERVED,TRUSTED,MISSED,false,14
5,3909,PRE_REMEDIATION,Network: Ephemeral UDP/DNS Exfiltration,3. Unauthorized DNS TXT Exfiltration,ATTACK,UNOBSERVED,TRUSTED,MISSED,false,14
5,3911,PRE_REMEDIATION,Network: Ephemeral UDP/DNS Exfiltration,4. Stateless UDP Socket Egress,ATTACK,UNOBSERVED,TRUSTED,MISSED,false,14
5,3913,PRE_REMEDIATION,Network: Ephemeral UDP/DNS Exfiltration,3. Unauthorized DNS TXT Exfiltration,ATTACK,UNOBSERVED,TRUSTED,MISSED,false,14
5,3915,PRE_REMEDIATION,Network: Ephemeral UDP/DNS Exfiltration,4. Stateless UDP Socket Egress,ATTACK,UNOBSERVED,TRUSTED,MISSED,false,14
5,3917,PRE_REMEDIATION,Network: Ephemeral UDP/DNS Exfiltration,3. Unauthorized DNS TXT Exfiltration,ATTACK,UNOBSERVED,TRUSTED,MISSED,false,14
5,3919,PRE_REMEDIATION,Network: Ephemeral UDP/DNS Exfiltration,4. Stateless UDP Socket Egress,ATTACK,UNOBSERVED,TRUSTED,MISSED,false,14
5,3921,PRE_REMEDIATION,Network: Ephemeral UDP/DNS Exfiltration,3. Unauthorized DNS TXT Exfiltration,ATTACK,UNOBSERVED,TRUSTED,MISSED,false,14
5,3923,PRE_REMEDIATION,Network: Ephemeral UDP/DNS Exfiltration,4. Stateless UDP Socket Egress,ATTACK,UNOBSERVED,TRUSTED,MISSED,false,14
5,3925,PRE_REMEDIATION,Network: Ephemeral UDP/DNS Exfiltration,3. Unauthorized DNS TXT Exfiltration,ATTACK,UNOBSERVED,TRUSTED,MISSED,false,14
5,3927,PRE_REMEDIATION,Network: Ephemeral UDP/DNS Exfiltration,4. Stateless UDP Socket Egress,ATTACK,UNOBSERVED,TRUSTED,MISSED,false,14
5,3929,PRE_REMEDIATION,Network: Ephemeral UDP/DNS Exfiltration,3. Unauthorized DNS TXT Exfiltration,ATTACK,UNOBSERVED,TRUSTED,MISSED,false,14
5,3931,PRE_REMEDIATION,Network: Ephemeral UDP/DNS Exfiltration,4. Stateless UDP Socket Egress,ATTACK,UNOBSERVED,TRUSTED,MISSED,false,14
5,3933,PRE_REMEDIATION,Network: Ephemeral UDP/DNS Exfiltration,3. Unauthorized DNS TXT Exfiltration,ATTACK,UNOBSERVED,TRUSTED,MISSED,false,14
5,3935,PRE_REMEDIATION,Network: Ephemeral UDP/DNS Exfiltration,4. Stateless UDP Socket Egress,ATTACK,UNOBSERVED,TRUSTED,MISSED,false,14
5,3937,PRE_REMEDIATION,Network: Ephemeral UDP/DNS Exfiltration,3. Unauthorized DNS TXT Exfiltration,ATTACK,UNOBSERVED,TRUSTED,MISSED,false,14
5,3939,PRE_REMEDIATION,Network: Ephemeral UDP/DNS Exfiltration,4. Stateless UDP Socket Egress,ATTACK,UNOBSERVED,TRUSTED,MISSED,false,14
5,3941,PRE_REMEDIATION,Network: Ephemeral UDP/DNS Exfiltration,3. Unauthorized DNS TXT Exfiltration,ATTACK,UNOBSERVED,TRUSTED,MISSED,false,14
5,3943,PRE_REMEDIATION,Network: Ephemeral UDP/DNS Exfiltration,4. Stateless UDP Socket Egress,ATTACK,UNOBSERVED,TRUSTED,MISSED,false,14
5,3945,PRE_REMEDIATION,Network: Ephemeral UDP/DNS Exfiltration,3. Unauthorized DNS TXT Exfiltration,ATTACK,UNOBSERVED,TRUSTED,MISSED,false,14
5,3947,PRE_REMEDIATION,Network: Ephemeral UDP/DNS Exfiltration,4. Stateless UDP Socket Egress,ATTACK,UNOBSERVED,TRUSTED,MISSED,false,14
5,3949,PRE_REMEDIATION,Network: Ephemeral UDP/DNS Exfiltration,3. Unauthorized DNS TXT Exfiltration,ATTACK,UNOBSERVED,TRUSTED,MISSED,false,14
5,3951,PRE_REMEDIATION,Network: Ephemeral UDP/DNS Exfiltration,4. Stateless UDP Socket Egress,ATTACK,UNOBSERVED,TRUSTED,MISSED,false,14
5,3953,PRE_REMEDIATION,Network: Ephemeral UDP/DNS Exfiltration,3. Unauthorized DNS TXT Exfiltration,ATTACK,UNOBSERVED,TRUSTED,MISSED,false,14
5,3955,PRE_REMEDIATION,Network: Ephemeral UDP/DNS Exfiltration,4. Stateless UDP Socket Egress,ATTACK,UNOBSERVED,TRUSTED,MISSED,false,14
5,3957,PRE_REMEDIATION,Network: Ephemeral UDP/DNS Exfiltration,3. Unauthorized DNS TXT Exfiltration,ATTACK,UNOBSERVED,TRUSTED,MISSED,false,14
5,3959,PRE_REMEDIATION,Network: Ephemeral UDP/DNS Exfiltration,4. Stateless UDP Socket Egress,ATTACK,UNOBSERVED,TRUSTED,MISSED,false,14
5,3961,PRE_REMEDIATION,Network: Ephemeral UDP/DNS Exfiltration,3. Unauthorized DNS TXT Exfiltration,ATTACK,UNOBSERVED,TRUSTED,MISSED,false,14
5,3963,PRE_REMEDIATION,Network: Ephemeral UDP/DNS Exfiltration,4. Stateless UDP Socket Egress,ATTACK,UNOBSERVED,TRUSTED,MISSED,false,14
5,3965,PRE_REMEDIATION,Network: Ephemeral UDP/DNS Exfiltration,3. Unauthorized DNS TXT Exfiltration,ATTACK,UNOBSERVED,TRUSTED,MISSED,false,14
5,3967,PRE_REMEDIATION,Network: Ephemeral UDP/DNS Exfiltration,4. Stateless UDP Socket Egress,ATTACK,UNOBSERVED,TRUSTED,MISSED,false,14
5,3969,PRE_REMEDIATION,Network: Ephemeral UDP/DNS Exfiltration,3. Unauthorized DNS TXT Exfiltration,ATTACK,UNOBSERVED,TRUSTED,MISSED,false,14
5,3971,PRE_REMEDIATION,Network: Ephemeral UDP/DNS Exfiltration,4. Stateless UDP Socket Egress,ATTACK,UNOBSERVED,TRUSTED,MISSED,false,14
5,3973,PRE_REMEDIATION,Network: Ephemeral UDP/DNS Exfiltration,3. Unauthorized DNS TXT Exfiltration,ATTACK,UNOBSERVED,TRUSTED,MISSED,false,14
5,3975,PRE_REMEDIATION,Network: Ephemeral UDP/DNS Exfiltration,4. Stateless UDP Socket Egress,ATTACK,UNOBSERVED,TRUSTED,MISSED,false,14
5,3977,PRE_REMEDIATION,Network: Ephemeral UDP/DNS Exfiltration,3. Unauthorized DNS TXT Exfiltration,ATTACK,UNOBSERVED,TRUSTED,MISSED,false,14
5,3979,PRE_REMEDIATION,Network: Ephemeral UDP/DNS Exfiltration,4. Stateless UDP Socket Egress,ATTACK,UNOBSERVED,TRUSTED,MISSED,false,14
5,3981,PRE_REMEDIATION,Network: Ephemeral UDP/DNS Exfiltration,3. Unauthorized DNS TXT Exfiltration,ATTACK,UNOBSERVED,TRUSTED,MISSED,false,14
5,3983,PRE_REMEDIATION,Network: Ephemeral UDP/DNS Exfiltration,4. Stateless UDP Socket Egress,ATTACK,UNOBSERVED,TRUSTED,MISSED,false,14
5,3985,PRE_REMEDIATION,Network: Ephemeral UDP/DNS Exfiltration,3. Unauthorized DNS TXT Exfiltration,ATTACK,UNOBSERVED,TRUSTED,MISSED,false,14
5,3987,PRE_REMEDIATION,Network: Ephemeral UDP/DNS Exfiltration,4. Stateless UDP Socket Egress,ATTACK,UNOBSERVED,TRUSTED,MISSED,false,14
5,3989,PRE_REMEDIATION,Network: Ephemeral UDP/DNS Exfiltration,3. Unauthorized DNS TXT Exfiltration,ATTACK,UNOBSERVED,TRUSTED,MISSED,false,14
5,3991,PRE_REMEDIATION,Network: Ephemeral UDP/DNS Exfiltration,4. Stateless UDP Socket Egress,ATTACK,UNOBSERVED,TRUSTED,MISSED,false,14
5,3993,PRE_REMEDIATION,Network: Ephemeral UDP/DNS Exfiltration,3. Unauthorized DNS TXT Exfiltration,ATTACK,UNOBSERVED,TRUSTED,MISSED,false,14
5,3995,PRE_REMEDIATION,Network: Ephemeral UDP/DNS Exfiltration,4. Stateless UDP Socket Egress,ATTACK,UNOBSERVED,TRUSTED,MISSED,false,14
5,3997,PRE_REMEDIATION,Network: Ephemeral UDP/DNS Exfiltration,3. Unauthorized DNS TXT Exfiltration,ATTACK,UNOBSERVED,TRUSTED,MISSED,false,14
5,3999,PRE_REMEDIATION,Network: Ephemeral UDP/DNS Exfiltration,4. Stateless UDP Socket Egress,ATTACK,UNOBSERVED,TRUSTED,MISSED,false,14
1,2,POST_REMEDIATION,Source: Commit Author/Email Spoofing,Case B: Unsigned Commit (Author Spoofed),ATTACK,OBSERVED,REJECTED,DETECTED,true,12
1,4,POST_REMEDIATION,Source: Commit Author/Email Spoofing,Case B: Unsigned Commit (Author Spoofed),ATTACK,OBSERVED,REJECTED,DETECTED,true,12
1,6,POST_REMEDIATION,Source: Commit Author/Email Spoofing,Case B: Unsigned Commit (Author Spoofed),ATTACK,OBSERVED,REJECTED,DETECTED,true,12
1,8,POST_REMEDIATION,Source: Commit Author/Email Spoofing,Case B: Unsigned Commit (Author Spoofed),ATTACK,OBSERVED,REJECTED,DETECTED,true,12
1,10,POST_REMEDIATION,Source: Commit Author/Email Spoofing,Case B: Unsigned Commit (Author Spoofed),ATTACK,OBSERVED,REJECTED,DETECTED,true,12
1,12,POST_REMEDIATION,Source: Commit Author/Email Spoofing,Case B: Unsigned Commit (Author Spoofed),ATTACK,OBSERVED,REJECTED,DETECTED,true,12
1,14,POST_REMEDIATION,Source: Commit Author/Email Spoofing,Case B: Unsigned Commit (Author Spoofed),ATTACK,OBSERVED,REJECTED,DETECTED,true,12
1,16,POST_REMEDIATION,Source: Commit Author/Email Spoofing,Case B: Unsigned Commit (Author Spoofed),ATTACK,OBSERVED,REJECTED,DETECTED,true,12
1,18,POST_REMEDIATION,Source: Commit Author/Email Spoofing,Case B: Unsigned Commit (Author Spoofed),ATTACK,OBSERVED,REJECTED,DETECTED,true,12
1,20,POST_REMEDIATION,Source: Commit Author/Email Spoofing,Case B: Unsigned Commit (Author Spoofed),ATTACK,OBSERVED,REJECTED,DETECTED,true,12
1,22,POST_REMEDIATION,Source: Commit Author/Email Spoofing,Case B: Unsigned Commit (Author Spoofed),ATTACK,OBSERVED,REJECTED,DETECTED,true,12
1,24,POST_REMEDIATION,Source: Commit Author/Email Spoofing,Case B: Unsigned Commit (Author Spoofed),ATTACK,OBSERVED,REJECTED,DETECTED,true,12
1,26,POST_REMEDIATION,Source: Commit Author/Email Spoofing,Case B: Unsigned Commit (Author Spoofed),ATTACK,OBSERVED,REJECTED,DETECTED,true,12
1,28,POST_REMEDIATION,Source: Commit Author/Email Spoofing,Case B: Unsigned Commit (Author Spoofed),ATTACK,OBSERVED,REJECTED,DETECTED,true,12
1,30,POST_REMEDIATION,Source: Commit Author/Email Spoofing,Case B: Unsigned Commit (Author Spoofed),ATTACK,OBSERVED,REJECTED,DETECTED,true,12
1,32,POST_REMEDIATION,Source: Commit Author/Email Spoofing,Case B: Unsigned Commit (Author Spoofed),ATTACK,OBSERVED,REJECTED,DETECTED,true,12
1,34,POST_REMEDIATION,Source: Commit Author/Email Spoofing,Case B: Unsigned Commit (Author Spoofed),ATTACK,OBSERVED,REJECTED,DETECTED,true,12
1,36,POST_REMEDIATION,Source: Commit Author/Email Spoofing,Case B: Unsigned Commit (Author Spoofed),ATTACK,OBSERVED,REJECTED,DETECTED,true,12
1,38,POST_REMEDIATION,Source: Commit Author/Email Spoofing,Case B: Unsigned Commit (Author Spoofed),ATTACK,OBSERVED,REJECTED,DETECTED,true,12
1,40,POST_REMEDIATION,Source: Commit Author/Email Spoofing,Case B: Unsigned Commit (Author Spoofed),ATTACK,OBSERVED,REJECTED,DETECTED,true,12
1,42,POST_REMEDIATION,Source: Commit Author/Email Spoofing,Case B: Unsigned Commit (Author Spoofed),ATTACK,OBSERVED,REJECTED,DETECTED,true,12
1,44,POST_REMEDIATION,Source: Commit Author/Email Spoofing,Case B: Unsigned Commit (Author Spoofed),ATTACK,OBSERVED,REJECTED,DETECTED,true,12
1,46,POST_REMEDIATION,Source: Commit Author/Email Spoofing,Case B: Unsigned Commit (Author Spoofed),ATTACK,OBSERVED,REJECTED,DETECTED,true,12
1,48,POST_REMEDIATION,Source: Commit Author/Email Spoofing,Case B: Unsigned Commit (Author Spoofed),ATTACK,OBSERVED,REJECTED,DETECTED,true,12
1,50,POST_REMEDIATION,Source: Commit Author/Email Spoofing,Case B: Unsigned Commit (Author Spoofed),ATTACK,OBSERVED,REJECTED,DETECTED,true,12
1,52,POST_REMEDIATION,Source: Commit Author/Email Spoofing,Case B: Unsigned Commit (Author Spoofed),ATTACK,OBSERVED,REJECTED,DETECTED,true,12
1,54,POST_REMEDIATION,Source: Commit Author/Email Spoofing,Case B: Unsigned Commit (Author Spoofed),ATTACK,OBSERVED,REJECTED,DETECTED,true,12
1,56,POST_REMEDIATION,Source: Commit Author/Email Spoofing,Case B: Unsigned Commit (Author Spoofed),ATTACK,OBSERVED,REJECTED,DETECTED,true,12
1,58,POST_REMEDIATION,Source: Commit Author/Email Spoofing,Case B: Unsigned Commit (Author Spoofed),ATTACK,OBSERVED,REJECTED,DETECTED,true,12
1,60,POST_REMEDIATION,Source: Commit Author/Email Spoofing,Case B: Unsigned Commit (Author Spoofed),ATTACK,OBSERVED,REJECTED,DETECTED,true,12
1,62,POST_REMEDIATION,Source: Commit Author/Email Spoofing,Case B: Unsigned Commit (Author Spoofed),ATTACK,OBSERVED,REJECTED,DETECTED,true,12
1,64,POST_REMEDIATION,Source: Commit Author/Email Spoofing,Case B: Unsigned Commit (Author Spoofed),ATTACK,OBSERVED,REJECTED,DETECTED,true,12
1,66,POST_REMEDIATION,Source: Commit Author/Email Spoofing,Case B: Unsigned Commit (Author Spoofed),ATTACK,OBSERVED,REJECTED,DETECTED,true,12
1,68,POST_REMEDIATION,Source: Commit Author/Email Spoofing,Case B: Unsigned Commit (Author Spoofed),ATTACK,OBSERVED,REJECTED,DETECTED,true,12
1,70,POST_REMEDIATION,Source: Commit Author/Email Spoofing,Case B: Unsigned Commit (Author Spoofed),ATTACK,OBSERVED,REJECTED,DETECTED,true,12
1,72,POST_REMEDIATION,Source: Commit Author/Email Spoofing,Case B: Unsigned Commit (Author Spoofed),ATTACK,OBSERVED,REJECTED,DETECTED,true,12
1,74,POST_REMEDIATION,Source: Commit Author/Email Spoofing,Case B: Unsigned Commit (Author Spoofed),ATTACK,OBSERVED,REJECTED,DETECTED,true,12
1,76,POST_REMEDIATION,Source: Commit Author/Email Spoofing,Case B: Unsigned Commit (Author Spoofed),ATTACK,OBSERVED,REJECTED,DETECTED,true,12
1,78,POST_REMEDIATION,Source: Commit Author/Email Spoofing,Case B: Unsigned Commit (Author Spoofed),ATTACK,OBSERVED,REJECTED,DETECTED,true,12
1,80,POST_REMEDIATION,Source: Commit Author/Email Spoofing,Case B: Unsigned Commit (Author Spoofed),ATTACK,OBSERVED,REJECTED,DETECTED,true,12
1,82,POST_REMEDIATION,Source: Commit Author/Email Spoofing,Case B: Unsigned Commit (Author Spoofed),ATTACK,OBSERVED,REJECTED,DETECTED,true,12
1,84,POST_REMEDIATION,Source: Commit Author/Email Spoofing,Case B: Unsigned Commit (Author Spoofed),ATTACK,OBSERVED,REJECTED,DETECTED,true,12
1,86,POST_REMEDIATION,Source: Commit Author/Email Spoofing,Case B: Unsigned Commit (Author Spoofed),ATTACK,OBSERVED,REJECTED,DETECTED,true,12
1,88,POST_REMEDIATION,Source: Commit Author/Email Spoofing,Case B: Unsigned Commit (Author Spoofed),ATTACK,OBSERVED,REJECTED,DETECTED,true,12
1,90,POST_REMEDIATION,Source: Commit Author/Email Spoofing,Case B: Unsigned Commit (Author Spoofed),ATTACK,OBSERVED,REJECTED,DETECTED,true,12
1,92,POST_REMEDIATION,Source: Commit Author/Email Spoofing,Case B: Unsigned Commit (Author Spoofed),ATTACK,OBSERVED,REJECTED,DETECTED,true,12
1,94,POST_REMEDIATION,Source: Commit Author/Email Spoofing,Case B: Unsigned Commit (Author Spoofed),ATTACK,OBSERVED,REJECTED,DETECTED,true,12
1,96,POST_REMEDIATION,Source: Commit Author/Email Spoofing,Case B: Unsigned Commit (Author Spoofed),ATTACK,OBSERVED,REJECTED,DETECTED,true,12
1,98,POST_REMEDIATION,Source: Commit Author/Email Spoofing,Case B: Unsigned Commit (Author Spoofed),ATTACK,OBSERVED,REJECTED,DETECTED,true,12
1,100,POST_REMEDIATION,Source: Commit Author/Email Spoofing,Case B: Unsigned Commit (Author Spoofed),ATTACK,OBSERVED,REJECTED,DETECTED,true,12
1,102,POST_REMEDIATION,Source: Commit Author/Email Spoofing,Case B: Unsigned Commit (Author Spoofed),ATTACK,OBSERVED,REJECTED,DETECTED,true,12
1,104,POST_REMEDIATION,Source: Commit Author/Email Spoofing,Case B: Unsigned Commit (Author Spoofed),ATTACK,OBSERVED,REJECTED,DETECTED,true,12
1,106,POST_REMEDIATION,Source: Commit Author/Email Spoofing,Case B: Unsigned Commit (Author Spoofed),ATTACK,OBSERVED,REJECTED,DETECTED,true,12
1,108,POST_REMEDIATION,Source: Commit Author/Email Spoofing,Case B: Unsigned Commit (Author Spoofed),ATTACK,OBSERVED,REJECTED,DETECTED,true,12
1,110,POST_REMEDIATION,Source: Commit Author/Email Spoofing,Case B: Unsigned Commit (Author Spoofed),ATTACK,OBSERVED,REJECTED,DETECTED,true,12
1,112,POST_REMEDIATION,Source: Commit Author/Email Spoofing,Case B: Unsigned Commit (Author Spoofed),ATTACK,OBSERVED,REJECTED,DETECTED,true,12
1,114,POST_REMEDIATION,Source: Commit Author/Email Spoofing,Case B: Unsigned Commit (Author Spoofed),ATTACK,OBSERVED,REJECTED,DETECTED,true,12
1,116,POST_REMEDIATION,Source: Commit Author/Email Spoofing,Case B: Unsigned Commit (Author Spoofed),ATTACK,OBSERVED,REJECTED,DETECTED,true,12
1,118,POST_REMEDIATION,Source: Commit Author/Email Spoofing,Case B: Unsigned Commit (Author Spoofed),ATTACK,OBSERVED,REJECTED,DETECTED,true,12
1,120,POST_REMEDIATION,Source: Commit Author/Email Spoofing,Case B: Unsigned Commit (Author Spoofed),ATTACK,OBSERVED,REJECTED,DETECTED,true,12
1,122,POST_REMEDIATION,Source: Commit Author/Email Spoofing,Case B: Unsigned Commit (Author Spoofed),ATTACK,OBSERVED,REJECTED,DETECTED,true,12
1,124,POST_REMEDIATION,Source: Commit Author/Email Spoofing,Case B: Unsigned Commit (Author Spoofed),ATTACK,OBSERVED,REJECTED,DETECTED,true,12
1,126,POST_REMEDIATION,Source: Commit Author/Email Spoofing,Case B: Unsigned Commit (Author Spoofed),ATTACK,OBSERVED,REJECTED,DETECTED,true,12
1,128,POST_REMEDIATION,Source: Commit Author/Email Spoofing,Case B: Unsigned Commit (Author Spoofed),ATTACK,OBSERVED,REJECTED,DETECTED,true,12
1,130,POST_REMEDIATION,Source: Commit Author/Email Spoofing,Case B: Unsigned Commit (Author Spoofed),ATTACK,OBSERVED,REJECTED,DETECTED,true,12
1,132,POST_REMEDIATION,Source: Commit Author/Email Spoofing,Case B: Unsigned Commit (Author Spoofed),ATTACK,OBSERVED,REJECTED,DETECTED,true,12
1,134,POST_REMEDIATION,Source: Commit Author/Email Spoofing,Case B: Unsigned Commit (Author Spoofed),ATTACK,OBSERVED,REJECTED,DETECTED,true,12
1,136,POST_REMEDIATION,Source: Commit Author/Email Spoofing,Case B: Unsigned Commit (Author Spoofed),ATTACK,OBSERVED,REJECTED,DETECTED,true,12
1,138,POST_REMEDIATION,Source: Commit Author/Email Spoofing,Case B: Unsigned Commit (Author Spoofed),ATTACK,OBSERVED,REJECTED,DETECTED,true,12
1,140,POST_REMEDIATION,Source: Commit Author/Email Spoofing,Case B: Unsigned Commit (Author Spoofed),ATTACK,OBSERVED,REJECTED,DETECTED,true,12
1,142,POST_REMEDIATION,Source: Commit Author/Email Spoofing,Case B: Unsigned Commit (Author Spoofed),ATTACK,OBSERVED,REJECTED,DETECTED,true,12
1,144,POST_REMEDIATION,Source: Commit Author/Email Spoofing,Case B: Unsigned Commit (Author Spoofed),ATTACK,OBSERVED,REJECTED,DETECTED,true,12
1,146,POST_REMEDIATION,Source: Commit Author/Email Spoofing,Case B: Unsigned Commit (Author Spoofed),ATTACK,OBSERVED,REJECTED,DETECTED,true,12
1,148,POST_REMEDIATION,Source: Commit Author/Email Spoofing,Case B: Unsigned Commit (Author Spoofed),ATTACK,OBSERVED,REJECTED,DETECTED,true,12
1,150,POST_REMEDIATION,Source: Commit Author/Email Spoofing,Case B: Unsigned Commit (Author Spoofed),ATTACK,OBSERVED,REJECTED,DETECTED,true,12
1,152,POST_REMEDIATION,Source: Commit Author/Email Spoofing,Case B: Unsigned Commit (Author Spoofed),ATTACK,OBSERVED,REJECTED,DETECTED,true,12
1,154,POST_REMEDIATION,Source: Commit Author/Email Spoofing,Case B: Unsigned Commit (Author Spoofed),ATTACK,OBSERVED,REJECTED,DETECTED,true,12
1,156,POST_REMEDIATION,Source: Commit Author/Email Spoofing,Case B: Unsigned Commit (Author Spoofed),ATTACK,OBSERVED,REJECTED,DETECTED,true,12
1,158,POST_REMEDIATION,Source: Commit Author/Email Spoofing,Case B: Unsigned Commit (Author Spoofed),ATTACK,OBSERVED,REJECTED,DETECTED,true,12
1,160,POST_REMEDIATION,Source: Commit Author/Email Spoofing,Case B: Unsigned Commit (Author Spoofed),ATTACK,OBSERVED,REJECTED,DETECTED,true,12
1,162,POST_REMEDIATION,Source: Commit Author/Email Spoofing,Case B: Unsigned Commit (Author Spoofed),ATTACK,OBSERVED,REJECTED,DETECTED,true,12
1,164,POST_REMEDIATION,Source: Commit Author/Email Spoofing,Case B: Unsigned Commit (Author Spoofed),ATTACK,OBSERVED,REJECTED,DETECTED,true,12
1,166,POST_REMEDIATION,Source: Commit Author/Email Spoofing,Case B: Unsigned Commit (Author Spoofed),ATTACK,OBSERVED,REJECTED,DETECTED,true,12
1,168,POST_REMEDIATION,Source: Commit Author/Email Spoofing,Case B: Unsigned Commit (Author Spoofed),ATTACK,OBSERVED,REJECTED,DETECTED,true,12
1,170,POST_REMEDIATION,Source: Commit Author/Email Spoofing,Case B: Unsigned Commit (Author Spoofed),ATTACK,OBSERVED,REJECTED,DETECTED,true,12
1,172,POST_REMEDIATION,Source: Commit Author/Email Spoofing,Case B: Unsigned Commit (Author Spoofed),ATTACK,OBSERVED,REJECTED,DETECTED,true,12
1,174,POST_REMEDIATION,Source: Commit Author/Email Spoofing,Case B: Unsigned Commit (Author Spoofed),ATTACK,OBSERVED,REJECTED,DETECTED,true,12
1,176,POST_REMEDIATION,Source: Commit Author/Email Spoofing,Case B: Unsigned Commit (Author Spoofed),ATTACK,OBSERVED,REJECTED,DETECTED,true,12
1,178,POST_REMEDIATION,Source: Commit Author/Email Spoofing,Case B: Unsigned Commit (Author Spoofed),ATTACK,OBSERVED,REJECTED,DETECTED,true,12
1,180,POST_REMEDIATION,Source: Commit Author/Email Spoofing,Case B: Unsigned Commit (Author Spoofed),ATTACK,OBSERVED,REJECTED,DETECTED,true,12
1,182,POST_REMEDIATION,Source: Commit Author/Email Spoofing,Case B: Unsigned Commit (Author Spoofed),ATTACK,OBSERVED,REJECTED,DETECTED,true,12
1,184,POST_REMEDIATION,Source: Commit Author/Email Spoofing,Case B: Unsigned Commit (Author Spoofed),ATTACK,OBSERVED,REJECTED,DETECTED,true,12
1,186,POST_REMEDIATION,Source: Commit Author/Email Spoofing,Case B: Unsigned Commit (Author Spoofed),ATTACK,OBSERVED,REJECTED,DETECTED,true,12
1,188,POST_REMEDIATION,Source: Commit Author/Email Spoofing,Case B: Unsigned Commit (Author Spoofed),ATTACK,OBSERVED,REJECTED,DETECTED,true,12
1,190,POST_REMEDIATION,Source: Commit Author/Email Spoofing,Case B: Unsigned Commit (Author Spoofed),ATTACK,OBSERVED,REJECTED,DETECTED,true,12
1,192,POST_REMEDIATION,Source: Commit Author/Email Spoofing,Case B: Unsigned Commit (Author Spoofed),ATTACK,OBSERVED,REJECTED,DETECTED,true,12
1,194,POST_REMEDIATION,Source: Commit Author/Email Spoofing,Case B: Unsigned Commit (Author Spoofed),ATTACK,OBSERVED,REJECTED,DETECTED,true,12
1,196,POST_REMEDIATION,Source: Commit Author/Email Spoofing,Case B: Unsigned Commit (Author Spoofed),ATTACK,OBSERVED,REJECTED,DETECTED,true,12
1,198,POST_REMEDIATION,Source: Commit Author/Email Spoofing,Case B: Unsigned Commit (Author Spoofed),ATTACK,OBSERVED,REJECTED,DETECTED,true,12
1,200,POST_REMEDIATION,Source: Commit Author/Email Spoofing,Case B: Unsigned Commit (Author Spoofed),ATTACK,OBSERVED,REJECTED,DETECTED,true,12
1,202,POST_REMEDIATION,Process: Short-Lived Subprocess (Polling Evasion),<1 ms,ATTACK,OBSERVED,REJECTED,DETECTED,true,16
1,204,POST_REMEDIATION,Process: Short-Lived Subprocess (Polling Evasion),1–5 ms,ATTACK,OBSERVED,REJECTED,DETECTED,true,16
1,206,POST_REMEDIATION,Process: Short-Lived Subprocess (Polling Evasion),5–10 ms,ATTACK,OBSERVED,REJECTED,DETECTED,true,16
1,208,POST_REMEDIATION,Process: Short-Lived Subprocess (Polling Evasion),<1 ms,ATTACK,OBSERVED,REJECTED,DETECTED,true,16
1,210,POST_REMEDIATION,Process: Short-Lived Subprocess (Polling Evasion),1–5 ms,ATTACK,OBSERVED,REJECTED,DETECTED,true,16
1,212,POST_REMEDIATION,Process: Short-Lived Subprocess (Polling Evasion),5–10 ms,ATTACK,OBSERVED,REJECTED,DETECTED,true,16
1,214,POST_REMEDIATION,Process: Short-Lived Subprocess (Polling Evasion),<1 ms,ATTACK,OBSERVED,REJECTED,DETECTED,true,16
1,216,POST_REMEDIATION,Process: Short-Lived Subprocess (Polling Evasion),1–5 ms,ATTACK,OBSERVED,REJECTED,DETECTED,true,16
1,218,POST_REMEDIATION,Process: Short-Lived Subprocess (Polling Evasion),5–10 ms,ATTACK,OBSERVED,REJECTED,DETECTED,true,16
1,220,POST_REMEDIATION,Process: Short-Lived Subprocess (Polling Evasion),<1 ms,ATTACK,OBSERVED,REJECTED,DETECTED,true,16
1,222,POST_REMEDIATION,Process: Short-Lived Subprocess (Polling Evasion),1–5 ms,ATTACK,OBSERVED,REJECTED,DETECTED,true,16
1,224,POST_REMEDIATION,Process: Short-Lived Subprocess (Polling Evasion),5–10 ms,ATTACK,OBSERVED,REJECTED,DETECTED,true,16
1,226,POST_REMEDIATION,Process: Short-Lived Subprocess (Polling Evasion),<1 ms,ATTACK,OBSERVED,REJECTED,DETECTED,true,16
1,228,POST_REMEDIATION,Process: Short-Lived Subprocess (Polling Evasion),1–5 ms,ATTACK,OBSERVED,REJECTED,DETECTED,true,16
1,230,POST_REMEDIATION,Process: Short-Lived Subprocess (Polling Evasion),5–10 ms,ATTACK,OBSERVED,REJECTED,DETECTED,true,16
1,232,POST_REMEDIATION,Process: Short-Lived Subprocess (Polling Evasion),<1 ms,ATTACK,OBSERVED,REJECTED,DETECTED,true,16
1,234,POST_REMEDIATION,Process: Short-Lived Subprocess (Polling Evasion),1–5 ms,ATTACK,OBSERVED,REJECTED,DETECTED,true,16
1,236,POST_REMEDIATION,Process: Short-Lived Subprocess (Polling Evasion),5–10 ms,ATTACK,OBSERVED,REJECTED,DETECTED,true,16
1,238,POST_REMEDIATION,Process: Short-Lived Subprocess (Polling Evasion),<1 ms,ATTACK,OBSERVED,REJECTED,DETECTED,true,16
1,240,POST_REMEDIATION,Process: Short-Lived Subprocess (Polling Evasion),1–5 ms,ATTACK,OBSERVED,REJECTED,DETECTED,true,16
1,242,POST_REMEDIATION,Process: Short-Lived Subprocess (Polling Evasion),5–10 ms,ATTACK,OBSERVED,REJECTED,DETECTED,true,16
1,244,POST_REMEDIATION,Process: Short-Lived Subprocess (Polling Evasion),<1 ms,ATTACK,OBSERVED,REJECTED,DETECTED,true,16
1,246,POST_REMEDIATION,Process: Short-Lived Subprocess (Polling Evasion),1–5 ms,ATTACK,OBSERVED,REJECTED,DETECTED,true,16
1,248,POST_REMEDIATION,Process: Short-Lived Subprocess (Polling Evasion),5–10 ms,ATTACK,OBSERVED,REJECTED,DETECTED,true,16
1,250,POST_REMEDIATION,Process: Short-Lived Subprocess (Polling Evasion),<1 ms,ATTACK,OBSERVED,REJECTED,DETECTED,true,16
1,252,POST_REMEDIATION,Process: Short-Lived Subprocess (Polling Evasion),1–5 ms,ATTACK,OBSERVED,REJECTED,DETECTED,true,16
1,254,POST_REMEDIATION,Process: Short-Lived Subprocess (Polling Evasion),5–10 ms,ATTACK,OBSERVED,REJECTED,DETECTED,true,16
1,256,POST_REMEDIATION,Process: Short-Lived Subprocess (Polling Evasion),<1 ms,ATTACK,OBSERVED,REJECTED,DETECTED,true,16
1,258,POST_REMEDIATION,Process: Short-Lived Subprocess (Polling Evasion),1–5 ms,ATTACK,OBSERVED,REJECTED,DETECTED,true,16
1,260,POST_REMEDIATION,Process: Short-Lived Subprocess (Polling Evasion),5–10 ms,ATTACK,OBSERVED,REJECTED,DETECTED,true,16
1,262,POST_REMEDIATION,Process: Short-Lived Subprocess (Polling Evasion),<1 ms,ATTACK,OBSERVED,REJECTED,DETECTED,true,16
1,264,POST_REMEDIATION,Process: Short-Lived Subprocess (Polling Evasion),1–5 ms,ATTACK,OBSERVED,REJECTED,DETECTED,true,16
1,266,POST_REMEDIATION,Process: Short-Lived Subprocess (Polling Evasion),5–10 ms,ATTACK,OBSERVED,REJECTED,DETECTED,true,16
1,268,POST_REMEDIATION,Process: Short-Lived Subprocess (Polling Evasion),<1 ms,ATTACK,OBSERVED,REJECTED,DETECTED,true,16
1,270,POST_REMEDIATION,Process: Short-Lived Subprocess (Polling Evasion),1–5 ms,ATTACK,OBSERVED,REJECTED,DETECTED,true,16
1,272,POST_REMEDIATION,Process: Short-Lived Subprocess (Polling Evasion),5–10 ms,ATTACK,OBSERVED,REJECTED,DETECTED,true,16
1,274,POST_REMEDIATION,Process: Short-Lived Subprocess (Polling Evasion),<1 ms,ATTACK,OBSERVED,REJECTED,DETECTED,true,16
1,276,POST_REMEDIATION,Process: Short-Lived Subprocess (Polling Evasion),1–5 ms,ATTACK,OBSERVED,REJECTED,DETECTED,true,16
1,278,POST_REMEDIATION,Process: Short-Lived Subprocess (Polling Evasion),5–10 ms,ATTACK,OBSERVED,REJECTED,DETECTED,true,16
1,280,POST_REMEDIATION,Process: Short-Lived Subprocess (Polling Evasion),<1 ms,ATTACK,OBSERVED,REJECTED,DETECTED,true,16
1,282,POST_REMEDIATION,Process: Short-Lived Subprocess (Polling Evasion),1–5 ms,ATTACK,OBSERVED,REJECTED,DETECTED,true,16
1,284,POST_REMEDIATION,Process: Short-Lived Subprocess (Polling Evasion),5–10 ms,ATTACK,OBSERVED,REJECTED,DETECTED,true,16
1,286,POST_REMEDIATION,Process: Short-Lived Subprocess (Polling Evasion),<1 ms,ATTACK,OBSERVED,REJECTED,DETECTED,true,16
1,288,POST_REMEDIATION,Process: Short-Lived Subprocess (Polling Evasion),1–5 ms,ATTACK,OBSERVED,REJECTED,DETECTED,true,16
1,290,POST_REMEDIATION,Process: Short-Lived Subprocess (Polling Evasion),5–10 ms,ATTACK,OBSERVED,REJECTED,DETECTED,true,16
1,292,POST_REMEDIATION,Process: Short-Lived Subprocess (Polling Evasion),<1 ms,ATTACK,OBSERVED,REJECTED,DETECTED,true,16
1,294,POST_REMEDIATION,Process: Short-Lived Subprocess (Polling Evasion),1–5 ms,ATTACK,OBSERVED,REJECTED,DETECTED,true,16
1,296,POST_REMEDIATION,Process: Short-Lived Subprocess (Polling Evasion),5–10 ms,ATTACK,OBSERVED,REJECTED,DETECTED,true,16
1,298,POST_REMEDIATION,Process: Short-Lived Subprocess (Polling Evasion),<1 ms,ATTACK,OBSERVED,REJECTED,DETECTED,true,16
1,300,POST_REMEDIATION,Process: Short-Lived Subprocess (Polling Evasion),1–5 ms,ATTACK,OBSERVED,REJECTED,DETECTED,true,16
1,302,POST_REMEDIATION,Process: Short-Lived Subprocess (Polling Evasion),5–10 ms,ATTACK,OBSERVED,REJECTED,DETECTED,true,16
1,304,POST_REMEDIATION,Process: Short-Lived Subprocess (Polling Evasion),<1 ms,ATTACK,OBSERVED,REJECTED,DETECTED,true,16
1,306,POST_REMEDIATION,Process: Short-Lived Subprocess (Polling Evasion),1–5 ms,ATTACK,OBSERVED,REJECTED,DETECTED,true,16
1,308,POST_REMEDIATION,Process: Short-Lived Subprocess (Polling Evasion),5–10 ms,ATTACK,OBSERVED,REJECTED,DETECTED,true,16
1,310,POST_REMEDIATION,Process: Short-Lived Subprocess (Polling Evasion),<1 ms,ATTACK,OBSERVED,REJECTED,DETECTED,true,16
1,312,POST_REMEDIATION,Process: Short-Lived Subprocess (Polling Evasion),1–5 ms,ATTACK,OBSERVED,REJECTED,DETECTED,true,16
1,314,POST_REMEDIATION,Process: Short-Lived Subprocess (Polling Evasion),5–10 ms,ATTACK,OBSERVED,REJECTED,DETECTED,true,16
1,316,POST_REMEDIATION,Process: Short-Lived Subprocess (Polling Evasion),<1 ms,ATTACK,OBSERVED,REJECTED,DETECTED,true,16
1,318,POST_REMEDIATION,Process: Short-Lived Subprocess (Polling Evasion),1–5 ms,ATTACK,OBSERVED,REJECTED,DETECTED,true,16
1,320,POST_REMEDIATION,Process: Short-Lived Subprocess (Polling Evasion),5–10 ms,ATTACK,OBSERVED,REJECTED,DETECTED,true,16
1,322,POST_REMEDIATION,Process: Short-Lived Subprocess (Polling Evasion),<1 ms,ATTACK,OBSERVED,REJECTED,DETECTED,true,16
1,324,POST_REMEDIATION,Process: Short-Lived Subprocess (Polling Evasion),1–5 ms,ATTACK,OBSERVED,REJECTED,DETECTED,true,16
1,326,POST_REMEDIATION,Process: Short-Lived Subprocess (Polling Evasion),5–10 ms,ATTACK,OBSERVED,REJECTED,DETECTED,true,16
1,328,POST_REMEDIATION,Process: Short-Lived Subprocess (Polling Evasion),<1 ms,ATTACK,OBSERVED,REJECTED,DETECTED,true,16
1,330,POST_REMEDIATION,Process: Short-Lived Subprocess (Polling Evasion),1–5 ms,ATTACK,OBSERVED,REJECTED,DETECTED,true,16
1,332,POST_REMEDIATION,Process: Short-Lived Subprocess (Polling Evasion),5–10 ms,ATTACK,OBSERVED,REJECTED,DETECTED,true,16
1,334,POST_REMEDIATION,Process: Short-Lived Subprocess (Polling Evasion),<1 ms,ATTACK,OBSERVED,REJECTED,DETECTED,true,16
1,336,POST_REMEDIATION,Process: Short-Lived Subprocess (Polling Evasion),1–5 ms,ATTACK,OBSERVED,REJECTED,DETECTED,true,16
1,338,POST_REMEDIATION,Process: Short-Lived Subprocess (Polling Evasion),5–10 ms,ATTACK,OBSERVED,REJECTED,DETECTED,true,16
1,340,POST_REMEDIATION,Process: Short-Lived Subprocess (Polling Evasion),<1 ms,ATTACK,OBSERVED,REJECTED,DETECTED,true,16
1,342,POST_REMEDIATION,Process: Short-Lived Subprocess (Polling Evasion),1–5 ms,ATTACK,OBSERVED,REJECTED,DETECTED,true,16
1,344,POST_REMEDIATION,Process: Short-Lived Subprocess (Polling Evasion),5–10 ms,ATTACK,OBSERVED,REJECTED,DETECTED,true,16
1,346,POST_REMEDIATION,Process: Short-Lived Subprocess (Polling Evasion),<1 ms,ATTACK,OBSERVED,REJECTED,DETECTED,true,16
1,348,POST_REMEDIATION,Process: Short-Lived Subprocess (Polling Evasion),1–5 ms,ATTACK,OBSERVED,REJECTED,DETECTED,true,16
1,350,POST_REMEDIATION,Process: Short-Lived Subprocess (Polling Evasion),5–10 ms,ATTACK,OBSERVED,REJECTED,DETECTED,true,16
1,352,POST_REMEDIATION,Process: Short-Lived Subprocess (Polling Evasion),<1 ms,ATTACK,OBSERVED,REJECTED,DETECTED,true,16
1,354,POST_REMEDIATION,Process: Short-Lived Subprocess (Polling Evasion),1–5 ms,ATTACK,OBSERVED,REJECTED,DETECTED,true,16
1,356,POST_REMEDIATION,Process: Short-Lived Subprocess (Polling Evasion),5–10 ms,ATTACK,OBSERVED,REJECTED,DETECTED,true,16
1,358,POST_REMEDIATION,Process: Short-Lived Subprocess (Polling Evasion),<1 ms,ATTACK,OBSERVED,REJECTED,DETECTED,true,16
1,360,POST_REMEDIATION,Process: Short-Lived Subprocess (Polling Evasion),1–5 ms,ATTACK,OBSERVED,REJECTED,DETECTED,true,16
1,362,POST_REMEDIATION,Process: Short-Lived Subprocess (Polling Evasion),5–10 ms,ATTACK,OBSERVED,REJECTED,DETECTED,true,16
1,364,POST_REMEDIATION,Process: Short-Lived Subprocess (Polling Evasion),<1 ms,ATTACK,OBSERVED,REJECTED,DETECTED,true,16
1,366,POST_REMEDIATION,Process: Short-Lived Subprocess (Polling Evasion),1–5 ms,ATTACK,OBSERVED,REJECTED,DETECTED,true,16
1,368,POST_REMEDIATION,Process: Short-Lived Subprocess (Polling Evasion),5–10 ms,ATTACK,OBSERVED,REJECTED,DETECTED,true,16
1,370,POST_REMEDIATION,Process: Short-Lived Subprocess (Polling Evasion),<1 ms,ATTACK,OBSERVED,REJECTED,DETECTED,true,16
1,372,POST_REMEDIATION,Process: Short-Lived Subprocess (Polling Evasion),1–5 ms,ATTACK,OBSERVED,REJECTED,DETECTED,true,16
1,374,POST_REMEDIATION,Process: Short-Lived Subprocess (Polling Evasion),5–10 ms,ATTACK,OBSERVED,REJECTED,DETECTED,true,16
1,376,POST_REMEDIATION,Process: Short-Lived Subprocess (Polling Evasion),<1 ms,ATTACK,OBSERVED,REJECTED,DETECTED,true,16
1,378,POST_REMEDIATION,Process: Short-Lived Subprocess (Polling Evasion),1–5 ms,ATTACK,OBSERVED,REJECTED,DETECTED,true,16
1,380,POST_REMEDIATION,Process: Short-Lived Subprocess (Polling Evasion),5–10 ms,ATTACK,OBSERVED,REJECTED,DETECTED,true,16
1,382,POST_REMEDIATION,Process: Short-Lived Subprocess (Polling Evasion),<1 ms,ATTACK,OBSERVED,REJECTED,DETECTED,true,16
1,384,POST_REMEDIATION,Process: Short-Lived Subprocess (Polling Evasion),1–5 ms,ATTACK,OBSERVED,REJECTED,DETECTED,true,16
1,386,POST_REMEDIATION,Process: Short-Lived Subprocess (Polling Evasion),5–10 ms,ATTACK,OBSERVED,REJECTED,DETECTED,true,16
1,388,POST_REMEDIATION,Process: Short-Lived Subprocess (Polling Evasion),<1 ms,ATTACK,OBSERVED,REJECTED,DETECTED,true,16
1,390,POST_REMEDIATION,Process: Short-Lived Subprocess (Polling Evasion),1–5 ms,ATTACK,OBSERVED,REJECTED,DETECTED,true,16
1,392,POST_REMEDIATION,Process: Short-Lived Subprocess (Polling Evasion),5–10 ms,ATTACK,OBSERVED,REJECTED,DETECTED,true,16
1,394,POST_REMEDIATION,Process: Short-Lived Subprocess (Polling Evasion),<1 ms,ATTACK,OBSERVED,REJECTED,DETECTED,true,16
1,396,POST_REMEDIATION,Process: Short-Lived Subprocess (Polling Evasion),1–5 ms,ATTACK,OBSERVED,REJECTED,DETECTED,true,16
1,398,POST_REMEDIATION,Process: Short-Lived Subprocess (Polling Evasion),5–10 ms,ATTACK,OBSERVED,REJECTED,DETECTED,true,16
1,400,POST_REMEDIATION,Process: Short-Lived Subprocess (Polling Evasion),<1 ms,ATTACK,OBSERVED,REJECTED,DETECTED,true,16
1,402,POST_REMEDIATION,Filesystem: Boundary Escape (/tmp or %TEMP%),2. %TEMP% Directory,ATTACK,OBSERVED,REJECTED,DETECTED,true,15
1,404,POST_REMEDIATION,Filesystem: Boundary Escape (/tmp or %TEMP%),3. User Profile Temp,ATTACK,OBSERVED,REJECTED,DETECTED,true,15
1,406,POST_REMEDIATION,Filesystem: Boundary Escape (/tmp or %TEMP%),4. Unconfigured Directory,ATTACK,UNOBSERVED,TRUSTED,MISSED,false,15
1,408,POST_REMEDIATION,Filesystem: Boundary Escape (/tmp or %TEMP%),5. System Directory,ATTACK,UNOBSERVED,TRUSTED,MISSED,false,15
1,410,POST_REMEDIATION,Filesystem: Boundary Escape (/tmp or %TEMP%),2. %TEMP% Directory,ATTACK,OBSERVED,REJECTED,DETECTED,true,15
1,412,POST_REMEDIATION,Filesystem: Boundary Escape (/tmp or %TEMP%),3. User Profile Temp,ATTACK,OBSERVED,REJECTED,DETECTED,true,15
1,414,POST_REMEDIATION,Filesystem: Boundary Escape (/tmp or %TEMP%),4. Unconfigured Directory,ATTACK,UNOBSERVED,TRUSTED,MISSED,false,15
1,416,POST_REMEDIATION,Filesystem: Boundary Escape (/tmp or %TEMP%),5. System Directory,ATTACK,UNOBSERVED,TRUSTED,MISSED,false,15
1,418,POST_REMEDIATION,Filesystem: Boundary Escape (/tmp or %TEMP%),2. %TEMP% Directory,ATTACK,OBSERVED,REJECTED,DETECTED,true,15
1,420,POST_REMEDIATION,Filesystem: Boundary Escape (/tmp or %TEMP%),3. User Profile Temp,ATTACK,OBSERVED,REJECTED,DETECTED,true,15
1,422,POST_REMEDIATION,Filesystem: Boundary Escape (/tmp or %TEMP%),4. Unconfigured Directory,ATTACK,UNOBSERVED,TRUSTED,MISSED,false,15
1,424,POST_REMEDIATION,Filesystem: Boundary Escape (/tmp or %TEMP%),5. System Directory,ATTACK,UNOBSERVED,TRUSTED,MISSED,false,15
1,426,POST_REMEDIATION,Filesystem: Boundary Escape (/tmp or %TEMP%),2. %TEMP% Directory,ATTACK,OBSERVED,REJECTED,DETECTED,true,15
1,428,POST_REMEDIATION,Filesystem: Boundary Escape (/tmp or %TEMP%),3. User Profile Temp,ATTACK,OBSERVED,REJECTED,DETECTED,true,15
1,430,POST_REMEDIATION,Filesystem: Boundary Escape (/tmp or %TEMP%),4. Unconfigured Directory,ATTACK,UNOBSERVED,TRUSTED,MISSED,false,15
1,432,POST_REMEDIATION,Filesystem: Boundary Escape (/tmp or %TEMP%),5. System Directory,ATTACK,UNOBSERVED,TRUSTED,MISSED,false,15
1,434,POST_REMEDIATION,Filesystem: Boundary Escape (/tmp or %TEMP%),2. %TEMP% Directory,ATTACK,OBSERVED,REJECTED,DETECTED,true,15
1,436,POST_REMEDIATION,Filesystem: Boundary Escape (/tmp or %TEMP%),3. User Profile Temp,ATTACK,OBSERVED,REJECTED,DETECTED,true,15
1,438,POST_REMEDIATION,Filesystem: Boundary Escape (/tmp or %TEMP%),4. Unconfigured Directory,ATTACK,UNOBSERVED,TRUSTED,MISSED,false,15
1,440,POST_REMEDIATION,Filesystem: Boundary Escape (/tmp or %TEMP%),5. System Directory,ATTACK,UNOBSERVED,TRUSTED,MISSED,false,15
1,442,POST_REMEDIATION,Filesystem: Boundary Escape (/tmp or %TEMP%),2. %TEMP% Directory,ATTACK,OBSERVED,REJECTED,DETECTED,true,15
1,444,POST_REMEDIATION,Filesystem: Boundary Escape (/tmp or %TEMP%),3. User Profile Temp,ATTACK,OBSERVED,REJECTED,DETECTED,true,15
1,446,POST_REMEDIATION,Filesystem: Boundary Escape (/tmp or %TEMP%),4. Unconfigured Directory,ATTACK,UNOBSERVED,TRUSTED,MISSED,false,15
1,448,POST_REMEDIATION,Filesystem: Boundary Escape (/tmp or %TEMP%),5. System Directory,ATTACK,UNOBSERVED,TRUSTED,MISSED,false,15
1,450,POST_REMEDIATION,Filesystem: Boundary Escape (/tmp or %TEMP%),2. %TEMP% Directory,ATTACK,OBSERVED,REJECTED,DETECTED,true,15
1,452,POST_REMEDIATION,Filesystem: Boundary Escape (/tmp or %TEMP%),3. User Profile Temp,ATTACK,OBSERVED,REJECTED,DETECTED,true,15
1,454,POST_REMEDIATION,Filesystem: Boundary Escape (/tmp or %TEMP%),4. Unconfigured Directory,ATTACK,UNOBSERVED,TRUSTED,MISSED,false,15
1,456,POST_REMEDIATION,Filesystem: Boundary Escape (/tmp or %TEMP%),5. System Directory,ATTACK,UNOBSERVED,TRUSTED,MISSED,false,15
1,458,POST_REMEDIATION,Filesystem: Boundary Escape (/tmp or %TEMP%),2. %TEMP% Directory,ATTACK,OBSERVED,REJECTED,DETECTED,true,15
1,460,POST_REMEDIATION,Filesystem: Boundary Escape (/tmp or %TEMP%),3. User Profile Temp,ATTACK,OBSERVED,REJECTED,DETECTED,true,15
1,462,POST_REMEDIATION,Filesystem: Boundary Escape (/tmp or %TEMP%),4. Unconfigured Directory,ATTACK,UNOBSERVED,TRUSTED,MISSED,false,15
1,464,POST_REMEDIATION,Filesystem: Boundary Escape (/tmp or %TEMP%),5. System Directory,ATTACK,UNOBSERVED,TRUSTED,MISSED,false,15
1,466,POST_REMEDIATION,Filesystem: Boundary Escape (/tmp or %TEMP%),2. %TEMP% Directory,ATTACK,OBSERVED,REJECTED,DETECTED,true,15
1,468,POST_REMEDIATION,Filesystem: Boundary Escape (/tmp or %TEMP%),3. User Profile Temp,ATTACK,OBSERVED,REJECTED,DETECTED,true,15
1,470,POST_REMEDIATION,Filesystem: Boundary Escape (/tmp or %TEMP%),4. Unconfigured Directory,ATTACK,UNOBSERVED,TRUSTED,MISSED,false,15
1,472,POST_REMEDIATION,Filesystem: Boundary Escape (/tmp or %TEMP%),5. System Directory,ATTACK,UNOBSERVED,TRUSTED,MISSED,false,15
1,474,POST_REMEDIATION,Filesystem: Boundary Escape (/tmp or %TEMP%),2. %TEMP% Directory,ATTACK,OBSERVED,REJECTED,DETECTED,true,15
1,476,POST_REMEDIATION,Filesystem: Boundary Escape (/tmp or %TEMP%),3. User Profile Temp,ATTACK,OBSERVED,REJECTED,DETECTED,true,15
1,478,POST_REMEDIATION,Filesystem: Boundary Escape (/tmp or %TEMP%),4. Unconfigured Directory,ATTACK,UNOBSERVED,TRUSTED,MISSED,false,15
1,480,POST_REMEDIATION,Filesystem: Boundary Escape (/tmp or %TEMP%),5. System Directory,ATTACK,UNOBSERVED,TRUSTED,MISSED,false,15
1,482,POST_REMEDIATION,Filesystem: Boundary Escape (/tmp or %TEMP%),2. %TEMP% Directory,ATTACK,OBSERVED,REJECTED,DETECTED,true,15
1,484,POST_REMEDIATION,Filesystem: Boundary Escape (/tmp or %TEMP%),3. User Profile Temp,ATTACK,OBSERVED,REJECTED,DETECTED,true,15
1,486,POST_REMEDIATION,Filesystem: Boundary Escape (/tmp or %TEMP%),4. Unconfigured Directory,ATTACK,UNOBSERVED,TRUSTED,MISSED,false,15
1,488,POST_REMEDIATION,Filesystem: Boundary Escape (/tmp or %TEMP%),5. System Directory,ATTACK,UNOBSERVED,TRUSTED,MISSED,false,15
1,490,POST_REMEDIATION,Filesystem: Boundary Escape (/tmp or %TEMP%),2. %TEMP% Directory,ATTACK,OBSERVED,REJECTED,DETECTED,true,15
1,492,POST_REMEDIATION,Filesystem: Boundary Escape (/tmp or %TEMP%),3. User Profile Temp,ATTACK,OBSERVED,REJECTED,DETECTED,true,15
1,494,POST_REMEDIATION,Filesystem: Boundary Escape (/tmp or %TEMP%),4. Unconfigured Directory,ATTACK,UNOBSERVED,TRUSTED,MISSED,false,15
1,496,POST_REMEDIATION,Filesystem: Boundary Escape (/tmp or %TEMP%),5. System Directory,ATTACK,UNOBSERVED,TRUSTED,MISSED,false,15
1,498,POST_REMEDIATION,Filesystem: Boundary Escape (/tmp or %TEMP%),2. %TEMP% Directory,ATTACK,OBSERVED,REJECTED,DETECTED,true,15
1,500,POST_REMEDIATION,Filesystem: Boundary Escape (/tmp or %TEMP%),3. User Profile Temp,ATTACK,OBSERVED,REJECTED,DETECTED,true,15
1,502,POST_REMEDIATION,Filesystem: Boundary Escape (/tmp or %TEMP%),4. Unconfigured Directory,ATTACK,UNOBSERVED,TRUSTED,MISSED,false,15
1,504,POST_REMEDIATION,Filesystem: Boundary Escape (/tmp or %TEMP%),5. System Directory,ATTACK,UNOBSERVED,TRUSTED,MISSED,false,15
1,506,POST_REMEDIATION,Filesystem: Boundary Escape (/tmp or %TEMP%),2. %TEMP% Directory,ATTACK,OBSERVED,REJECTED,DETECTED,true,15
1,508,POST_REMEDIATION,Filesystem: Boundary Escape (/tmp or %TEMP%),3. User Profile Temp,ATTACK,OBSERVED,REJECTED,DETECTED,true,15
1,510,POST_REMEDIATION,Filesystem: Boundary Escape (/tmp or %TEMP%),4. Unconfigured Directory,ATTACK,UNOBSERVED,TRUSTED,MISSED,false,15
1,512,POST_REMEDIATION,Filesystem: Boundary Escape (/tmp or %TEMP%),5. System Directory,ATTACK,UNOBSERVED,TRUSTED,MISSED,false,15
1,514,POST_REMEDIATION,Filesystem: Boundary Escape (/tmp or %TEMP%),2. %TEMP% Directory,ATTACK,OBSERVED,REJECTED,DETECTED,true,15
1,516,POST_REMEDIATION,Filesystem: Boundary Escape (/tmp or %TEMP%),3. User Profile Temp,ATTACK,OBSERVED,REJECTED,DETECTED,true,15
1,518,POST_REMEDIATION,Filesystem: Boundary Escape (/tmp or %TEMP%),4. Unconfigured Directory,ATTACK,UNOBSERVED,TRUSTED,MISSED,false,15
1,520,POST_REMEDIATION,Filesystem: Boundary Escape (/tmp or %TEMP%),5. System Directory,ATTACK,UNOBSERVED,TRUSTED,MISSED,false,15
1,522,POST_REMEDIATION,Filesystem: Boundary Escape (/tmp or %TEMP%),2. %TEMP% Directory,ATTACK,OBSERVED,REJECTED,DETECTED,true,15
1,524,POST_REMEDIATION,Filesystem: Boundary Escape (/tmp or %TEMP%),3. User Profile Temp,ATTACK,OBSERVED,REJECTED,DETECTED,true,15
1,526,POST_REMEDIATION,Filesystem: Boundary Escape (/tmp or %TEMP%),4. Unconfigured Directory,ATTACK,UNOBSERVED,TRUSTED,MISSED,false,15
1,528,POST_REMEDIATION,Filesystem: Boundary Escape (/tmp or %TEMP%),5. System Directory,ATTACK,UNOBSERVED,TRUSTED,MISSED,false,15
1,530,POST_REMEDIATION,Filesystem: Boundary Escape (/tmp or %TEMP%),2. %TEMP% Directory,ATTACK,OBSERVED,REJECTED,DETECTED,true,15
1,532,POST_REMEDIATION,Filesystem: Boundary Escape (/tmp or %TEMP%),3. User Profile Temp,ATTACK,OBSERVED,REJECTED,DETECTED,true,15
1,534,POST_REMEDIATION,Filesystem: Boundary Escape (/tmp or %TEMP%),4. Unconfigured Directory,ATTACK,UNOBSERVED,TRUSTED,MISSED,false,15
1,536,POST_REMEDIATION,Filesystem: Boundary Escape (/tmp or %TEMP%),5. System Directory,ATTACK,UNOBSERVED,TRUSTED,MISSED,false,15
1,538,POST_REMEDIATION,Filesystem: Boundary Escape (/tmp or %TEMP%),2. %TEMP% Directory,ATTACK,OBSERVED,REJECTED,DETECTED,true,15
1,540,POST_REMEDIATION,Filesystem: Boundary Escape (/tmp or %TEMP%),3. User Profile Temp,ATTACK,OBSERVED,REJECTED,DETECTED,true,15
1,542,POST_REMEDIATION,Filesystem: Boundary Escape (/tmp or %TEMP%),4. Unconfigured Directory,ATTACK,UNOBSERVED,TRUSTED,MISSED,false,15
1,544,POST_REMEDIATION,Filesystem: Boundary Escape (/tmp or %TEMP%),5. System Directory,ATTACK,UNOBSERVED,TRUSTED,MISSED,false,15
1,546,POST_REMEDIATION,Filesystem: Boundary Escape (/tmp or %TEMP%),2. %TEMP% Directory,ATTACK,OBSERVED,REJECTED,DETECTED,true,15
1,548,POST_REMEDIATION,Filesystem: Boundary Escape (/tmp or %TEMP%),3. User Profile Temp,ATTACK,OBSERVED,REJECTED,DETECTED,true,15
1,550,POST_REMEDIATION,Filesystem: Boundary Escape (/tmp or %TEMP%),4. Unconfigured Directory,ATTACK,UNOBSERVED,TRUSTED,MISSED,false,15
1,552,POST_REMEDIATION,Filesystem: Boundary Escape (/tmp or %TEMP%),5. System Directory,ATTACK,UNOBSERVED,TRUSTED,MISSED,false,15
1,554,POST_REMEDIATION,Filesystem: Boundary Escape (/tmp or %TEMP%),2. %TEMP% Directory,ATTACK,OBSERVED,REJECTED,DETECTED,true,15
1,556,POST_REMEDIATION,Filesystem: Boundary Escape (/tmp or %TEMP%),3. User Profile Temp,ATTACK,OBSERVED,REJECTED,DETECTED,true,15
1,558,POST_REMEDIATION,Filesystem: Boundary Escape (/tmp or %TEMP%),4. Unconfigured Directory,ATTACK,UNOBSERVED,TRUSTED,MISSED,false,15
1,560,POST_REMEDIATION,Filesystem: Boundary Escape (/tmp or %TEMP%),5. System Directory,ATTACK,UNOBSERVED,TRUSTED,MISSED,false,15
1,562,POST_REMEDIATION,Filesystem: Boundary Escape (/tmp or %TEMP%),2. %TEMP% Directory,ATTACK,OBSERVED,REJECTED,DETECTED,true,15
1,564,POST_REMEDIATION,Filesystem: Boundary Escape (/tmp or %TEMP%),3. User Profile Temp,ATTACK,OBSERVED,REJECTED,DETECTED,true,15
1,566,POST_REMEDIATION,Filesystem: Boundary Escape (/tmp or %TEMP%),4. Unconfigured Directory,ATTACK,UNOBSERVED,TRUSTED,MISSED,false,15
1,568,POST_REMEDIATION,Filesystem: Boundary Escape (/tmp or %TEMP%),5. System Directory,ATTACK,UNOBSERVED,TRUSTED,MISSED,false,15
1,570,POST_REMEDIATION,Filesystem: Boundary Escape (/tmp or %TEMP%),2. %TEMP% Directory,ATTACK,OBSERVED,REJECTED,DETECTED,true,15
1,572,POST_REMEDIATION,Filesystem: Boundary Escape (/tmp or %TEMP%),3. User Profile Temp,ATTACK,OBSERVED,REJECTED,DETECTED,true,15
1,574,POST_REMEDIATION,Filesystem: Boundary Escape (/tmp or %TEMP%),4. Unconfigured Directory,ATTACK,UNOBSERVED,TRUSTED,MISSED,false,15
1,576,POST_REMEDIATION,Filesystem: Boundary Escape (/tmp or %TEMP%),5. System Directory,ATTACK,UNOBSERVED,TRUSTED,MISSED,false,15
1,578,POST_REMEDIATION,Filesystem: Boundary Escape (/tmp or %TEMP%),2. %TEMP% Directory,ATTACK,OBSERVED,REJECTED,DETECTED,true,15
1,580,POST_REMEDIATION,Filesystem: Boundary Escape (/tmp or %TEMP%),3. User Profile Temp,ATTACK,OBSERVED,REJECTED,DETECTED,true,15
1,582,POST_REMEDIATION,Filesystem: Boundary Escape (/tmp or %TEMP%),4. Unconfigured Directory,ATTACK,UNOBSERVED,TRUSTED,MISSED,false,15
1,584,POST_REMEDIATION,Filesystem: Boundary Escape (/tmp or %TEMP%),5. System Directory,ATTACK,UNOBSERVED,TRUSTED,MISSED,false,15
1,586,POST_REMEDIATION,Filesystem: Boundary Escape (/tmp or %TEMP%),2. %TEMP% Directory,ATTACK,OBSERVED,REJECTED,DETECTED,true,15
1,588,POST_REMEDIATION,Filesystem: Boundary Escape (/tmp or %TEMP%),3. User Profile Temp,ATTACK,OBSERVED,REJECTED,DETECTED,true,15
1,590,POST_REMEDIATION,Filesystem: Boundary Escape (/tmp or %TEMP%),4. Unconfigured Directory,ATTACK,UNOBSERVED,TRUSTED,MISSED,false,15
1,592,POST_REMEDIATION,Filesystem: Boundary Escape (/tmp or %TEMP%),5. System Directory,ATTACK,UNOBSERVED,TRUSTED,MISSED,false,15
1,594,POST_REMEDIATION,Filesystem: Boundary Escape (/tmp or %TEMP%),2. %TEMP% Directory,ATTACK,OBSERVED,REJECTED,DETECTED,true,15
1,596,POST_REMEDIATION,Filesystem: Boundary Escape (/tmp or %TEMP%),3. User Profile Temp,ATTACK,OBSERVED,REJECTED,DETECTED,true,15
1,598,POST_REMEDIATION,Filesystem: Boundary Escape (/tmp or %TEMP%),4. Unconfigured Directory,ATTACK,UNOBSERVED,TRUSTED,MISSED,false,15
1,600,POST_REMEDIATION,Filesystem: Boundary Escape (/tmp or %TEMP%),5. System Directory,ATTACK,UNOBSERVED,TRUSTED,MISSED,false,15
1,602,POST_REMEDIATION,Network: Ephemeral UDP/DNS Exfiltration,3. Unauthorized DNS TXT Exfiltration,ATTACK,OBSERVED,REJECTED,DETECTED,true,14
1,604,POST_REMEDIATION,Network: Ephemeral UDP/DNS Exfiltration,4. Stateless UDP Socket Egress,ATTACK,OBSERVED,REJECTED,DETECTED,true,14
1,606,POST_REMEDIATION,Network: Ephemeral UDP/DNS Exfiltration,3. Unauthorized DNS TXT Exfiltration,ATTACK,OBSERVED,REJECTED,DETECTED,true,14
1,608,POST_REMEDIATION,Network: Ephemeral UDP/DNS Exfiltration,4. Stateless UDP Socket Egress,ATTACK,OBSERVED,REJECTED,DETECTED,true,14
1,610,POST_REMEDIATION,Network: Ephemeral UDP/DNS Exfiltration,3. Unauthorized DNS TXT Exfiltration,ATTACK,OBSERVED,REJECTED,DETECTED,true,14
1,612,POST_REMEDIATION,Network: Ephemeral UDP/DNS Exfiltration,4. Stateless UDP Socket Egress,ATTACK,OBSERVED,REJECTED,DETECTED,true,14
1,614,POST_REMEDIATION,Network: Ephemeral UDP/DNS Exfiltration,3. Unauthorized DNS TXT Exfiltration,ATTACK,OBSERVED,REJECTED,DETECTED,true,14
1,616,POST_REMEDIATION,Network: Ephemeral UDP/DNS Exfiltration,4. Stateless UDP Socket Egress,ATTACK,OBSERVED,REJECTED,DETECTED,true,14
1,618,POST_REMEDIATION,Network: Ephemeral UDP/DNS Exfiltration,3. Unauthorized DNS TXT Exfiltration,ATTACK,OBSERVED,REJECTED,DETECTED,true,14
1,620,POST_REMEDIATION,Network: Ephemeral UDP/DNS Exfiltration,4. Stateless UDP Socket Egress,ATTACK,OBSERVED,REJECTED,DETECTED,true,14
1,622,POST_REMEDIATION,Network: Ephemeral UDP/DNS Exfiltration,3. Unauthorized DNS TXT Exfiltration,ATTACK,OBSERVED,REJECTED,DETECTED,true,14
1,624,POST_REMEDIATION,Network: Ephemeral UDP/DNS Exfiltration,4. Stateless UDP Socket Egress,ATTACK,OBSERVED,REJECTED,DETECTED,true,14
1,626,POST_REMEDIATION,Network: Ephemeral UDP/DNS Exfiltration,3. Unauthorized DNS TXT Exfiltration,ATTACK,OBSERVED,REJECTED,DETECTED,true,14
1,628,POST_REMEDIATION,Network: Ephemeral UDP/DNS Exfiltration,4. Stateless UDP Socket Egress,ATTACK,OBSERVED,REJECTED,DETECTED,true,14
1,630,POST_REMEDIATION,Network: Ephemeral UDP/DNS Exfiltration,3. Unauthorized DNS TXT Exfiltration,ATTACK,OBSERVED,REJECTED,DETECTED,true,14
1,632,POST_REMEDIATION,Network: Ephemeral UDP/DNS Exfiltration,4. Stateless UDP Socket Egress,ATTACK,OBSERVED,REJECTED,DETECTED,true,14
1,634,POST_REMEDIATION,Network: Ephemeral UDP/DNS Exfiltration,3. Unauthorized DNS TXT Exfiltration,ATTACK,OBSERVED,REJECTED,DETECTED,true,14
1,636,POST_REMEDIATION,Network: Ephemeral UDP/DNS Exfiltration,4. Stateless UDP Socket Egress,ATTACK,OBSERVED,REJECTED,DETECTED,true,14
1,638,POST_REMEDIATION,Network: Ephemeral UDP/DNS Exfiltration,3. Unauthorized DNS TXT Exfiltration,ATTACK,OBSERVED,REJECTED,DETECTED,true,14
1,640,POST_REMEDIATION,Network: Ephemeral UDP/DNS Exfiltration,4. Stateless UDP Socket Egress,ATTACK,OBSERVED,REJECTED,DETECTED,true,14
1,642,POST_REMEDIATION,Network: Ephemeral UDP/DNS Exfiltration,3. Unauthorized DNS TXT Exfiltration,ATTACK,OBSERVED,REJECTED,DETECTED,true,14
1,644,POST_REMEDIATION,Network: Ephemeral UDP/DNS Exfiltration,4. Stateless UDP Socket Egress,ATTACK,OBSERVED,REJECTED,DETECTED,true,14
1,646,POST_REMEDIATION,Network: Ephemeral UDP/DNS Exfiltration,3. Unauthorized DNS TXT Exfiltration,ATTACK,OBSERVED,REJECTED,DETECTED,true,14
1,648,POST_REMEDIATION,Network: Ephemeral UDP/DNS Exfiltration,4. Stateless UDP Socket Egress,ATTACK,OBSERVED,REJECTED,DETECTED,true,14
1,650,POST_REMEDIATION,Network: Ephemeral UDP/DNS Exfiltration,3. Unauthorized DNS TXT Exfiltration,ATTACK,OBSERVED,REJECTED,DETECTED,true,14
1,652,POST_REMEDIATION,Network: Ephemeral UDP/DNS Exfiltration,4. Stateless UDP Socket Egress,ATTACK,OBSERVED,REJECTED,DETECTED,true,14
1,654,POST_REMEDIATION,Network: Ephemeral UDP/DNS Exfiltration,3. Unauthorized DNS TXT Exfiltration,ATTACK,OBSERVED,REJECTED,DETECTED,true,14
1,656,POST_REMEDIATION,Network: Ephemeral UDP/DNS Exfiltration,4. Stateless UDP Socket Egress,ATTACK,OBSERVED,REJECTED,DETECTED,true,14
1,658,POST_REMEDIATION,Network: Ephemeral UDP/DNS Exfiltration,3. Unauthorized DNS TXT Exfiltration,ATTACK,OBSERVED,REJECTED,DETECTED,true,14
1,660,POST_REMEDIATION,Network: Ephemeral UDP/DNS Exfiltration,4. Stateless UDP Socket Egress,ATTACK,OBSERVED,REJECTED,DETECTED,true,14
1,662,POST_REMEDIATION,Network: Ephemeral UDP/DNS Exfiltration,3. Unauthorized DNS TXT Exfiltration,ATTACK,OBSERVED,REJECTED,DETECTED,true,14
1,664,POST_REMEDIATION,Network: Ephemeral UDP/DNS Exfiltration,4. Stateless UDP Socket Egress,ATTACK,OBSERVED,REJECTED,DETECTED,true,14
1,666,POST_REMEDIATION,Network: Ephemeral UDP/DNS Exfiltration,3. Unauthorized DNS TXT Exfiltration,ATTACK,OBSERVED,REJECTED,DETECTED,true,14
1,668,POST_REMEDIATION,Network: Ephemeral UDP/DNS Exfiltration,4. Stateless UDP Socket Egress,ATTACK,OBSERVED,REJECTED,DETECTED,true,14
1,670,POST_REMEDIATION,Network: Ephemeral UDP/DNS Exfiltration,3. Unauthorized DNS TXT Exfiltration,ATTACK,OBSERVED,REJECTED,DETECTED,true,14
1,672,POST_REMEDIATION,Network: Ephemeral UDP/DNS Exfiltration,4. Stateless UDP Socket Egress,ATTACK,OBSERVED,REJECTED,DETECTED,true,14
1,674,POST_REMEDIATION,Network: Ephemeral UDP/DNS Exfiltration,3. Unauthorized DNS TXT Exfiltration,ATTACK,OBSERVED,REJECTED,DETECTED,true,14
1,676,POST_REMEDIATION,Network: Ephemeral UDP/DNS Exfiltration,4. Stateless UDP Socket Egress,ATTACK,OBSERVED,REJECTED,DETECTED,true,14
1,678,POST_REMEDIATION,Network: Ephemeral UDP/DNS Exfiltration,3. Unauthorized DNS TXT Exfiltration,ATTACK,OBSERVED,REJECTED,DETECTED,true,14
1,680,POST_REMEDIATION,Network: Ephemeral UDP/DNS Exfiltration,4. Stateless UDP Socket Egress,ATTACK,OBSERVED,REJECTED,DETECTED,true,14
1,682,POST_REMEDIATION,Network: Ephemeral UDP/DNS Exfiltration,3. Unauthorized DNS TXT Exfiltration,ATTACK,OBSERVED,REJECTED,DETECTED,true,14
1,684,POST_REMEDIATION,Network: Ephemeral UDP/DNS Exfiltration,4. Stateless UDP Socket Egress,ATTACK,OBSERVED,REJECTED,DETECTED,true,14
1,686,POST_REMEDIATION,Network: Ephemeral UDP/DNS Exfiltration,3. Unauthorized DNS TXT Exfiltration,ATTACK,OBSERVED,REJECTED,DETECTED,true,14
1,688,POST_REMEDIATION,Network: Ephemeral UDP/DNS Exfiltration,4. Stateless UDP Socket Egress,ATTACK,OBSERVED,REJECTED,DETECTED,true,14
1,690,POST_REMEDIATION,Network: Ephemeral UDP/DNS Exfiltration,3. Unauthorized DNS TXT Exfiltration,ATTACK,OBSERVED,REJECTED,DETECTED,true,14
1,692,POST_REMEDIATION,Network: Ephemeral UDP/DNS Exfiltration,4. Stateless UDP Socket Egress,ATTACK,OBSERVED,REJECTED,DETECTED,true,14
1,694,POST_REMEDIATION,Network: Ephemeral UDP/DNS Exfiltration,3. Unauthorized DNS TXT Exfiltration,ATTACK,OBSERVED,REJECTED,DETECTED,true,14
1,696,POST_REMEDIATION,Network: Ephemeral UDP/DNS Exfiltration,4. Stateless UDP Socket Egress,ATTACK,OBSERVED,REJECTED,DETECTED,true,14
1,698,POST_REMEDIATION,Network: Ephemeral UDP/DNS Exfiltration,3. Unauthorized DNS TXT Exfiltration,ATTACK,OBSERVED,REJECTED,DETECTED,true,14
1,700,POST_REMEDIATION,Network: Ephemeral UDP/DNS Exfiltration,4. Stateless UDP Socket Egress,ATTACK,OBSERVED,REJECTED,DETECTED,true,14
1,702,POST_REMEDIATION,Network: Ephemeral UDP/DNS Exfiltration,3. Unauthorized DNS TXT Exfiltration,ATTACK,OBSERVED,REJECTED,DETECTED,true,14
1,704,POST_REMEDIATION,Network: Ephemeral UDP/DNS Exfiltration,4. Stateless UDP Socket Egress,ATTACK,OBSERVED,REJECTED,DETECTED,true,14
1,706,POST_REMEDIATION,Network: Ephemeral UDP/DNS Exfiltration,3. Unauthorized DNS TXT Exfiltration,ATTACK,OBSERVED,REJECTED,DETECTED,true,14
1,708,POST_REMEDIATION,Network: Ephemeral UDP/DNS Exfiltration,4. Stateless UDP Socket Egress,ATTACK,OBSERVED,REJECTED,DETECTED,true,14
1,710,POST_REMEDIATION,Network: Ephemeral UDP/DNS Exfiltration,3. Unauthorized DNS TXT Exfiltration,ATTACK,OBSERVED,REJECTED,DETECTED,true,14
1,712,POST_REMEDIATION,Network: Ephemeral UDP/DNS Exfiltration,4. Stateless UDP Socket Egress,ATTACK,OBSERVED,REJECTED,DETECTED,true,14
1,714,POST_REMEDIATION,Network: Ephemeral UDP/DNS Exfiltration,3. Unauthorized DNS TXT Exfiltration,ATTACK,OBSERVED,REJECTED,DETECTED,true,14
1,716,POST_REMEDIATION,Network: Ephemeral UDP/DNS Exfiltration,4. Stateless UDP Socket Egress,ATTACK,OBSERVED,REJECTED,DETECTED,true,14
1,718,POST_REMEDIATION,Network: Ephemeral UDP/DNS Exfiltration,3. Unauthorized DNS TXT Exfiltration,ATTACK,OBSERVED,REJECTED,DETECTED,true,14
1,720,POST_REMEDIATION,Network: Ephemeral UDP/DNS Exfiltration,4. Stateless UDP Socket Egress,ATTACK,OBSERVED,REJECTED,DETECTED,true,14
1,722,POST_REMEDIATION,Network: Ephemeral UDP/DNS Exfiltration,3. Unauthorized DNS TXT Exfiltration,ATTACK,OBSERVED,REJECTED,DETECTED,true,14
1,724,POST_REMEDIATION,Network: Ephemeral UDP/DNS Exfiltration,4. Stateless UDP Socket Egress,ATTACK,OBSERVED,REJECTED,DETECTED,true,14
1,726,POST_REMEDIATION,Network: Ephemeral UDP/DNS Exfiltration,3. Unauthorized DNS TXT Exfiltration,ATTACK,OBSERVED,REJECTED,DETECTED,true,14
1,728,POST_REMEDIATION,Network: Ephemeral UDP/DNS Exfiltration,4. Stateless UDP Socket Egress,ATTACK,OBSERVED,REJECTED,DETECTED,true,14
1,730,POST_REMEDIATION,Network: Ephemeral UDP/DNS Exfiltration,3. Unauthorized DNS TXT Exfiltration,ATTACK,OBSERVED,REJECTED,DETECTED,true,14
1,732,POST_REMEDIATION,Network: Ephemeral UDP/DNS Exfiltration,4. Stateless UDP Socket Egress,ATTACK,OBSERVED,REJECTED,DETECTED,true,14
1,734,POST_REMEDIATION,Network: Ephemeral UDP/DNS Exfiltration,3. Unauthorized DNS TXT Exfiltration,ATTACK,OBSERVED,REJECTED,DETECTED,true,14
1,736,POST_REMEDIATION,Network: Ephemeral UDP/DNS Exfiltration,4. Stateless UDP Socket Egress,ATTACK,OBSERVED,REJECTED,DETECTED,true,14
1,738,POST_REMEDIATION,Network: Ephemeral UDP/DNS Exfiltration,3. Unauthorized DNS TXT Exfiltration,ATTACK,OBSERVED,REJECTED,DETECTED,true,14
1,740,POST_REMEDIATION,Network: Ephemeral UDP/DNS Exfiltration,4. Stateless UDP Socket Egress,ATTACK,OBSERVED,REJECTED,DETECTED,true,14
1,742,POST_REMEDIATION,Network: Ephemeral UDP/DNS Exfiltration,3. Unauthorized DNS TXT Exfiltration,ATTACK,OBSERVED,REJECTED,DETECTED,true,14
1,744,POST_REMEDIATION,Network: Ephemeral UDP/DNS Exfiltration,4. Stateless UDP Socket Egress,ATTACK,OBSERVED,REJECTED,DETECTED,true,14
1,746,POST_REMEDIATION,Network: Ephemeral UDP/DNS Exfiltration,3. Unauthorized DNS TXT Exfiltration,ATTACK,OBSERVED,REJECTED,DETECTED,true,14
1,748,POST_REMEDIATION,Network: Ephemeral UDP/DNS Exfiltration,4. Stateless UDP Socket Egress,ATTACK,OBSERVED,REJECTED,DETECTED,true,14
1,750,POST_REMEDIATION,Network: Ephemeral UDP/DNS Exfiltration,3. Unauthorized DNS TXT Exfiltration,ATTACK,OBSERVED,REJECTED,DETECTED,true,14
1,752,POST_REMEDIATION,Network: Ephemeral UDP/DNS Exfiltration,4. Stateless UDP Socket Egress,ATTACK,OBSERVED,REJECTED,DETECTED,true,14
1,754,POST_REMEDIATION,Network: Ephemeral UDP/DNS Exfiltration,3. Unauthorized DNS TXT Exfiltration,ATTACK,OBSERVED,REJECTED,DETECTED,true,14
1,756,POST_REMEDIATION,Network: Ephemeral UDP/DNS Exfiltration,4. Stateless UDP Socket Egress,ATTACK,OBSERVED,REJECTED,DETECTED,true,14
1,758,POST_REMEDIATION,Network: Ephemeral UDP/DNS Exfiltration,3. Unauthorized DNS TXT Exfiltration,ATTACK,OBSERVED,REJECTED,DETECTED,true,14
1,760,POST_REMEDIATION,Network: Ephemeral UDP/DNS Exfiltration,4. Stateless UDP Socket Egress,ATTACK,OBSERVED,REJECTED,DETECTED,true,14
1,762,POST_REMEDIATION,Network: Ephemeral UDP/DNS Exfiltration,3. Unauthorized DNS TXT Exfiltration,ATTACK,OBSERVED,REJECTED,DETECTED,true,14
1,764,POST_REMEDIATION,Network: Ephemeral UDP/DNS Exfiltration,4. Stateless UDP Socket Egress,ATTACK,OBSERVED,REJECTED,DETECTED,true,14
1,766,POST_REMEDIATION,Network: Ephemeral UDP/DNS Exfiltration,3. Unauthorized DNS TXT Exfiltration,ATTACK,OBSERVED,REJECTED,DETECTED,true,14
1,768,POST_REMEDIATION,Network: Ephemeral UDP/DNS Exfiltration,4. Stateless UDP Socket Egress,ATTACK,OBSERVED,REJECTED,DETECTED,true,14
1,770,POST_REMEDIATION,Network: Ephemeral UDP/DNS Exfiltration,3. Unauthorized DNS TXT Exfiltration,ATTACK,OBSERVED,REJECTED,DETECTED,true,14
1,772,POST_REMEDIATION,Network: Ephemeral UDP/DNS Exfiltration,4. Stateless UDP Socket Egress,ATTACK,OBSERVED,REJECTED,DETECTED,true,14
1,774,POST_REMEDIATION,Network: Ephemeral UDP/DNS Exfiltration,3. Unauthorized DNS TXT Exfiltration,ATTACK,OBSERVED,REJECTED,DETECTED,true,14
1,776,POST_REMEDIATION,Network: Ephemeral UDP/DNS Exfiltration,4. Stateless UDP Socket Egress,ATTACK,OBSERVED,REJECTED,DETECTED,true,14
1,778,POST_REMEDIATION,Network: Ephemeral UDP/DNS Exfiltration,3. Unauthorized DNS TXT Exfiltration,ATTACK,OBSERVED,REJECTED,DETECTED,true,14
1,780,POST_REMEDIATION,Network: Ephemeral UDP/DNS Exfiltration,4. Stateless UDP Socket Egress,ATTACK,OBSERVED,REJECTED,DETECTED,true,14
1,782,POST_REMEDIATION,Network: Ephemeral UDP/DNS Exfiltration,3. Unauthorized DNS TXT Exfiltration,ATTACK,OBSERVED,REJECTED,DETECTED,true,14
1,784,POST_REMEDIATION,Network: Ephemeral UDP/DNS Exfiltration,4. Stateless UDP Socket Egress,ATTACK,OBSERVED,REJECTED,DETECTED,true,14
1,786,POST_REMEDIATION,Network: Ephemeral UDP/DNS Exfiltration,3. Unauthorized DNS TXT Exfiltration,ATTACK,OBSERVED,REJECTED,DETECTED,true,14
1,788,POST_REMEDIATION,Network: Ephemeral UDP/DNS Exfiltration,4. Stateless UDP Socket Egress,ATTACK,OBSERVED,REJECTED,DETECTED,true,14
1,790,POST_REMEDIATION,Network: Ephemeral UDP/DNS Exfiltration,3. Unauthorized DNS TXT Exfiltration,ATTACK,OBSERVED,REJECTED,DETECTED,true,14
1,792,POST_REMEDIATION,Network: Ephemeral UDP/DNS Exfiltration,4. Stateless UDP Socket Egress,ATTACK,OBSERVED,REJECTED,DETECTED,true,14
1,794,POST_REMEDIATION,Network: Ephemeral UDP/DNS Exfiltration,3. Unauthorized DNS TXT Exfiltration,ATTACK,OBSERVED,REJECTED,DETECTED,true,14
1,796,POST_REMEDIATION,Network: Ephemeral UDP/DNS Exfiltration,4. Stateless UDP Socket Egress,ATTACK,OBSERVED,REJECTED,DETECTED,true,14
1,798,POST_REMEDIATION,Network: Ephemeral UDP/DNS Exfiltration,3. Unauthorized DNS TXT Exfiltration,ATTACK,OBSERVED,REJECTED,DETECTED,true,14
1,800,POST_REMEDIATION,Network: Ephemeral UDP/DNS Exfiltration,4. Stateless UDP Socket Egress,ATTACK,OBSERVED,REJECTED,DETECTED,true,14
2,802,POST_REMEDIATION,Source: Commit Author/Email Spoofing,Case B: Unsigned Commit (Author Spoofed),ATTACK,OBSERVED,REJECTED,DETECTED,true,12
2,804,POST_REMEDIATION,Source: Commit Author/Email Spoofing,Case B: Unsigned Commit (Author Spoofed),ATTACK,OBSERVED,REJECTED,DETECTED,true,12
2,806,POST_REMEDIATION,Source: Commit Author/Email Spoofing,Case B: Unsigned Commit (Author Spoofed),ATTACK,OBSERVED,REJECTED,DETECTED,true,12
2,808,POST_REMEDIATION,Source: Commit Author/Email Spoofing,Case B: Unsigned Commit (Author Spoofed),ATTACK,OBSERVED,REJECTED,DETECTED,true,12
2,810,POST_REMEDIATION,Source: Commit Author/Email Spoofing,Case B: Unsigned Commit (Author Spoofed),ATTACK,OBSERVED,REJECTED,DETECTED,true,12
2,812,POST_REMEDIATION,Source: Commit Author/Email Spoofing,Case B: Unsigned Commit (Author Spoofed),ATTACK,OBSERVED,REJECTED,DETECTED,true,12
2,814,POST_REMEDIATION,Source: Commit Author/Email Spoofing,Case B: Unsigned Commit (Author Spoofed),ATTACK,OBSERVED,REJECTED,DETECTED,true,12
2,816,POST_REMEDIATION,Source: Commit Author/Email Spoofing,Case B: Unsigned Commit (Author Spoofed),ATTACK,OBSERVED,REJECTED,DETECTED,true,12
2,818,POST_REMEDIATION,Source: Commit Author/Email Spoofing,Case B: Unsigned Commit (Author Spoofed),ATTACK,OBSERVED,REJECTED,DETECTED,true,12
2,820,POST_REMEDIATION,Source: Commit Author/Email Spoofing,Case B: Unsigned Commit (Author Spoofed),ATTACK,OBSERVED,REJECTED,DETECTED,true,12
2,822,POST_REMEDIATION,Source: Commit Author/Email Spoofing,Case B: Unsigned Commit (Author Spoofed),ATTACK,OBSERVED,REJECTED,DETECTED,true,12
2,824,POST_REMEDIATION,Source: Commit Author/Email Spoofing,Case B: Unsigned Commit (Author Spoofed),ATTACK,OBSERVED,REJECTED,DETECTED,true,12
2,826,POST_REMEDIATION,Source: Commit Author/Email Spoofing,Case B: Unsigned Commit (Author Spoofed),ATTACK,OBSERVED,REJECTED,DETECTED,true,12
2,828,POST_REMEDIATION,Source: Commit Author/Email Spoofing,Case B: Unsigned Commit (Author Spoofed),ATTACK,OBSERVED,REJECTED,DETECTED,true,12
2,830,POST_REMEDIATION,Source: Commit Author/Email Spoofing,Case B: Unsigned Commit (Author Spoofed),ATTACK,OBSERVED,REJECTED,DETECTED,true,12
2,832,POST_REMEDIATION,Source: Commit Author/Email Spoofing,Case B: Unsigned Commit (Author Spoofed),ATTACK,OBSERVED,REJECTED,DETECTED,true,12
2,834,POST_REMEDIATION,Source: Commit Author/Email Spoofing,Case B: Unsigned Commit (Author Spoofed),ATTACK,OBSERVED,REJECTED,DETECTED,true,12
2,836,POST_REMEDIATION,Source: Commit Author/Email Spoofing,Case B: Unsigned Commit (Author Spoofed),ATTACK,OBSERVED,REJECTED,DETECTED,true,12
2,838,POST_REMEDIATION,Source: Commit Author/Email Spoofing,Case B: Unsigned Commit (Author Spoofed),ATTACK,OBSERVED,REJECTED,DETECTED,true,12
2,840,POST_REMEDIATION,Source: Commit Author/Email Spoofing,Case B: Unsigned Commit (Author Spoofed),ATTACK,OBSERVED,REJECTED,DETECTED,true,12
2,842,POST_REMEDIATION,Source: Commit Author/Email Spoofing,Case B: Unsigned Commit (Author Spoofed),ATTACK,OBSERVED,REJECTED,DETECTED,true,12
2,844,POST_REMEDIATION,Source: Commit Author/Email Spoofing,Case B: Unsigned Commit (Author Spoofed),ATTACK,OBSERVED,REJECTED,DETECTED,true,12
2,846,POST_REMEDIATION,Source: Commit Author/Email Spoofing,Case B: Unsigned Commit (Author Spoofed),ATTACK,OBSERVED,REJECTED,DETECTED,true,12
2,848,POST_REMEDIATION,Source: Commit Author/Email Spoofing,Case B: Unsigned Commit (Author Spoofed),ATTACK,OBSERVED,REJECTED,DETECTED,true,12
2,850,POST_REMEDIATION,Source: Commit Author/Email Spoofing,Case B: Unsigned Commit (Author Spoofed),ATTACK,OBSERVED,REJECTED,DETECTED,true,12
2,852,POST_REMEDIATION,Source: Commit Author/Email Spoofing,Case B: Unsigned Commit (Author Spoofed),ATTACK,OBSERVED,REJECTED,DETECTED,true,12
2,854,POST_REMEDIATION,Source: Commit Author/Email Spoofing,Case B: Unsigned Commit (Author Spoofed),ATTACK,OBSERVED,REJECTED,DETECTED,true,12
2,856,POST_REMEDIATION,Source: Commit Author/Email Spoofing,Case B: Unsigned Commit (Author Spoofed),ATTACK,OBSERVED,REJECTED,DETECTED,true,12
2,858,POST_REMEDIATION,Source: Commit Author/Email Spoofing,Case B: Unsigned Commit (Author Spoofed),ATTACK,OBSERVED,REJECTED,DETECTED,true,12
2,860,POST_REMEDIATION,Source: Commit Author/Email Spoofing,Case B: Unsigned Commit (Author Spoofed),ATTACK,OBSERVED,REJECTED,DETECTED,true,12
2,862,POST_REMEDIATION,Source: Commit Author/Email Spoofing,Case B: Unsigned Commit (Author Spoofed),ATTACK,OBSERVED,REJECTED,DETECTED,true,12
2,864,POST_REMEDIATION,Source: Commit Author/Email Spoofing,Case B: Unsigned Commit (Author Spoofed),ATTACK,OBSERVED,REJECTED,DETECTED,true,12
2,866,POST_REMEDIATION,Source: Commit Author/Email Spoofing,Case B: Unsigned Commit (Author Spoofed),ATTACK,OBSERVED,REJECTED,DETECTED,true,12
2,868,POST_REMEDIATION,Source: Commit Author/Email Spoofing,Case B: Unsigned Commit (Author Spoofed),ATTACK,OBSERVED,REJECTED,DETECTED,true,12
2,870,POST_REMEDIATION,Source: Commit Author/Email Spoofing,Case B: Unsigned Commit (Author Spoofed),ATTACK,OBSERVED,REJECTED,DETECTED,true,12
2,872,POST_REMEDIATION,Source: Commit Author/Email Spoofing,Case B: Unsigned Commit (Author Spoofed),ATTACK,OBSERVED,REJECTED,DETECTED,true,12
2,874,POST_REMEDIATION,Source: Commit Author/Email Spoofing,Case B: Unsigned Commit (Author Spoofed),ATTACK,OBSERVED,REJECTED,DETECTED,true,12
2,876,POST_REMEDIATION,Source: Commit Author/Email Spoofing,Case B: Unsigned Commit (Author Spoofed),ATTACK,OBSERVED,REJECTED,DETECTED,true,12
2,878,POST_REMEDIATION,Source: Commit Author/Email Spoofing,Case B: Unsigned Commit (Author Spoofed),ATTACK,OBSERVED,REJECTED,DETECTED,true,12
2,880,POST_REMEDIATION,Source: Commit Author/Email Spoofing,Case B: Unsigned Commit (Author Spoofed),ATTACK,OBSERVED,REJECTED,DETECTED,true,12
2,882,POST_REMEDIATION,Source: Commit Author/Email Spoofing,Case B: Unsigned Commit (Author Spoofed),ATTACK,OBSERVED,REJECTED,DETECTED,true,12
2,884,POST_REMEDIATION,Source: Commit Author/Email Spoofing,Case B: Unsigned Commit (Author Spoofed),ATTACK,OBSERVED,REJECTED,DETECTED,true,12
2,886,POST_REMEDIATION,Source: Commit Author/Email Spoofing,Case B: Unsigned Commit (Author Spoofed),ATTACK,OBSERVED,REJECTED,DETECTED,true,12
2,888,POST_REMEDIATION,Source: Commit Author/Email Spoofing,Case B: Unsigned Commit (Author Spoofed),ATTACK,OBSERVED,REJECTED,DETECTED,true,12
2,890,POST_REMEDIATION,Source: Commit Author/Email Spoofing,Case B: Unsigned Commit (Author Spoofed),ATTACK,OBSERVED,REJECTED,DETECTED,true,12
2,892,POST_REMEDIATION,Source: Commit Author/Email Spoofing,Case B: Unsigned Commit (Author Spoofed),ATTACK,OBSERVED,REJECTED,DETECTED,true,12
2,894,POST_REMEDIATION,Source: Commit Author/Email Spoofing,Case B: Unsigned Commit (Author Spoofed),ATTACK,OBSERVED,REJECTED,DETECTED,true,12
2,896,POST_REMEDIATION,Source: Commit Author/Email Spoofing,Case B: Unsigned Commit (Author Spoofed),ATTACK,OBSERVED,REJECTED,DETECTED,true,12
2,898,POST_REMEDIATION,Source: Commit Author/Email Spoofing,Case B: Unsigned Commit (Author Spoofed),ATTACK,OBSERVED,REJECTED,DETECTED,true,12
2,900,POST_REMEDIATION,Source: Commit Author/Email Spoofing,Case B: Unsigned Commit (Author Spoofed),ATTACK,OBSERVED,REJECTED,DETECTED,true,12
2,902,POST_REMEDIATION,Source: Commit Author/Email Spoofing,Case B: Unsigned Commit (Author Spoofed),ATTACK,OBSERVED,REJECTED,DETECTED,true,12
2,904,POST_REMEDIATION,Source: Commit Author/Email Spoofing,Case B: Unsigned Commit (Author Spoofed),ATTACK,OBSERVED,REJECTED,DETECTED,true,12
2,906,POST_REMEDIATION,Source: Commit Author/Email Spoofing,Case B: Unsigned Commit (Author Spoofed),ATTACK,OBSERVED,REJECTED,DETECTED,true,12
2,908,POST_REMEDIATION,Source: Commit Author/Email Spoofing,Case B: Unsigned Commit (Author Spoofed),ATTACK,OBSERVED,REJECTED,DETECTED,true,12
2,910,POST_REMEDIATION,Source: Commit Author/Email Spoofing,Case B: Unsigned Commit (Author Spoofed),ATTACK,OBSERVED,REJECTED,DETECTED,true,12
2,912,POST_REMEDIATION,Source: Commit Author/Email Spoofing,Case B: Unsigned Commit (Author Spoofed),ATTACK,OBSERVED,REJECTED,DETECTED,true,12
2,914,POST_REMEDIATION,Source: Commit Author/Email Spoofing,Case B: Unsigned Commit (Author Spoofed),ATTACK,OBSERVED,REJECTED,DETECTED,true,12
2,916,POST_REMEDIATION,Source: Commit Author/Email Spoofing,Case B: Unsigned Commit (Author Spoofed),ATTACK,OBSERVED,REJECTED,DETECTED,true,12
2,918,POST_REMEDIATION,Source: Commit Author/Email Spoofing,Case B: Unsigned Commit (Author Spoofed),ATTACK,OBSERVED,REJECTED,DETECTED,true,12
2,920,POST_REMEDIATION,Source: Commit Author/Email Spoofing,Case B: Unsigned Commit (Author Spoofed),ATTACK,OBSERVED,REJECTED,DETECTED,true,12
2,922,POST_REMEDIATION,Source: Commit Author/Email Spoofing,Case B: Unsigned Commit (Author Spoofed),ATTACK,OBSERVED,REJECTED,DETECTED,true,12
2,924,POST_REMEDIATION,Source: Commit Author/Email Spoofing,Case B: Unsigned Commit (Author Spoofed),ATTACK,OBSERVED,REJECTED,DETECTED,true,12
2,926,POST_REMEDIATION,Source: Commit Author/Email Spoofing,Case B: Unsigned Commit (Author Spoofed),ATTACK,OBSERVED,REJECTED,DETECTED,true,12
2,928,POST_REMEDIATION,Source: Commit Author/Email Spoofing,Case B: Unsigned Commit (Author Spoofed),ATTACK,OBSERVED,REJECTED,DETECTED,true,12
2,930,POST_REMEDIATION,Source: Commit Author/Email Spoofing,Case B: Unsigned Commit (Author Spoofed),ATTACK,OBSERVED,REJECTED,DETECTED,true,12
2,932,POST_REMEDIATION,Source: Commit Author/Email Spoofing,Case B: Unsigned Commit (Author Spoofed),ATTACK,OBSERVED,REJECTED,DETECTED,true,12
2,934,POST_REMEDIATION,Source: Commit Author/Email Spoofing,Case B: Unsigned Commit (Author Spoofed),ATTACK,OBSERVED,REJECTED,DETECTED,true,12
2,936,POST_REMEDIATION,Source: Commit Author/Email Spoofing,Case B: Unsigned Commit (Author Spoofed),ATTACK,OBSERVED,REJECTED,DETECTED,true,12
2,938,POST_REMEDIATION,Source: Commit Author/Email Spoofing,Case B: Unsigned Commit (Author Spoofed),ATTACK,OBSERVED,REJECTED,DETECTED,true,12
2,940,POST_REMEDIATION,Source: Commit Author/Email Spoofing,Case B: Unsigned Commit (Author Spoofed),ATTACK,OBSERVED,REJECTED,DETECTED,true,12
2,942,POST_REMEDIATION,Source: Commit Author/Email Spoofing,Case B: Unsigned Commit (Author Spoofed),ATTACK,OBSERVED,REJECTED,DETECTED,true,12
2,944,POST_REMEDIATION,Source: Commit Author/Email Spoofing,Case B: Unsigned Commit (Author Spoofed),ATTACK,OBSERVED,REJECTED,DETECTED,true,12
2,946,POST_REMEDIATION,Source: Commit Author/Email Spoofing,Case B: Unsigned Commit (Author Spoofed),ATTACK,OBSERVED,REJECTED,DETECTED,true,12
2,948,POST_REMEDIATION,Source: Commit Author/Email Spoofing,Case B: Unsigned Commit (Author Spoofed),ATTACK,OBSERVED,REJECTED,DETECTED,true,12
2,950,POST_REMEDIATION,Source: Commit Author/Email Spoofing,Case B: Unsigned Commit (Author Spoofed),ATTACK,OBSERVED,REJECTED,DETECTED,true,12
2,952,POST_REMEDIATION,Source: Commit Author/Email Spoofing,Case B: Unsigned Commit (Author Spoofed),ATTACK,OBSERVED,REJECTED,DETECTED,true,12
2,954,POST_REMEDIATION,Source: Commit Author/Email Spoofing,Case B: Unsigned Commit (Author Spoofed),ATTACK,OBSERVED,REJECTED,DETECTED,true,12
2,956,POST_REMEDIATION,Source: Commit Author/Email Spoofing,Case B: Unsigned Commit (Author Spoofed),ATTACK,OBSERVED,REJECTED,DETECTED,true,12
2,958,POST_REMEDIATION,Source: Commit Author/Email Spoofing,Case B: Unsigned Commit (Author Spoofed),ATTACK,OBSERVED,REJECTED,DETECTED,true,12
2,960,POST_REMEDIATION,Source: Commit Author/Email Spoofing,Case B: Unsigned Commit (Author Spoofed),ATTACK,OBSERVED,REJECTED,DETECTED,true,12
2,962,POST_REMEDIATION,Source: Commit Author/Email Spoofing,Case B: Unsigned Commit (Author Spoofed),ATTACK,OBSERVED,REJECTED,DETECTED,true,12
2,964,POST_REMEDIATION,Source: Commit Author/Email Spoofing,Case B: Unsigned Commit (Author Spoofed),ATTACK,OBSERVED,REJECTED,DETECTED,true,12
2,966,POST_REMEDIATION,Source: Commit Author/Email Spoofing,Case B: Unsigned Commit (Author Spoofed),ATTACK,OBSERVED,REJECTED,DETECTED,true,12
2,968,POST_REMEDIATION,Source: Commit Author/Email Spoofing,Case B: Unsigned Commit (Author Spoofed),ATTACK,OBSERVED,REJECTED,DETECTED,true,12
2,970,POST_REMEDIATION,Source: Commit Author/Email Spoofing,Case B: Unsigned Commit (Author Spoofed),ATTACK,OBSERVED,REJECTED,DETECTED,true,12
2,972,POST_REMEDIATION,Source: Commit Author/Email Spoofing,Case B: Unsigned Commit (Author Spoofed),ATTACK,OBSERVED,REJECTED,DETECTED,true,12
2,974,POST_REMEDIATION,Source: Commit Author/Email Spoofing,Case B: Unsigned Commit (Author Spoofed),ATTACK,OBSERVED,REJECTED,DETECTED,true,12
2,976,POST_REMEDIATION,Source: Commit Author/Email Spoofing,Case B: Unsigned Commit (Author Spoofed),ATTACK,OBSERVED,REJECTED,DETECTED,true,12
2,978,POST_REMEDIATION,Source: Commit Author/Email Spoofing,Case B: Unsigned Commit (Author Spoofed),ATTACK,OBSERVED,REJECTED,DETECTED,true,12
2,980,POST_REMEDIATION,Source: Commit Author/Email Spoofing,Case B: Unsigned Commit (Author Spoofed),ATTACK,OBSERVED,REJECTED,DETECTED,true,12
2,982,POST_REMEDIATION,Source: Commit Author/Email Spoofing,Case B: Unsigned Commit (Author Spoofed),ATTACK,OBSERVED,REJECTED,DETECTED,true,12
2,984,POST_REMEDIATION,Source: Commit Author/Email Spoofing,Case B: Unsigned Commit (Author Spoofed),ATTACK,OBSERVED,REJECTED,DETECTED,true,12
2,986,POST_REMEDIATION,Source: Commit Author/Email Spoofing,Case B: Unsigned Commit (Author Spoofed),ATTACK,OBSERVED,REJECTED,DETECTED,true,12
2,988,POST_REMEDIATION,Source: Commit Author/Email Spoofing,Case B: Unsigned Commit (Author Spoofed),ATTACK,OBSERVED,REJECTED,DETECTED,true,12
2,990,POST_REMEDIATION,Source: Commit Author/Email Spoofing,Case B: Unsigned Commit (Author Spoofed),ATTACK,OBSERVED,REJECTED,DETECTED,true,12
2,992,POST_REMEDIATION,Source: Commit Author/Email Spoofing,Case B: Unsigned Commit (Author Spoofed),ATTACK,OBSERVED,REJECTED,DETECTED,true,12
2,994,POST_REMEDIATION,Source: Commit Author/Email Spoofing,Case B: Unsigned Commit (Author Spoofed),ATTACK,OBSERVED,REJECTED,DETECTED,true,12
2,996,POST_REMEDIATION,Source: Commit Author/Email Spoofing,Case B: Unsigned Commit (Author Spoofed),ATTACK,OBSERVED,REJECTED,DETECTED,true,12
2,998,POST_REMEDIATION,Source: Commit Author/Email Spoofing,Case B: Unsigned Commit (Author Spoofed),ATTACK,OBSERVED,REJECTED,DETECTED,true,12
2,1000,POST_REMEDIATION,Source: Commit Author/Email Spoofing,Case B: Unsigned Commit (Author Spoofed),ATTACK,OBSERVED,REJECTED,DETECTED,true,12
2,1002,POST_REMEDIATION,Process: Short-Lived Subprocess (Polling Evasion),<1 ms,ATTACK,OBSERVED,REJECTED,DETECTED,true,16
2,1004,POST_REMEDIATION,Process: Short-Lived Subprocess (Polling Evasion),1–5 ms,ATTACK,OBSERVED,REJECTED,DETECTED,true,16
2,1006,POST_REMEDIATION,Process: Short-Lived Subprocess (Polling Evasion),5–10 ms,ATTACK,OBSERVED,REJECTED,DETECTED,true,16
2,1008,POST_REMEDIATION,Process: Short-Lived Subprocess (Polling Evasion),<1 ms,ATTACK,OBSERVED,REJECTED,DETECTED,true,16
2,1010,POST_REMEDIATION,Process: Short-Lived Subprocess (Polling Evasion),1–5 ms,ATTACK,OBSERVED,REJECTED,DETECTED,true,16
2,1012,POST_REMEDIATION,Process: Short-Lived Subprocess (Polling Evasion),5–10 ms,ATTACK,OBSERVED,REJECTED,DETECTED,true,16
2,1014,POST_REMEDIATION,Process: Short-Lived Subprocess (Polling Evasion),<1 ms,ATTACK,OBSERVED,REJECTED,DETECTED,true,16
2,1016,POST_REMEDIATION,Process: Short-Lived Subprocess (Polling Evasion),1–5 ms,ATTACK,OBSERVED,REJECTED,DETECTED,true,16
2,1018,POST_REMEDIATION,Process: Short-Lived Subprocess (Polling Evasion),5–10 ms,ATTACK,OBSERVED,REJECTED,DETECTED,true,16
2,1020,POST_REMEDIATION,Process: Short-Lived Subprocess (Polling Evasion),<1 ms,ATTACK,OBSERVED,REJECTED,DETECTED,true,16
2,1022,POST_REMEDIATION,Process: Short-Lived Subprocess (Polling Evasion),1–5 ms,ATTACK,OBSERVED,REJECTED,DETECTED,true,16
2,1024,POST_REMEDIATION,Process: Short-Lived Subprocess (Polling Evasion),5–10 ms,ATTACK,OBSERVED,REJECTED,DETECTED,true,16
2,1026,POST_REMEDIATION,Process: Short-Lived Subprocess (Polling Evasion),<1 ms,ATTACK,OBSERVED,REJECTED,DETECTED,true,16
2,1028,POST_REMEDIATION,Process: Short-Lived Subprocess (Polling Evasion),1–5 ms,ATTACK,OBSERVED,REJECTED,DETECTED,true,16
2,1030,POST_REMEDIATION,Process: Short-Lived Subprocess (Polling Evasion),5–10 ms,ATTACK,OBSERVED,REJECTED,DETECTED,true,16
2,1032,POST_REMEDIATION,Process: Short-Lived Subprocess (Polling Evasion),<1 ms,ATTACK,OBSERVED,REJECTED,DETECTED,true,16
2,1034,POST_REMEDIATION,Process: Short-Lived Subprocess (Polling Evasion),1–5 ms,ATTACK,OBSERVED,REJECTED,DETECTED,true,16
2,1036,POST_REMEDIATION,Process: Short-Lived Subprocess (Polling Evasion),5–10 ms,ATTACK,OBSERVED,REJECTED,DETECTED,true,16
2,1038,POST_REMEDIATION,Process: Short-Lived Subprocess (Polling Evasion),<1 ms,ATTACK,OBSERVED,REJECTED,DETECTED,true,16
2,1040,POST_REMEDIATION,Process: Short-Lived Subprocess (Polling Evasion),1–5 ms,ATTACK,OBSERVED,REJECTED,DETECTED,true,16
2,1042,POST_REMEDIATION,Process: Short-Lived Subprocess (Polling Evasion),5–10 ms,ATTACK,OBSERVED,REJECTED,DETECTED,true,16
2,1044,POST_REMEDIATION,Process: Short-Lived Subprocess (Polling Evasion),<1 ms,ATTACK,OBSERVED,REJECTED,DETECTED,true,16
2,1046,POST_REMEDIATION,Process: Short-Lived Subprocess (Polling Evasion),1–5 ms,ATTACK,OBSERVED,REJECTED,DETECTED,true,16
2,1048,POST_REMEDIATION,Process: Short-Lived Subprocess (Polling Evasion),5–10 ms,ATTACK,OBSERVED,REJECTED,DETECTED,true,16
2,1050,POST_REMEDIATION,Process: Short-Lived Subprocess (Polling Evasion),<1 ms,ATTACK,OBSERVED,REJECTED,DETECTED,true,16
2,1052,POST_REMEDIATION,Process: Short-Lived Subprocess (Polling Evasion),1–5 ms,ATTACK,OBSERVED,REJECTED,DETECTED,true,16
2,1054,POST_REMEDIATION,Process: Short-Lived Subprocess (Polling Evasion),5–10 ms,ATTACK,OBSERVED,REJECTED,DETECTED,true,16
2,1056,POST_REMEDIATION,Process: Short-Lived Subprocess (Polling Evasion),<1 ms,ATTACK,OBSERVED,REJECTED,DETECTED,true,16
2,1058,POST_REMEDIATION,Process: Short-Lived Subprocess (Polling Evasion),1–5 ms,ATTACK,OBSERVED,REJECTED,DETECTED,true,16
2,1060,POST_REMEDIATION,Process: Short-Lived Subprocess (Polling Evasion),5–10 ms,ATTACK,OBSERVED,REJECTED,DETECTED,true,16
2,1062,POST_REMEDIATION,Process: Short-Lived Subprocess (Polling Evasion),<1 ms,ATTACK,OBSERVED,REJECTED,DETECTED,true,16
2,1064,POST_REMEDIATION,Process: Short-Lived Subprocess (Polling Evasion),1–5 ms,ATTACK,OBSERVED,REJECTED,DETECTED,true,16
2,1066,POST_REMEDIATION,Process: Short-Lived Subprocess (Polling Evasion),5–10 ms,ATTACK,OBSERVED,REJECTED,DETECTED,true,16
2,1068,POST_REMEDIATION,Process: Short-Lived Subprocess (Polling Evasion),<1 ms,ATTACK,OBSERVED,REJECTED,DETECTED,true,16
2,1070,POST_REMEDIATION,Process: Short-Lived Subprocess (Polling Evasion),1–5 ms,ATTACK,OBSERVED,REJECTED,DETECTED,true,16
2,1072,POST_REMEDIATION,Process: Short-Lived Subprocess (Polling Evasion),5–10 ms,ATTACK,OBSERVED,REJECTED,DETECTED,true,16
2,1074,POST_REMEDIATION,Process: Short-Lived Subprocess (Polling Evasion),<1 ms,ATTACK,OBSERVED,REJECTED,DETECTED,true,16
2,1076,POST_REMEDIATION,Process: Short-Lived Subprocess (Polling Evasion),1–5 ms,ATTACK,OBSERVED,REJECTED,DETECTED,true,16
2,1078,POST_REMEDIATION,Process: Short-Lived Subprocess (Polling Evasion),5–10 ms,ATTACK,OBSERVED,REJECTED,DETECTED,true,16
2,1080,POST_REMEDIATION,Process: Short-Lived Subprocess (Polling Evasion),<1 ms,ATTACK,OBSERVED,REJECTED,DETECTED,true,16
2,1082,POST_REMEDIATION,Process: Short-Lived Subprocess (Polling Evasion),1–5 ms,ATTACK,OBSERVED,REJECTED,DETECTED,true,16
2,1084,POST_REMEDIATION,Process: Short-Lived Subprocess (Polling Evasion),5–10 ms,ATTACK,OBSERVED,REJECTED,DETECTED,true,16
2,1086,POST_REMEDIATION,Process: Short-Lived Subprocess (Polling Evasion),<1 ms,ATTACK,OBSERVED,REJECTED,DETECTED,true,16
2,1088,POST_REMEDIATION,Process: Short-Lived Subprocess (Polling Evasion),1–5 ms,ATTACK,OBSERVED,REJECTED,DETECTED,true,16
2,1090,POST_REMEDIATION,Process: Short-Lived Subprocess (Polling Evasion),5–10 ms,ATTACK,OBSERVED,REJECTED,DETECTED,true,16
2,1092,POST_REMEDIATION,Process: Short-Lived Subprocess (Polling Evasion),<1 ms,ATTACK,OBSERVED,REJECTED,DETECTED,true,16
2,1094,POST_REMEDIATION,Process: Short-Lived Subprocess (Polling Evasion),1–5 ms,ATTACK,OBSERVED,REJECTED,DETECTED,true,16
2,1096,POST_REMEDIATION,Process: Short-Lived Subprocess (Polling Evasion),5–10 ms,ATTACK,OBSERVED,REJECTED,DETECTED,true,16
2,1098,POST_REMEDIATION,Process: Short-Lived Subprocess (Polling Evasion),<1 ms,ATTACK,OBSERVED,REJECTED,DETECTED,true,16
2,1100,POST_REMEDIATION,Process: Short-Lived Subprocess (Polling Evasion),1–5 ms,ATTACK,OBSERVED,REJECTED,DETECTED,true,16
2,1102,POST_REMEDIATION,Process: Short-Lived Subprocess (Polling Evasion),5–10 ms,ATTACK,OBSERVED,REJECTED,DETECTED,true,16
2,1104,POST_REMEDIATION,Process: Short-Lived Subprocess (Polling Evasion),<1 ms,ATTACK,OBSERVED,REJECTED,DETECTED,true,16
2,1106,POST_REMEDIATION,Process: Short-Lived Subprocess (Polling Evasion),1–5 ms,ATTACK,OBSERVED,REJECTED,DETECTED,true,16
2,1108,POST_REMEDIATION,Process: Short-Lived Subprocess (Polling Evasion),5–10 ms,ATTACK,OBSERVED,REJECTED,DETECTED,true,16
2,1110,POST_REMEDIATION,Process: Short-Lived Subprocess (Polling Evasion),<1 ms,ATTACK,OBSERVED,REJECTED,DETECTED,true,16
2,1112,POST_REMEDIATION,Process: Short-Lived Subprocess (Polling Evasion),1–5 ms,ATTACK,OBSERVED,REJECTED,DETECTED,true,16
2,1114,POST_REMEDIATION,Process: Short-Lived Subprocess (Polling Evasion),5–10 ms,ATTACK,OBSERVED,REJECTED,DETECTED,true,16
2,1116,POST_REMEDIATION,Process: Short-Lived Subprocess (Polling Evasion),<1 ms,ATTACK,OBSERVED,REJECTED,DETECTED,true,16
2,1118,POST_REMEDIATION,Process: Short-Lived Subprocess (Polling Evasion),1–5 ms,ATTACK,OBSERVED,REJECTED,DETECTED,true,16
2,1120,POST_REMEDIATION,Process: Short-Lived Subprocess (Polling Evasion),5–10 ms,ATTACK,OBSERVED,REJECTED,DETECTED,true,16
2,1122,POST_REMEDIATION,Process: Short-Lived Subprocess (Polling Evasion),<1 ms,ATTACK,OBSERVED,REJECTED,DETECTED,true,16
2,1124,POST_REMEDIATION,Process: Short-Lived Subprocess (Polling Evasion),1–5 ms,ATTACK,OBSERVED,REJECTED,DETECTED,true,16
2,1126,POST_REMEDIATION,Process: Short-Lived Subprocess (Polling Evasion),5–10 ms,ATTACK,OBSERVED,REJECTED,DETECTED,true,16
2,1128,POST_REMEDIATION,Process: Short-Lived Subprocess (Polling Evasion),<1 ms,ATTACK,OBSERVED,REJECTED,DETECTED,true,16
2,1130,POST_REMEDIATION,Process: Short-Lived Subprocess (Polling Evasion),1–5 ms,ATTACK,OBSERVED,REJECTED,DETECTED,true,16
2,1132,POST_REMEDIATION,Process: Short-Lived Subprocess (Polling Evasion),5–10 ms,ATTACK,OBSERVED,REJECTED,DETECTED,true,16
2,1134,POST_REMEDIATION,Process: Short-Lived Subprocess (Polling Evasion),<1 ms,ATTACK,OBSERVED,REJECTED,DETECTED,true,16
2,1136,POST_REMEDIATION,Process: Short-Lived Subprocess (Polling Evasion),1–5 ms,ATTACK,OBSERVED,REJECTED,DETECTED,true,16
2,1138,POST_REMEDIATION,Process: Short-Lived Subprocess (Polling Evasion),5–10 ms,ATTACK,OBSERVED,REJECTED,DETECTED,true,16
2,1140,POST_REMEDIATION,Process: Short-Lived Subprocess (Polling Evasion),<1 ms,ATTACK,OBSERVED,REJECTED,DETECTED,true,16
2,1142,POST_REMEDIATION,Process: Short-Lived Subprocess (Polling Evasion),1–5 ms,ATTACK,OBSERVED,REJECTED,DETECTED,true,16
2,1144,POST_REMEDIATION,Process: Short-Lived Subprocess (Polling Evasion),5–10 ms,ATTACK,OBSERVED,REJECTED,DETECTED,true,16
2,1146,POST_REMEDIATION,Process: Short-Lived Subprocess (Polling Evasion),<1 ms,ATTACK,OBSERVED,REJECTED,DETECTED,true,16
2,1148,POST_REMEDIATION,Process: Short-Lived Subprocess (Polling Evasion),1–5 ms,ATTACK,OBSERVED,REJECTED,DETECTED,true,16
2,1150,POST_REMEDIATION,Process: Short-Lived Subprocess (Polling Evasion),5–10 ms,ATTACK,OBSERVED,REJECTED,DETECTED,true,16
2,1152,POST_REMEDIATION,Process: Short-Lived Subprocess (Polling Evasion),<1 ms,ATTACK,OBSERVED,REJECTED,DETECTED,true,16
2,1154,POST_REMEDIATION,Process: Short-Lived Subprocess (Polling Evasion),1–5 ms,ATTACK,OBSERVED,REJECTED,DETECTED,true,16
2,1156,POST_REMEDIATION,Process: Short-Lived Subprocess (Polling Evasion),5–10 ms,ATTACK,OBSERVED,REJECTED,DETECTED,true,16
2,1158,POST_REMEDIATION,Process: Short-Lived Subprocess (Polling Evasion),<1 ms,ATTACK,OBSERVED,REJECTED,DETECTED,true,16
2,1160,POST_REMEDIATION,Process: Short-Lived Subprocess (Polling Evasion),1–5 ms,ATTACK,OBSERVED,REJECTED,DETECTED,true,16
2,1162,POST_REMEDIATION,Process: Short-Lived Subprocess (Polling Evasion),5–10 ms,ATTACK,OBSERVED,REJECTED,DETECTED,true,16
2,1164,POST_REMEDIATION,Process: Short-Lived Subprocess (Polling Evasion),<1 ms,ATTACK,OBSERVED,REJECTED,DETECTED,true,16
2,1166,POST_REMEDIATION,Process: Short-Lived Subprocess (Polling Evasion),1–5 ms,ATTACK,OBSERVED,REJECTED,DETECTED,true,16
2,1168,POST_REMEDIATION,Process: Short-Lived Subprocess (Polling Evasion),5–10 ms,ATTACK,OBSERVED,REJECTED,DETECTED,true,16
2,1170,POST_REMEDIATION,Process: Short-Lived Subprocess (Polling Evasion),<1 ms,ATTACK,OBSERVED,REJECTED,DETECTED,true,16
2,1172,POST_REMEDIATION,Process: Short-Lived Subprocess (Polling Evasion),1–5 ms,ATTACK,OBSERVED,REJECTED,DETECTED,true,16
2,1174,POST_REMEDIATION,Process: Short-Lived Subprocess (Polling Evasion),5–10 ms,ATTACK,OBSERVED,REJECTED,DETECTED,true,16
2,1176,POST_REMEDIATION,Process: Short-Lived Subprocess (Polling Evasion),<1 ms,ATTACK,OBSERVED,REJECTED,DETECTED,true,16
2,1178,POST_REMEDIATION,Process: Short-Lived Subprocess (Polling Evasion),1–5 ms,ATTACK,OBSERVED,REJECTED,DETECTED,true,16
2,1180,POST_REMEDIATION,Process: Short-Lived Subprocess (Polling Evasion),5–10 ms,ATTACK,OBSERVED,REJECTED,DETECTED,true,16
2,1182,POST_REMEDIATION,Process: Short-Lived Subprocess (Polling Evasion),<1 ms,ATTACK,OBSERVED,REJECTED,DETECTED,true,16
2,1184,POST_REMEDIATION,Process: Short-Lived Subprocess (Polling Evasion),1–5 ms,ATTACK,OBSERVED,REJECTED,DETECTED,true,16
2,1186,POST_REMEDIATION,Process: Short-Lived Subprocess (Polling Evasion),5–10 ms,ATTACK,OBSERVED,REJECTED,DETECTED,true,16
2,1188,POST_REMEDIATION,Process: Short-Lived Subprocess (Polling Evasion),<1 ms,ATTACK,OBSERVED,REJECTED,DETECTED,true,16
2,1190,POST_REMEDIATION,Process: Short-Lived Subprocess (Polling Evasion),1–5 ms,ATTACK,OBSERVED,REJECTED,DETECTED,true,16
2,1192,POST_REMEDIATION,Process: Short-Lived Subprocess (Polling Evasion),5–10 ms,ATTACK,OBSERVED,REJECTED,DETECTED,true,16
2,1194,POST_REMEDIATION,Process: Short-Lived Subprocess (Polling Evasion),<1 ms,ATTACK,OBSERVED,REJECTED,DETECTED,true,16
2,1196,POST_REMEDIATION,Process: Short-Lived Subprocess (Polling Evasion),1–5 ms,ATTACK,OBSERVED,REJECTED,DETECTED,true,16
2,1198,POST_REMEDIATION,Process: Short-Lived Subprocess (Polling Evasion),5–10 ms,ATTACK,OBSERVED,REJECTED,DETECTED,true,16
2,1200,POST_REMEDIATION,Process: Short-Lived Subprocess (Polling Evasion),<1 ms,ATTACK,OBSERVED,REJECTED,DETECTED,true,16
2,1202,POST_REMEDIATION,Filesystem: Boundary Escape (/tmp or %TEMP%),2. %TEMP% Directory,ATTACK,OBSERVED,REJECTED,DETECTED,true,15
2,1204,POST_REMEDIATION,Filesystem: Boundary Escape (/tmp or %TEMP%),3. User Profile Temp,ATTACK,OBSERVED,REJECTED,DETECTED,true,15
2,1206,POST_REMEDIATION,Filesystem: Boundary Escape (/tmp or %TEMP%),4. Unconfigured Directory,ATTACK,UNOBSERVED,TRUSTED,MISSED,false,15
2,1208,POST_REMEDIATION,Filesystem: Boundary Escape (/tmp or %TEMP%),5. System Directory,ATTACK,UNOBSERVED,TRUSTED,MISSED,false,15
2,1210,POST_REMEDIATION,Filesystem: Boundary Escape (/tmp or %TEMP%),2. %TEMP% Directory,ATTACK,OBSERVED,REJECTED,DETECTED,true,15
2,1212,POST_REMEDIATION,Filesystem: Boundary Escape (/tmp or %TEMP%),3. User Profile Temp,ATTACK,OBSERVED,REJECTED,DETECTED,true,15
2,1214,POST_REMEDIATION,Filesystem: Boundary Escape (/tmp or %TEMP%),4. Unconfigured Directory,ATTACK,UNOBSERVED,TRUSTED,MISSED,false,15
2,1216,POST_REMEDIATION,Filesystem: Boundary Escape (/tmp or %TEMP%),5. System Directory,ATTACK,UNOBSERVED,TRUSTED,MISSED,false,15
2,1218,POST_REMEDIATION,Filesystem: Boundary Escape (/tmp or %TEMP%),2. %TEMP% Directory,ATTACK,OBSERVED,REJECTED,DETECTED,true,15
2,1220,POST_REMEDIATION,Filesystem: Boundary Escape (/tmp or %TEMP%),3. User Profile Temp,ATTACK,OBSERVED,REJECTED,DETECTED,true,15
2,1222,POST_REMEDIATION,Filesystem: Boundary Escape (/tmp or %TEMP%),4. Unconfigured Directory,ATTACK,UNOBSERVED,TRUSTED,MISSED,false,15
2,1224,POST_REMEDIATION,Filesystem: Boundary Escape (/tmp or %TEMP%),5. System Directory,ATTACK,UNOBSERVED,TRUSTED,MISSED,false,15
2,1226,POST_REMEDIATION,Filesystem: Boundary Escape (/tmp or %TEMP%),2. %TEMP% Directory,ATTACK,OBSERVED,REJECTED,DETECTED,true,15
2,1228,POST_REMEDIATION,Filesystem: Boundary Escape (/tmp or %TEMP%),3. User Profile Temp,ATTACK,OBSERVED,REJECTED,DETECTED,true,15
2,1230,POST_REMEDIATION,Filesystem: Boundary Escape (/tmp or %TEMP%),4. Unconfigured Directory,ATTACK,UNOBSERVED,TRUSTED,MISSED,false,15
2,1232,POST_REMEDIATION,Filesystem: Boundary Escape (/tmp or %TEMP%),5. System Directory,ATTACK,UNOBSERVED,TRUSTED,MISSED,false,15
2,1234,POST_REMEDIATION,Filesystem: Boundary Escape (/tmp or %TEMP%),2. %TEMP% Directory,ATTACK,OBSERVED,REJECTED,DETECTED,true,15
2,1236,POST_REMEDIATION,Filesystem: Boundary Escape (/tmp or %TEMP%),3. User Profile Temp,ATTACK,OBSERVED,REJECTED,DETECTED,true,15
2,1238,POST_REMEDIATION,Filesystem: Boundary Escape (/tmp or %TEMP%),4. Unconfigured Directory,ATTACK,UNOBSERVED,TRUSTED,MISSED,false,15
2,1240,POST_REMEDIATION,Filesystem: Boundary Escape (/tmp or %TEMP%),5. System Directory,ATTACK,UNOBSERVED,TRUSTED,MISSED,false,15
2,1242,POST_REMEDIATION,Filesystem: Boundary Escape (/tmp or %TEMP%),2. %TEMP% Directory,ATTACK,OBSERVED,REJECTED,DETECTED,true,15
2,1244,POST_REMEDIATION,Filesystem: Boundary Escape (/tmp or %TEMP%),3. User Profile Temp,ATTACK,OBSERVED,REJECTED,DETECTED,true,15
2,1246,POST_REMEDIATION,Filesystem: Boundary Escape (/tmp or %TEMP%),4. Unconfigured Directory,ATTACK,UNOBSERVED,TRUSTED,MISSED,false,15
2,1248,POST_REMEDIATION,Filesystem: Boundary Escape (/tmp or %TEMP%),5. System Directory,ATTACK,UNOBSERVED,TRUSTED,MISSED,false,15
2,1250,POST_REMEDIATION,Filesystem: Boundary Escape (/tmp or %TEMP%),2. %TEMP% Directory,ATTACK,OBSERVED,REJECTED,DETECTED,true,15
2,1252,POST_REMEDIATION,Filesystem: Boundary Escape (/tmp or %TEMP%),3. User Profile Temp,ATTACK,OBSERVED,REJECTED,DETECTED,true,15
2,1254,POST_REMEDIATION,Filesystem: Boundary Escape (/tmp or %TEMP%),4. Unconfigured Directory,ATTACK,UNOBSERVED,TRUSTED,MISSED,false,15
2,1256,POST_REMEDIATION,Filesystem: Boundary Escape (/tmp or %TEMP%),5. System Directory,ATTACK,UNOBSERVED,TRUSTED,MISSED,false,15
2,1258,POST_REMEDIATION,Filesystem: Boundary Escape (/tmp or %TEMP%),2. %TEMP% Directory,ATTACK,OBSERVED,REJECTED,DETECTED,true,15
2,1260,POST_REMEDIATION,Filesystem: Boundary Escape (/tmp or %TEMP%),3. User Profile Temp,ATTACK,OBSERVED,REJECTED,DETECTED,true,15
2,1262,POST_REMEDIATION,Filesystem: Boundary Escape (/tmp or %TEMP%),4. Unconfigured Directory,ATTACK,UNOBSERVED,TRUSTED,MISSED,false,15
2,1264,POST_REMEDIATION,Filesystem: Boundary Escape (/tmp or %TEMP%),5. System Directory,ATTACK,UNOBSERVED,TRUSTED,MISSED,false,15
2,1266,POST_REMEDIATION,Filesystem: Boundary Escape (/tmp or %TEMP%),2. %TEMP% Directory,ATTACK,OBSERVED,REJECTED,DETECTED,true,15
2,1268,POST_REMEDIATION,Filesystem: Boundary Escape (/tmp or %TEMP%),3. User Profile Temp,ATTACK,OBSERVED,REJECTED,DETECTED,true,15
2,1270,POST_REMEDIATION,Filesystem: Boundary Escape (/tmp or %TEMP%),4. Unconfigured Directory,ATTACK,UNOBSERVED,TRUSTED,MISSED,false,15
2,1272,POST_REMEDIATION,Filesystem: Boundary Escape (/tmp or %TEMP%),5. System Directory,ATTACK,UNOBSERVED,TRUSTED,MISSED,false,15
2,1274,POST_REMEDIATION,Filesystem: Boundary Escape (/tmp or %TEMP%),2. %TEMP% Directory,ATTACK,OBSERVED,REJECTED,DETECTED,true,15
2,1276,POST_REMEDIATION,Filesystem: Boundary Escape (/tmp or %TEMP%),3. User Profile Temp,ATTACK,OBSERVED,REJECTED,DETECTED,true,15
2,1278,POST_REMEDIATION,Filesystem: Boundary Escape (/tmp or %TEMP%),4. Unconfigured Directory,ATTACK,UNOBSERVED,TRUSTED,MISSED,false,15
2,1280,POST_REMEDIATION,Filesystem: Boundary Escape (/tmp or %TEMP%),5. System Directory,ATTACK,UNOBSERVED,TRUSTED,MISSED,false,15
2,1282,POST_REMEDIATION,Filesystem: Boundary Escape (/tmp or %TEMP%),2. %TEMP% Directory,ATTACK,OBSERVED,REJECTED,DETECTED,true,15
2,1284,POST_REMEDIATION,Filesystem: Boundary Escape (/tmp or %TEMP%),3. User Profile Temp,ATTACK,OBSERVED,REJECTED,DETECTED,true,15
2,1286,POST_REMEDIATION,Filesystem: Boundary Escape (/tmp or %TEMP%),4. Unconfigured Directory,ATTACK,UNOBSERVED,TRUSTED,MISSED,false,15
2,1288,POST_REMEDIATION,Filesystem: Boundary Escape (/tmp or %TEMP%),5. System Directory,ATTACK,UNOBSERVED,TRUSTED,MISSED,false,15
2,1290,POST_REMEDIATION,Filesystem: Boundary Escape (/tmp or %TEMP%),2. %TEMP% Directory,ATTACK,OBSERVED,REJECTED,DETECTED,true,15
2,1292,POST_REMEDIATION,Filesystem: Boundary Escape (/tmp or %TEMP%),3. User Profile Temp,ATTACK,OBSERVED,REJECTED,DETECTED,true,15
2,1294,POST_REMEDIATION,Filesystem: Boundary Escape (/tmp or %TEMP%),4. Unconfigured Directory,ATTACK,UNOBSERVED,TRUSTED,MISSED,false,15
2,1296,POST_REMEDIATION,Filesystem: Boundary Escape (/tmp or %TEMP%),5. System Directory,ATTACK,UNOBSERVED,TRUSTED,MISSED,false,15
2,1298,POST_REMEDIATION,Filesystem: Boundary Escape (/tmp or %TEMP%),2. %TEMP% Directory,ATTACK,OBSERVED,REJECTED,DETECTED,true,15
2,1300,POST_REMEDIATION,Filesystem: Boundary Escape (/tmp or %TEMP%),3. User Profile Temp,ATTACK,OBSERVED,REJECTED,DETECTED,true,15
2,1302,POST_REMEDIATION,Filesystem: Boundary Escape (/tmp or %TEMP%),4. Unconfigured Directory,ATTACK,UNOBSERVED,TRUSTED,MISSED,false,15
2,1304,POST_REMEDIATION,Filesystem: Boundary Escape (/tmp or %TEMP%),5. System Directory,ATTACK,UNOBSERVED,TRUSTED,MISSED,false,15
2,1306,POST_REMEDIATION,Filesystem: Boundary Escape (/tmp or %TEMP%),2. %TEMP% Directory,ATTACK,OBSERVED,REJECTED,DETECTED,true,15
2,1308,POST_REMEDIATION,Filesystem: Boundary Escape (/tmp or %TEMP%),3. User Profile Temp,ATTACK,OBSERVED,REJECTED,DETECTED,true,15
2,1310,POST_REMEDIATION,Filesystem: Boundary Escape (/tmp or %TEMP%),4. Unconfigured Directory,ATTACK,UNOBSERVED,TRUSTED,MISSED,false,15
2,1312,POST_REMEDIATION,Filesystem: Boundary Escape (/tmp or %TEMP%),5. System Directory,ATTACK,UNOBSERVED,TRUSTED,MISSED,false,15
2,1314,POST_REMEDIATION,Filesystem: Boundary Escape (/tmp or %TEMP%),2. %TEMP% Directory,ATTACK,OBSERVED,REJECTED,DETECTED,true,15
2,1316,POST_REMEDIATION,Filesystem: Boundary Escape (/tmp or %TEMP%),3. User Profile Temp,ATTACK,OBSERVED,REJECTED,DETECTED,true,15
2,1318,POST_REMEDIATION,Filesystem: Boundary Escape (/tmp or %TEMP%),4. Unconfigured Directory,ATTACK,UNOBSERVED,TRUSTED,MISSED,false,15
2,1320,POST_REMEDIATION,Filesystem: Boundary Escape (/tmp or %TEMP%),5. System Directory,ATTACK,UNOBSERVED,TRUSTED,MISSED,false,15
2,1322,POST_REMEDIATION,Filesystem: Boundary Escape (/tmp or %TEMP%),2. %TEMP% Directory,ATTACK,OBSERVED,REJECTED,DETECTED,true,15
2,1324,POST_REMEDIATION,Filesystem: Boundary Escape (/tmp or %TEMP%),3. User Profile Temp,ATTACK,OBSERVED,REJECTED,DETECTED,true,15
2,1326,POST_REMEDIATION,Filesystem: Boundary Escape (/tmp or %TEMP%),4. Unconfigured Directory,ATTACK,UNOBSERVED,TRUSTED,MISSED,false,15
2,1328,POST_REMEDIATION,Filesystem: Boundary Escape (/tmp or %TEMP%),5. System Directory,ATTACK,UNOBSERVED,TRUSTED,MISSED,false,15
2,1330,POST_REMEDIATION,Filesystem: Boundary Escape (/tmp or %TEMP%),2. %TEMP% Directory,ATTACK,OBSERVED,REJECTED,DETECTED,true,15
2,1332,POST_REMEDIATION,Filesystem: Boundary Escape (/tmp or %TEMP%),3. User Profile Temp,ATTACK,OBSERVED,REJECTED,DETECTED,true,15
2,1334,POST_REMEDIATION,Filesystem: Boundary Escape (/tmp or %TEMP%),4. Unconfigured Directory,ATTACK,UNOBSERVED,TRUSTED,MISSED,false,15
2,1336,POST_REMEDIATION,Filesystem: Boundary Escape (/tmp or %TEMP%),5. System Directory,ATTACK,UNOBSERVED,TRUSTED,MISSED,false,15
2,1338,POST_REMEDIATION,Filesystem: Boundary Escape (/tmp or %TEMP%),2. %TEMP% Directory,ATTACK,OBSERVED,REJECTED,DETECTED,true,15
2,1340,POST_REMEDIATION,Filesystem: Boundary Escape (/tmp or %TEMP%),3. User Profile Temp,ATTACK,OBSERVED,REJECTED,DETECTED,true,15
2,1342,POST_REMEDIATION,Filesystem: Boundary Escape (/tmp or %TEMP%),4. Unconfigured Directory,ATTACK,UNOBSERVED,TRUSTED,MISSED,false,15
2,1344,POST_REMEDIATION,Filesystem: Boundary Escape (/tmp or %TEMP%),5. System Directory,ATTACK,UNOBSERVED,TRUSTED,MISSED,false,15
2,1346,POST_REMEDIATION,Filesystem: Boundary Escape (/tmp or %TEMP%),2. %TEMP% Directory,ATTACK,OBSERVED,REJECTED,DETECTED,true,15
2,1348,POST_REMEDIATION,Filesystem: Boundary Escape (/tmp or %TEMP%),3. User Profile Temp,ATTACK,OBSERVED,REJECTED,DETECTED,true,15
2,1350,POST_REMEDIATION,Filesystem: Boundary Escape (/tmp or %TEMP%),4. Unconfigured Directory,ATTACK,UNOBSERVED,TRUSTED,MISSED,false,15
2,1352,POST_REMEDIATION,Filesystem: Boundary Escape (/tmp or %TEMP%),5. System Directory,ATTACK,UNOBSERVED,TRUSTED,MISSED,false,15
2,1354,POST_REMEDIATION,Filesystem: Boundary Escape (/tmp or %TEMP%),2. %TEMP% Directory,ATTACK,OBSERVED,REJECTED,DETECTED,true,15
2,1356,POST_REMEDIATION,Filesystem: Boundary Escape (/tmp or %TEMP%),3. User Profile Temp,ATTACK,OBSERVED,REJECTED,DETECTED,true,15
2,1358,POST_REMEDIATION,Filesystem: Boundary Escape (/tmp or %TEMP%),4. Unconfigured Directory,ATTACK,UNOBSERVED,TRUSTED,MISSED,false,15
2,1360,POST_REMEDIATION,Filesystem: Boundary Escape (/tmp or %TEMP%),5. System Directory,ATTACK,UNOBSERVED,TRUSTED,MISSED,false,15
2,1362,POST_REMEDIATION,Filesystem: Boundary Escape (/tmp or %TEMP%),2. %TEMP% Directory,ATTACK,OBSERVED,REJECTED,DETECTED,true,15
2,1364,POST_REMEDIATION,Filesystem: Boundary Escape (/tmp or %TEMP%),3. User Profile Temp,ATTACK,OBSERVED,REJECTED,DETECTED,true,15
2,1366,POST_REMEDIATION,Filesystem: Boundary Escape (/tmp or %TEMP%),4. Unconfigured Directory,ATTACK,UNOBSERVED,TRUSTED,MISSED,false,15
2,1368,POST_REMEDIATION,Filesystem: Boundary Escape (/tmp or %TEMP%),5. System Directory,ATTACK,UNOBSERVED,TRUSTED,MISSED,false,15
2,1370,POST_REMEDIATION,Filesystem: Boundary Escape (/tmp or %TEMP%),2. %TEMP% Directory,ATTACK,OBSERVED,REJECTED,DETECTED,true,15
2,1372,POST_REMEDIATION,Filesystem: Boundary Escape (/tmp or %TEMP%),3. User Profile Temp,ATTACK,OBSERVED,REJECTED,DETECTED,true,15
2,1374,POST_REMEDIATION,Filesystem: Boundary Escape (/tmp or %TEMP%),4. Unconfigured Directory,ATTACK,UNOBSERVED,TRUSTED,MISSED,false,15
2,1376,POST_REMEDIATION,Filesystem: Boundary Escape (/tmp or %TEMP%),5. System Directory,ATTACK,UNOBSERVED,TRUSTED,MISSED,false,15
2,1378,POST_REMEDIATION,Filesystem: Boundary Escape (/tmp or %TEMP%),2. %TEMP% Directory,ATTACK,OBSERVED,REJECTED,DETECTED,true,15
2,1380,POST_REMEDIATION,Filesystem: Boundary Escape (/tmp or %TEMP%),3. User Profile Temp,ATTACK,OBSERVED,REJECTED,DETECTED,true,15
2,1382,POST_REMEDIATION,Filesystem: Boundary Escape (/tmp or %TEMP%),4. Unconfigured Directory,ATTACK,UNOBSERVED,TRUSTED,MISSED,false,15
2,1384,POST_REMEDIATION,Filesystem: Boundary Escape (/tmp or %TEMP%),5. System Directory,ATTACK,UNOBSERVED,TRUSTED,MISSED,false,15
2,1386,POST_REMEDIATION,Filesystem: Boundary Escape (/tmp or %TEMP%),2. %TEMP% Directory,ATTACK,OBSERVED,REJECTED,DETECTED,true,15
2,1388,POST_REMEDIATION,Filesystem: Boundary Escape (/tmp or %TEMP%),3. User Profile Temp,ATTACK,OBSERVED,REJECTED,DETECTED,true,15
2,1390,POST_REMEDIATION,Filesystem: Boundary Escape (/tmp or %TEMP%),4. Unconfigured Directory,ATTACK,UNOBSERVED,TRUSTED,MISSED,false,15
2,1392,POST_REMEDIATION,Filesystem: Boundary Escape (/tmp or %TEMP%),5. System Directory,ATTACK,UNOBSERVED,TRUSTED,MISSED,false,15
2,1394,POST_REMEDIATION,Filesystem: Boundary Escape (/tmp or %TEMP%),2. %TEMP% Directory,ATTACK,OBSERVED,REJECTED,DETECTED,true,15
2,1396,POST_REMEDIATION,Filesystem: Boundary Escape (/tmp or %TEMP%),3. User Profile Temp,ATTACK,OBSERVED,REJECTED,DETECTED,true,15
2,1398,POST_REMEDIATION,Filesystem: Boundary Escape (/tmp or %TEMP%),4. Unconfigured Directory,ATTACK,UNOBSERVED,TRUSTED,MISSED,false,15
2,1400,POST_REMEDIATION,Filesystem: Boundary Escape (/tmp or %TEMP%),5. System Directory,ATTACK,UNOBSERVED,TRUSTED,MISSED,false,15
2,1402,POST_REMEDIATION,Network: Ephemeral UDP/DNS Exfiltration,3. Unauthorized DNS TXT Exfiltration,ATTACK,OBSERVED,REJECTED,DETECTED,true,14
2,1404,POST_REMEDIATION,Network: Ephemeral UDP/DNS Exfiltration,4. Stateless UDP Socket Egress,ATTACK,OBSERVED,REJECTED,DETECTED,true,14
2,1406,POST_REMEDIATION,Network: Ephemeral UDP/DNS Exfiltration,3. Unauthorized DNS TXT Exfiltration,ATTACK,OBSERVED,REJECTED,DETECTED,true,14
2,1408,POST_REMEDIATION,Network: Ephemeral UDP/DNS Exfiltration,4. Stateless UDP Socket Egress,ATTACK,OBSERVED,REJECTED,DETECTED,true,14
2,1410,POST_REMEDIATION,Network: Ephemeral UDP/DNS Exfiltration,3. Unauthorized DNS TXT Exfiltration,ATTACK,OBSERVED,REJECTED,DETECTED,true,14
2,1412,POST_REMEDIATION,Network: Ephemeral UDP/DNS Exfiltration,4. Stateless UDP Socket Egress,ATTACK,OBSERVED,REJECTED,DETECTED,true,14
2,1414,POST_REMEDIATION,Network: Ephemeral UDP/DNS Exfiltration,3. Unauthorized DNS TXT Exfiltration,ATTACK,OBSERVED,REJECTED,DETECTED,true,14
2,1416,POST_REMEDIATION,Network: Ephemeral UDP/DNS Exfiltration,4. Stateless UDP Socket Egress,ATTACK,OBSERVED,REJECTED,DETECTED,true,14
2,1418,POST_REMEDIATION,Network: Ephemeral UDP/DNS Exfiltration,3. Unauthorized DNS TXT Exfiltration,ATTACK,OBSERVED,REJECTED,DETECTED,true,14
2,1420,POST_REMEDIATION,Network: Ephemeral UDP/DNS Exfiltration,4. Stateless UDP Socket Egress,ATTACK,OBSERVED,REJECTED,DETECTED,true,14
2,1422,POST_REMEDIATION,Network: Ephemeral UDP/DNS Exfiltration,3. Unauthorized DNS TXT Exfiltration,ATTACK,OBSERVED,REJECTED,DETECTED,true,14
2,1424,POST_REMEDIATION,Network: Ephemeral UDP/DNS Exfiltration,4. Stateless UDP Socket Egress,ATTACK,OBSERVED,REJECTED,DETECTED,true,14
2,1426,POST_REMEDIATION,Network: Ephemeral UDP/DNS Exfiltration,3. Unauthorized DNS TXT Exfiltration,ATTACK,OBSERVED,REJECTED,DETECTED,true,14
2,1428,POST_REMEDIATION,Network: Ephemeral UDP/DNS Exfiltration,4. Stateless UDP Socket Egress,ATTACK,OBSERVED,REJECTED,DETECTED,true,14
2,1430,POST_REMEDIATION,Network: Ephemeral UDP/DNS Exfiltration,3. Unauthorized DNS TXT Exfiltration,ATTACK,OBSERVED,REJECTED,DETECTED,true,14
2,1432,POST_REMEDIATION,Network: Ephemeral UDP/DNS Exfiltration,4. Stateless UDP Socket Egress,ATTACK,OBSERVED,REJECTED,DETECTED,true,14
2,1434,POST_REMEDIATION,Network: Ephemeral UDP/DNS Exfiltration,3. Unauthorized DNS TXT Exfiltration,ATTACK,OBSERVED,REJECTED,DETECTED,true,14
2,1436,POST_REMEDIATION,Network: Ephemeral UDP/DNS Exfiltration,4. Stateless UDP Socket Egress,ATTACK,OBSERVED,REJECTED,DETECTED,true,14
2,1438,POST_REMEDIATION,Network: Ephemeral UDP/DNS Exfiltration,3. Unauthorized DNS TXT Exfiltration,ATTACK,OBSERVED,REJECTED,DETECTED,true,14
2,1440,POST_REMEDIATION,Network: Ephemeral UDP/DNS Exfiltration,4. Stateless UDP Socket Egress,ATTACK,OBSERVED,REJECTED,DETECTED,true,14
2,1442,POST_REMEDIATION,Network: Ephemeral UDP/DNS Exfiltration,3. Unauthorized DNS TXT Exfiltration,ATTACK,OBSERVED,REJECTED,DETECTED,true,14
2,1444,POST_REMEDIATION,Network: Ephemeral UDP/DNS Exfiltration,4. Stateless UDP Socket Egress,ATTACK,OBSERVED,REJECTED,DETECTED,true,14
2,1446,POST_REMEDIATION,Network: Ephemeral UDP/DNS Exfiltration,3. Unauthorized DNS TXT Exfiltration,ATTACK,OBSERVED,REJECTED,DETECTED,true,14
2,1448,POST_REMEDIATION,Network: Ephemeral UDP/DNS Exfiltration,4. Stateless UDP Socket Egress,ATTACK,OBSERVED,REJECTED,DETECTED,true,14
2,1450,POST_REMEDIATION,Network: Ephemeral UDP/DNS Exfiltration,3. Unauthorized DNS TXT Exfiltration,ATTACK,OBSERVED,REJECTED,DETECTED,true,14
2,1452,POST_REMEDIATION,Network: Ephemeral UDP/DNS Exfiltration,4. Stateless UDP Socket Egress,ATTACK,OBSERVED,REJECTED,DETECTED,true,14
2,1454,POST_REMEDIATION,Network: Ephemeral UDP/DNS Exfiltration,3. Unauthorized DNS TXT Exfiltration,ATTACK,OBSERVED,REJECTED,DETECTED,true,14
2,1456,POST_REMEDIATION,Network: Ephemeral UDP/DNS Exfiltration,4. Stateless UDP Socket Egress,ATTACK,OBSERVED,REJECTED,DETECTED,true,14
2,1458,POST_REMEDIATION,Network: Ephemeral UDP/DNS Exfiltration,3. Unauthorized DNS TXT Exfiltration,ATTACK,OBSERVED,REJECTED,DETECTED,true,14
2,1460,POST_REMEDIATION,Network: Ephemeral UDP/DNS Exfiltration,4. Stateless UDP Socket Egress,ATTACK,OBSERVED,REJECTED,DETECTED,true,14
2,1462,POST_REMEDIATION,Network: Ephemeral UDP/DNS Exfiltration,3. Unauthorized DNS TXT Exfiltration,ATTACK,OBSERVED,REJECTED,DETECTED,true,14
2,1464,POST_REMEDIATION,Network: Ephemeral UDP/DNS Exfiltration,4. Stateless UDP Socket Egress,ATTACK,OBSERVED,REJECTED,DETECTED,true,14
2,1466,POST_REMEDIATION,Network: Ephemeral UDP/DNS Exfiltration,3. Unauthorized DNS TXT Exfiltration,ATTACK,OBSERVED,REJECTED,DETECTED,true,14
2,1468,POST_REMEDIATION,Network: Ephemeral UDP/DNS Exfiltration,4. Stateless UDP Socket Egress,ATTACK,OBSERVED,REJECTED,DETECTED,true,14
2,1470,POST_REMEDIATION,Network: Ephemeral UDP/DNS Exfiltration,3. Unauthorized DNS TXT Exfiltration,ATTACK,OBSERVED,REJECTED,DETECTED,true,14
2,1472,POST_REMEDIATION,Network: Ephemeral UDP/DNS Exfiltration,4. Stateless UDP Socket Egress,ATTACK,OBSERVED,REJECTED,DETECTED,true,14
2,1474,POST_REMEDIATION,Network: Ephemeral UDP/DNS Exfiltration,3. Unauthorized DNS TXT Exfiltration,ATTACK,OBSERVED,REJECTED,DETECTED,true,14
2,1476,POST_REMEDIATION,Network: Ephemeral UDP/DNS Exfiltration,4. Stateless UDP Socket Egress,ATTACK,OBSERVED,REJECTED,DETECTED,true,14
2,1478,POST_REMEDIATION,Network: Ephemeral UDP/DNS Exfiltration,3. Unauthorized DNS TXT Exfiltration,ATTACK,OBSERVED,REJECTED,DETECTED,true,14
2,1480,POST_REMEDIATION,Network: Ephemeral UDP/DNS Exfiltration,4. Stateless UDP Socket Egress,ATTACK,OBSERVED,REJECTED,DETECTED,true,14
2,1482,POST_REMEDIATION,Network: Ephemeral UDP/DNS Exfiltration,3. Unauthorized DNS TXT Exfiltration,ATTACK,OBSERVED,REJECTED,DETECTED,true,14
2,1484,POST_REMEDIATION,Network: Ephemeral UDP/DNS Exfiltration,4. Stateless UDP Socket Egress,ATTACK,OBSERVED,REJECTED,DETECTED,true,14
2,1486,POST_REMEDIATION,Network: Ephemeral UDP/DNS Exfiltration,3. Unauthorized DNS TXT Exfiltration,ATTACK,OBSERVED,REJECTED,DETECTED,true,14
2,1488,POST_REMEDIATION,Network: Ephemeral UDP/DNS Exfiltration,4. Stateless UDP Socket Egress,ATTACK,OBSERVED,REJECTED,DETECTED,true,14
2,1490,POST_REMEDIATION,Network: Ephemeral UDP/DNS Exfiltration,3. Unauthorized DNS TXT Exfiltration,ATTACK,OBSERVED,REJECTED,DETECTED,true,14
2,1492,POST_REMEDIATION,Network: Ephemeral UDP/DNS Exfiltration,4. Stateless UDP Socket Egress,ATTACK,OBSERVED,REJECTED,DETECTED,true,14
2,1494,POST_REMEDIATION,Network: Ephemeral UDP/DNS Exfiltration,3. Unauthorized DNS TXT Exfiltration,ATTACK,OBSERVED,REJECTED,DETECTED,true,14
2,1496,POST_REMEDIATION,Network: Ephemeral UDP/DNS Exfiltration,4. Stateless UDP Socket Egress,ATTACK,OBSERVED,REJECTED,DETECTED,true,14
2,1498,POST_REMEDIATION,Network: Ephemeral UDP/DNS Exfiltration,3. Unauthorized DNS TXT Exfiltration,ATTACK,OBSERVED,REJECTED,DETECTED,true,14
2,1500,POST_REMEDIATION,Network: Ephemeral UDP/DNS Exfiltration,4. Stateless UDP Socket Egress,ATTACK,OBSERVED,REJECTED,DETECTED,true,14
2,1502,POST_REMEDIATION,Network: Ephemeral UDP/DNS Exfiltration,3. Unauthorized DNS TXT Exfiltration,ATTACK,OBSERVED,REJECTED,DETECTED,true,14
2,1504,POST_REMEDIATION,Network: Ephemeral UDP/DNS Exfiltration,4. Stateless UDP Socket Egress,ATTACK,OBSERVED,REJECTED,DETECTED,true,14
2,1506,POST_REMEDIATION,Network: Ephemeral UDP/DNS Exfiltration,3. Unauthorized DNS TXT Exfiltration,ATTACK,OBSERVED,REJECTED,DETECTED,true,14
2,1508,POST_REMEDIATION,Network: Ephemeral UDP/DNS Exfiltration,4. Stateless UDP Socket Egress,ATTACK,OBSERVED,REJECTED,DETECTED,true,14
2,1510,POST_REMEDIATION,Network: Ephemeral UDP/DNS Exfiltration,3. Unauthorized DNS TXT Exfiltration,ATTACK,OBSERVED,REJECTED,DETECTED,true,14
2,1512,POST_REMEDIATION,Network: Ephemeral UDP/DNS Exfiltration,4. Stateless UDP Socket Egress,ATTACK,OBSERVED,REJECTED,DETECTED,true,14
2,1514,POST_REMEDIATION,Network: Ephemeral UDP/DNS Exfiltration,3. Unauthorized DNS TXT Exfiltration,ATTACK,OBSERVED,REJECTED,DETECTED,true,14
2,1516,POST_REMEDIATION,Network: Ephemeral UDP/DNS Exfiltration,4. Stateless UDP Socket Egress,ATTACK,OBSERVED,REJECTED,DETECTED,true,14
2,1518,POST_REMEDIATION,Network: Ephemeral UDP/DNS Exfiltration,3. Unauthorized DNS TXT Exfiltration,ATTACK,OBSERVED,REJECTED,DETECTED,true,14
2,1520,POST_REMEDIATION,Network: Ephemeral UDP/DNS Exfiltration,4. Stateless UDP Socket Egress,ATTACK,OBSERVED,REJECTED,DETECTED,true,14
2,1522,POST_REMEDIATION,Network: Ephemeral UDP/DNS Exfiltration,3. Unauthorized DNS TXT Exfiltration,ATTACK,OBSERVED,REJECTED,DETECTED,true,14
2,1524,POST_REMEDIATION,Network: Ephemeral UDP/DNS Exfiltration,4. Stateless UDP Socket Egress,ATTACK,OBSERVED,REJECTED,DETECTED,true,14
2,1526,POST_REMEDIATION,Network: Ephemeral UDP/DNS Exfiltration,3. Unauthorized DNS TXT Exfiltration,ATTACK,OBSERVED,REJECTED,DETECTED,true,14
2,1528,POST_REMEDIATION,Network: Ephemeral UDP/DNS Exfiltration,4. Stateless UDP Socket Egress,ATTACK,OBSERVED,REJECTED,DETECTED,true,14
2,1530,POST_REMEDIATION,Network: Ephemeral UDP/DNS Exfiltration,3. Unauthorized DNS TXT Exfiltration,ATTACK,OBSERVED,REJECTED,DETECTED,true,14
2,1532,POST_REMEDIATION,Network: Ephemeral UDP/DNS Exfiltration,4. Stateless UDP Socket Egress,ATTACK,OBSERVED,REJECTED,DETECTED,true,14
2,1534,POST_REMEDIATION,Network: Ephemeral UDP/DNS Exfiltration,3. Unauthorized DNS TXT Exfiltration,ATTACK,OBSERVED,REJECTED,DETECTED,true,14
2,1536,POST_REMEDIATION,Network: Ephemeral UDP/DNS Exfiltration,4. Stateless UDP Socket Egress,ATTACK,OBSERVED,REJECTED,DETECTED,true,14
2,1538,POST_REMEDIATION,Network: Ephemeral UDP/DNS Exfiltration,3. Unauthorized DNS TXT Exfiltration,ATTACK,OBSERVED,REJECTED,DETECTED,true,14
2,1540,POST_REMEDIATION,Network: Ephemeral UDP/DNS Exfiltration,4. Stateless UDP Socket Egress,ATTACK,OBSERVED,REJECTED,DETECTED,true,14
2,1542,POST_REMEDIATION,Network: Ephemeral UDP/DNS Exfiltration,3. Unauthorized DNS TXT Exfiltration,ATTACK,OBSERVED,REJECTED,DETECTED,true,14
2,1544,POST_REMEDIATION,Network: Ephemeral UDP/DNS Exfiltration,4. Stateless UDP Socket Egress,ATTACK,OBSERVED,REJECTED,DETECTED,true,14
2,1546,POST_REMEDIATION,Network: Ephemeral UDP/DNS Exfiltration,3. Unauthorized DNS TXT Exfiltration,ATTACK,OBSERVED,REJECTED,DETECTED,true,14
2,1548,POST_REMEDIATION,Network: Ephemeral UDP/DNS Exfiltration,4. Stateless UDP Socket Egress,ATTACK,OBSERVED,REJECTED,DETECTED,true,14
2,1550,POST_REMEDIATION,Network: Ephemeral UDP/DNS Exfiltration,3. Unauthorized DNS TXT Exfiltration,ATTACK,OBSERVED,REJECTED,DETECTED,true,14
2,1552,POST_REMEDIATION,Network: Ephemeral UDP/DNS Exfiltration,4. Stateless UDP Socket Egress,ATTACK,OBSERVED,REJECTED,DETECTED,true,14
2,1554,POST_REMEDIATION,Network: Ephemeral UDP/DNS Exfiltration,3. Unauthorized DNS TXT Exfiltration,ATTACK,OBSERVED,REJECTED,DETECTED,true,14
2,1556,POST_REMEDIATION,Network: Ephemeral UDP/DNS Exfiltration,4. Stateless UDP Socket Egress,ATTACK,OBSERVED,REJECTED,DETECTED,true,14
2,1558,POST_REMEDIATION,Network: Ephemeral UDP/DNS Exfiltration,3. Unauthorized DNS TXT Exfiltration,ATTACK,OBSERVED,REJECTED,DETECTED,true,14
2,1560,POST_REMEDIATION,Network: Ephemeral UDP/DNS Exfiltration,4. Stateless UDP Socket Egress,ATTACK,OBSERVED,REJECTED,DETECTED,true,14
2,1562,POST_REMEDIATION,Network: Ephemeral UDP/DNS Exfiltration,3. Unauthorized DNS TXT Exfiltration,ATTACK,OBSERVED,REJECTED,DETECTED,true,14
2,1564,POST_REMEDIATION,Network: Ephemeral UDP/DNS Exfiltration,4. Stateless UDP Socket Egress,ATTACK,OBSERVED,REJECTED,DETECTED,true,14
2,1566,POST_REMEDIATION,Network: Ephemeral UDP/DNS Exfiltration,3. Unauthorized DNS TXT Exfiltration,ATTACK,OBSERVED,REJECTED,DETECTED,true,14
2,1568,POST_REMEDIATION,Network: Ephemeral UDP/DNS Exfiltration,4. Stateless UDP Socket Egress,ATTACK,OBSERVED,REJECTED,DETECTED,true,14
2,1570,POST_REMEDIATION,Network: Ephemeral UDP/DNS Exfiltration,3. Unauthorized DNS TXT Exfiltration,ATTACK,OBSERVED,REJECTED,DETECTED,true,14
2,1572,POST_REMEDIATION,Network: Ephemeral UDP/DNS Exfiltration,4. Stateless UDP Socket Egress,ATTACK,OBSERVED,REJECTED,DETECTED,true,14
2,1574,POST_REMEDIATION,Network: Ephemeral UDP/DNS Exfiltration,3. Unauthorized DNS TXT Exfiltration,ATTACK,OBSERVED,REJECTED,DETECTED,true,14
2,1576,POST_REMEDIATION,Network: Ephemeral UDP/DNS Exfiltration,4. Stateless UDP Socket Egress,ATTACK,OBSERVED,REJECTED,DETECTED,true,14
2,1578,POST_REMEDIATION,Network: Ephemeral UDP/DNS Exfiltration,3. Unauthorized DNS TXT Exfiltration,ATTACK,OBSERVED,REJECTED,DETECTED,true,14
2,1580,POST_REMEDIATION,Network: Ephemeral UDP/DNS Exfiltration,4. Stateless UDP Socket Egress,ATTACK,OBSERVED,REJECTED,DETECTED,true,14
2,1582,POST_REMEDIATION,Network: Ephemeral UDP/DNS Exfiltration,3. Unauthorized DNS TXT Exfiltration,ATTACK,OBSERVED,REJECTED,DETECTED,true,14
2,1584,POST_REMEDIATION,Network: Ephemeral UDP/DNS Exfiltration,4. Stateless UDP Socket Egress,ATTACK,OBSERVED,REJECTED,DETECTED,true,14
2,1586,POST_REMEDIATION,Network: Ephemeral UDP/DNS Exfiltration,3. Unauthorized DNS TXT Exfiltration,ATTACK,OBSERVED,REJECTED,DETECTED,true,14
2,1588,POST_REMEDIATION,Network: Ephemeral UDP/DNS Exfiltration,4. Stateless UDP Socket Egress,ATTACK,OBSERVED,REJECTED,DETECTED,true,14
2,1590,POST_REMEDIATION,Network: Ephemeral UDP/DNS Exfiltration,3. Unauthorized DNS TXT Exfiltration,ATTACK,OBSERVED,REJECTED,DETECTED,true,14
2,1592,POST_REMEDIATION,Network: Ephemeral UDP/DNS Exfiltration,4. Stateless UDP Socket Egress,ATTACK,OBSERVED,REJECTED,DETECTED,true,14
2,1594,POST_REMEDIATION,Network: Ephemeral UDP/DNS Exfiltration,3. Unauthorized DNS TXT Exfiltration,ATTACK,OBSERVED,REJECTED,DETECTED,true,14
2,1596,POST_REMEDIATION,Network: Ephemeral UDP/DNS Exfiltration,4. Stateless UDP Socket Egress,ATTACK,OBSERVED,REJECTED,DETECTED,true,14
2,1598,POST_REMEDIATION,Network: Ephemeral UDP/DNS Exfiltration,3. Unauthorized DNS TXT Exfiltration,ATTACK,OBSERVED,REJECTED,DETECTED,true,14
2,1600,POST_REMEDIATION,Network: Ephemeral UDP/DNS Exfiltration,4. Stateless UDP Socket Egress,ATTACK,OBSERVED,REJECTED,DETECTED,true,14
3,1602,POST_REMEDIATION,Source: Commit Author/Email Spoofing,Case B: Unsigned Commit (Author Spoofed),ATTACK,OBSERVED,REJECTED,DETECTED,true,12
3,1604,POST_REMEDIATION,Source: Commit Author/Email Spoofing,Case B: Unsigned Commit (Author Spoofed),ATTACK,OBSERVED,REJECTED,DETECTED,true,12
3,1606,POST_REMEDIATION,Source: Commit Author/Email Spoofing,Case B: Unsigned Commit (Author Spoofed),ATTACK,OBSERVED,REJECTED,DETECTED,true,12
3,1608,POST_REMEDIATION,Source: Commit Author/Email Spoofing,Case B: Unsigned Commit (Author Spoofed),ATTACK,OBSERVED,REJECTED,DETECTED,true,12
3,1610,POST_REMEDIATION,Source: Commit Author/Email Spoofing,Case B: Unsigned Commit (Author Spoofed),ATTACK,OBSERVED,REJECTED,DETECTED,true,12
3,1612,POST_REMEDIATION,Source: Commit Author/Email Spoofing,Case B: Unsigned Commit (Author Spoofed),ATTACK,OBSERVED,REJECTED,DETECTED,true,12
3,1614,POST_REMEDIATION,Source: Commit Author/Email Spoofing,Case B: Unsigned Commit (Author Spoofed),ATTACK,OBSERVED,REJECTED,DETECTED,true,12
3,1616,POST_REMEDIATION,Source: Commit Author/Email Spoofing,Case B: Unsigned Commit (Author Spoofed),ATTACK,OBSERVED,REJECTED,DETECTED,true,12
3,1618,POST_REMEDIATION,Source: Commit Author/Email Spoofing,Case B: Unsigned Commit (Author Spoofed),ATTACK,OBSERVED,REJECTED,DETECTED,true,12
3,1620,POST_REMEDIATION,Source: Commit Author/Email Spoofing,Case B: Unsigned Commit (Author Spoofed),ATTACK,OBSERVED,REJECTED,DETECTED,true,12
3,1622,POST_REMEDIATION,Source: Commit Author/Email Spoofing,Case B: Unsigned Commit (Author Spoofed),ATTACK,OBSERVED,REJECTED,DETECTED,true,12
3,1624,POST_REMEDIATION,Source: Commit Author/Email Spoofing,Case B: Unsigned Commit (Author Spoofed),ATTACK,OBSERVED,REJECTED,DETECTED,true,12
3,1626,POST_REMEDIATION,Source: Commit Author/Email Spoofing,Case B: Unsigned Commit (Author Spoofed),ATTACK,OBSERVED,REJECTED,DETECTED,true,12
3,1628,POST_REMEDIATION,Source: Commit Author/Email Spoofing,Case B: Unsigned Commit (Author Spoofed),ATTACK,OBSERVED,REJECTED,DETECTED,true,12
3,1630,POST_REMEDIATION,Source: Commit Author/Email Spoofing,Case B: Unsigned Commit (Author Spoofed),ATTACK,OBSERVED,REJECTED,DETECTED,true,12
3,1632,POST_REMEDIATION,Source: Commit Author/Email Spoofing,Case B: Unsigned Commit (Author Spoofed),ATTACK,OBSERVED,REJECTED,DETECTED,true,12
3,1634,POST_REMEDIATION,Source: Commit Author/Email Spoofing,Case B: Unsigned Commit (Author Spoofed),ATTACK,OBSERVED,REJECTED,DETECTED,true,12
3,1636,POST_REMEDIATION,Source: Commit Author/Email Spoofing,Case B: Unsigned Commit (Author Spoofed),ATTACK,OBSERVED,REJECTED,DETECTED,true,12
3,1638,POST_REMEDIATION,Source: Commit Author/Email Spoofing,Case B: Unsigned Commit (Author Spoofed),ATTACK,OBSERVED,REJECTED,DETECTED,true,12
3,1640,POST_REMEDIATION,Source: Commit Author/Email Spoofing,Case B: Unsigned Commit (Author Spoofed),ATTACK,OBSERVED,REJECTED,DETECTED,true,12
3,1642,POST_REMEDIATION,Source: Commit Author/Email Spoofing,Case B: Unsigned Commit (Author Spoofed),ATTACK,OBSERVED,REJECTED,DETECTED,true,12
3,1644,POST_REMEDIATION,Source: Commit Author/Email Spoofing,Case B: Unsigned Commit (Author Spoofed),ATTACK,OBSERVED,REJECTED,DETECTED,true,12
3,1646,POST_REMEDIATION,Source: Commit Author/Email Spoofing,Case B: Unsigned Commit (Author Spoofed),ATTACK,OBSERVED,REJECTED,DETECTED,true,12
3,1648,POST_REMEDIATION,Source: Commit Author/Email Spoofing,Case B: Unsigned Commit (Author Spoofed),ATTACK,OBSERVED,REJECTED,DETECTED,true,12
3,1650,POST_REMEDIATION,Source: Commit Author/Email Spoofing,Case B: Unsigned Commit (Author Spoofed),ATTACK,OBSERVED,REJECTED,DETECTED,true,12
3,1652,POST_REMEDIATION,Source: Commit Author/Email Spoofing,Case B: Unsigned Commit (Author Spoofed),ATTACK,OBSERVED,REJECTED,DETECTED,true,12
3,1654,POST_REMEDIATION,Source: Commit Author/Email Spoofing,Case B: Unsigned Commit (Author Spoofed),ATTACK,OBSERVED,REJECTED,DETECTED,true,12
3,1656,POST_REMEDIATION,Source: Commit Author/Email Spoofing,Case B: Unsigned Commit (Author Spoofed),ATTACK,OBSERVED,REJECTED,DETECTED,true,12
3,1658,POST_REMEDIATION,Source: Commit Author/Email Spoofing,Case B: Unsigned Commit (Author Spoofed),ATTACK,OBSERVED,REJECTED,DETECTED,true,12
3,1660,POST_REMEDIATION,Source: Commit Author/Email Spoofing,Case B: Unsigned Commit (Author Spoofed),ATTACK,OBSERVED,REJECTED,DETECTED,true,12
3,1662,POST_REMEDIATION,Source: Commit Author/Email Spoofing,Case B: Unsigned Commit (Author Spoofed),ATTACK,OBSERVED,REJECTED,DETECTED,true,12
3,1664,POST_REMEDIATION,Source: Commit Author/Email Spoofing,Case B: Unsigned Commit (Author Spoofed),ATTACK,OBSERVED,REJECTED,DETECTED,true,12
3,1666,POST_REMEDIATION,Source: Commit Author/Email Spoofing,Case B: Unsigned Commit (Author Spoofed),ATTACK,OBSERVED,REJECTED,DETECTED,true,12
3,1668,POST_REMEDIATION,Source: Commit Author/Email Spoofing,Case B: Unsigned Commit (Author Spoofed),ATTACK,OBSERVED,REJECTED,DETECTED,true,12
3,1670,POST_REMEDIATION,Source: Commit Author/Email Spoofing,Case B: Unsigned Commit (Author Spoofed),ATTACK,OBSERVED,REJECTED,DETECTED,true,12
3,1672,POST_REMEDIATION,Source: Commit Author/Email Spoofing,Case B: Unsigned Commit (Author Spoofed),ATTACK,OBSERVED,REJECTED,DETECTED,true,12
3,1674,POST_REMEDIATION,Source: Commit Author/Email Spoofing,Case B: Unsigned Commit (Author Spoofed),ATTACK,OBSERVED,REJECTED,DETECTED,true,12
3,1676,POST_REMEDIATION,Source: Commit Author/Email Spoofing,Case B: Unsigned Commit (Author Spoofed),ATTACK,OBSERVED,REJECTED,DETECTED,true,12
3,1678,POST_REMEDIATION,Source: Commit Author/Email Spoofing,Case B: Unsigned Commit (Author Spoofed),ATTACK,OBSERVED,REJECTED,DETECTED,true,12
3,1680,POST_REMEDIATION,Source: Commit Author/Email Spoofing,Case B: Unsigned Commit (Author Spoofed),ATTACK,OBSERVED,REJECTED,DETECTED,true,12
3,1682,POST_REMEDIATION,Source: Commit Author/Email Spoofing,Case B: Unsigned Commit (Author Spoofed),ATTACK,OBSERVED,REJECTED,DETECTED,true,12
3,1684,POST_REMEDIATION,Source: Commit Author/Email Spoofing,Case B: Unsigned Commit (Author Spoofed),ATTACK,OBSERVED,REJECTED,DETECTED,true,12
3,1686,POST_REMEDIATION,Source: Commit Author/Email Spoofing,Case B: Unsigned Commit (Author Spoofed),ATTACK,OBSERVED,REJECTED,DETECTED,true,12
3,1688,POST_REMEDIATION,Source: Commit Author/Email Spoofing,Case B: Unsigned Commit (Author Spoofed),ATTACK,OBSERVED,REJECTED,DETECTED,true,12
3,1690,POST_REMEDIATION,Source: Commit Author/Email Spoofing,Case B: Unsigned Commit (Author Spoofed),ATTACK,OBSERVED,REJECTED,DETECTED,true,12
3,1692,POST_REMEDIATION,Source: Commit Author/Email Spoofing,Case B: Unsigned Commit (Author Spoofed),ATTACK,OBSERVED,REJECTED,DETECTED,true,12
3,1694,POST_REMEDIATION,Source: Commit Author/Email Spoofing,Case B: Unsigned Commit (Author Spoofed),ATTACK,OBSERVED,REJECTED,DETECTED,true,12
3,1696,POST_REMEDIATION,Source: Commit Author/Email Spoofing,Case B: Unsigned Commit (Author Spoofed),ATTACK,OBSERVED,REJECTED,DETECTED,true,12
3,1698,POST_REMEDIATION,Source: Commit Author/Email Spoofing,Case B: Unsigned Commit (Author Spoofed),ATTACK,OBSERVED,REJECTED,DETECTED,true,12
3,1700,POST_REMEDIATION,Source: Commit Author/Email Spoofing,Case B: Unsigned Commit (Author Spoofed),ATTACK,OBSERVED,REJECTED,DETECTED,true,12
3,1702,POST_REMEDIATION,Source: Commit Author/Email Spoofing,Case B: Unsigned Commit (Author Spoofed),ATTACK,OBSERVED,REJECTED,DETECTED,true,12
3,1704,POST_REMEDIATION,Source: Commit Author/Email Spoofing,Case B: Unsigned Commit (Author Spoofed),ATTACK,OBSERVED,REJECTED,DETECTED,true,12
3,1706,POST_REMEDIATION,Source: Commit Author/Email Spoofing,Case B: Unsigned Commit (Author Spoofed),ATTACK,OBSERVED,REJECTED,DETECTED,true,12
3,1708,POST_REMEDIATION,Source: Commit Author/Email Spoofing,Case B: Unsigned Commit (Author Spoofed),ATTACK,OBSERVED,REJECTED,DETECTED,true,12
3,1710,POST_REMEDIATION,Source: Commit Author/Email Spoofing,Case B: Unsigned Commit (Author Spoofed),ATTACK,OBSERVED,REJECTED,DETECTED,true,12
3,1712,POST_REMEDIATION,Source: Commit Author/Email Spoofing,Case B: Unsigned Commit (Author Spoofed),ATTACK,OBSERVED,REJECTED,DETECTED,true,12
3,1714,POST_REMEDIATION,Source: Commit Author/Email Spoofing,Case B: Unsigned Commit (Author Spoofed),ATTACK,OBSERVED,REJECTED,DETECTED,true,12
3,1716,POST_REMEDIATION,Source: Commit Author/Email Spoofing,Case B: Unsigned Commit (Author Spoofed),ATTACK,OBSERVED,REJECTED,DETECTED,true,12
3,1718,POST_REMEDIATION,Source: Commit Author/Email Spoofing,Case B: Unsigned Commit (Author Spoofed),ATTACK,OBSERVED,REJECTED,DETECTED,true,12
3,1720,POST_REMEDIATION,Source: Commit Author/Email Spoofing,Case B: Unsigned Commit (Author Spoofed),ATTACK,OBSERVED,REJECTED,DETECTED,true,12
3,1722,POST_REMEDIATION,Source: Commit Author/Email Spoofing,Case B: Unsigned Commit (Author Spoofed),ATTACK,OBSERVED,REJECTED,DETECTED,true,12
3,1724,POST_REMEDIATION,Source: Commit Author/Email Spoofing,Case B: Unsigned Commit (Author Spoofed),ATTACK,OBSERVED,REJECTED,DETECTED,true,12
3,1726,POST_REMEDIATION,Source: Commit Author/Email Spoofing,Case B: Unsigned Commit (Author Spoofed),ATTACK,OBSERVED,REJECTED,DETECTED,true,12
3,1728,POST_REMEDIATION,Source: Commit Author/Email Spoofing,Case B: Unsigned Commit (Author Spoofed),ATTACK,OBSERVED,REJECTED,DETECTED,true,12
3,1730,POST_REMEDIATION,Source: Commit Author/Email Spoofing,Case B: Unsigned Commit (Author Spoofed),ATTACK,OBSERVED,REJECTED,DETECTED,true,12
3,1732,POST_REMEDIATION,Source: Commit Author/Email Spoofing,Case B: Unsigned Commit (Author Spoofed),ATTACK,OBSERVED,REJECTED,DETECTED,true,12
3,1734,POST_REMEDIATION,Source: Commit Author/Email Spoofing,Case B: Unsigned Commit (Author Spoofed),ATTACK,OBSERVED,REJECTED,DETECTED,true,12
3,1736,POST_REMEDIATION,Source: Commit Author/Email Spoofing,Case B: Unsigned Commit (Author Spoofed),ATTACK,OBSERVED,REJECTED,DETECTED,true,12
3,1738,POST_REMEDIATION,Source: Commit Author/Email Spoofing,Case B: Unsigned Commit (Author Spoofed),ATTACK,OBSERVED,REJECTED,DETECTED,true,12
3,1740,POST_REMEDIATION,Source: Commit Author/Email Spoofing,Case B: Unsigned Commit (Author Spoofed),ATTACK,OBSERVED,REJECTED,DETECTED,true,12
3,1742,POST_REMEDIATION,Source: Commit Author/Email Spoofing,Case B: Unsigned Commit (Author Spoofed),ATTACK,OBSERVED,REJECTED,DETECTED,true,12
3,1744,POST_REMEDIATION,Source: Commit Author/Email Spoofing,Case B: Unsigned Commit (Author Spoofed),ATTACK,OBSERVED,REJECTED,DETECTED,true,12
3,1746,POST_REMEDIATION,Source: Commit Author/Email Spoofing,Case B: Unsigned Commit (Author Spoofed),ATTACK,OBSERVED,REJECTED,DETECTED,true,12
3,1748,POST_REMEDIATION,Source: Commit Author/Email Spoofing,Case B: Unsigned Commit (Author Spoofed),ATTACK,OBSERVED,REJECTED,DETECTED,true,12
3,1750,POST_REMEDIATION,Source: Commit Author/Email Spoofing,Case B: Unsigned Commit (Author Spoofed),ATTACK,OBSERVED,REJECTED,DETECTED,true,12
3,1752,POST_REMEDIATION,Source: Commit Author/Email Spoofing,Case B: Unsigned Commit (Author Spoofed),ATTACK,OBSERVED,REJECTED,DETECTED,true,12
3,1754,POST_REMEDIATION,Source: Commit Author/Email Spoofing,Case B: Unsigned Commit (Author Spoofed),ATTACK,OBSERVED,REJECTED,DETECTED,true,12
3,1756,POST_REMEDIATION,Source: Commit Author/Email Spoofing,Case B: Unsigned Commit (Author Spoofed),ATTACK,OBSERVED,REJECTED,DETECTED,true,12
3,1758,POST_REMEDIATION,Source: Commit Author/Email Spoofing,Case B: Unsigned Commit (Author Spoofed),ATTACK,OBSERVED,REJECTED,DETECTED,true,12
3,1760,POST_REMEDIATION,Source: Commit Author/Email Spoofing,Case B: Unsigned Commit (Author Spoofed),ATTACK,OBSERVED,REJECTED,DETECTED,true,12
3,1762,POST_REMEDIATION,Source: Commit Author/Email Spoofing,Case B: Unsigned Commit (Author Spoofed),ATTACK,OBSERVED,REJECTED,DETECTED,true,12
3,1764,POST_REMEDIATION,Source: Commit Author/Email Spoofing,Case B: Unsigned Commit (Author Spoofed),ATTACK,OBSERVED,REJECTED,DETECTED,true,12
3,1766,POST_REMEDIATION,Source: Commit Author/Email Spoofing,Case B: Unsigned Commit (Author Spoofed),ATTACK,OBSERVED,REJECTED,DETECTED,true,12
3,1768,POST_REMEDIATION,Source: Commit Author/Email Spoofing,Case B: Unsigned Commit (Author Spoofed),ATTACK,OBSERVED,REJECTED,DETECTED,true,12
3,1770,POST_REMEDIATION,Source: Commit Author/Email Spoofing,Case B: Unsigned Commit (Author Spoofed),ATTACK,OBSERVED,REJECTED,DETECTED,true,12
3,1772,POST_REMEDIATION,Source: Commit Author/Email Spoofing,Case B: Unsigned Commit (Author Spoofed),ATTACK,OBSERVED,REJECTED,DETECTED,true,12
3,1774,POST_REMEDIATION,Source: Commit Author/Email Spoofing,Case B: Unsigned Commit (Author Spoofed),ATTACK,OBSERVED,REJECTED,DETECTED,true,12
3,1776,POST_REMEDIATION,Source: Commit Author/Email Spoofing,Case B: Unsigned Commit (Author Spoofed),ATTACK,OBSERVED,REJECTED,DETECTED,true,12
3,1778,POST_REMEDIATION,Source: Commit Author/Email Spoofing,Case B: Unsigned Commit (Author Spoofed),ATTACK,OBSERVED,REJECTED,DETECTED,true,12
3,1780,POST_REMEDIATION,Source: Commit Author/Email Spoofing,Case B: Unsigned Commit (Author Spoofed),ATTACK,OBSERVED,REJECTED,DETECTED,true,12
3,1782,POST_REMEDIATION,Source: Commit Author/Email Spoofing,Case B: Unsigned Commit (Author Spoofed),ATTACK,OBSERVED,REJECTED,DETECTED,true,12
3,1784,POST_REMEDIATION,Source: Commit Author/Email Spoofing,Case B: Unsigned Commit (Author Spoofed),ATTACK,OBSERVED,REJECTED,DETECTED,true,12
3,1786,POST_REMEDIATION,Source: Commit Author/Email Spoofing,Case B: Unsigned Commit (Author Spoofed),ATTACK,OBSERVED,REJECTED,DETECTED,true,12
3,1788,POST_REMEDIATION,Source: Commit Author/Email Spoofing,Case B: Unsigned Commit (Author Spoofed),ATTACK,OBSERVED,REJECTED,DETECTED,true,12
3,1790,POST_REMEDIATION,Source: Commit Author/Email Spoofing,Case B: Unsigned Commit (Author Spoofed),ATTACK,OBSERVED,REJECTED,DETECTED,true,12
3,1792,POST_REMEDIATION,Source: Commit Author/Email Spoofing,Case B: Unsigned Commit (Author Spoofed),ATTACK,OBSERVED,REJECTED,DETECTED,true,12
3,1794,POST_REMEDIATION,Source: Commit Author/Email Spoofing,Case B: Unsigned Commit (Author Spoofed),ATTACK,OBSERVED,REJECTED,DETECTED,true,12
3,1796,POST_REMEDIATION,Source: Commit Author/Email Spoofing,Case B: Unsigned Commit (Author Spoofed),ATTACK,OBSERVED,REJECTED,DETECTED,true,12
3,1798,POST_REMEDIATION,Source: Commit Author/Email Spoofing,Case B: Unsigned Commit (Author Spoofed),ATTACK,OBSERVED,REJECTED,DETECTED,true,12
3,1800,POST_REMEDIATION,Source: Commit Author/Email Spoofing,Case B: Unsigned Commit (Author Spoofed),ATTACK,OBSERVED,REJECTED,DETECTED,true,12
3,1802,POST_REMEDIATION,Process: Short-Lived Subprocess (Polling Evasion),<1 ms,ATTACK,OBSERVED,REJECTED,DETECTED,true,16
3,1804,POST_REMEDIATION,Process: Short-Lived Subprocess (Polling Evasion),1–5 ms,ATTACK,OBSERVED,REJECTED,DETECTED,true,16
3,1806,POST_REMEDIATION,Process: Short-Lived Subprocess (Polling Evasion),5–10 ms,ATTACK,OBSERVED,REJECTED,DETECTED,true,16
3,1808,POST_REMEDIATION,Process: Short-Lived Subprocess (Polling Evasion),<1 ms,ATTACK,OBSERVED,REJECTED,DETECTED,true,16
3,1810,POST_REMEDIATION,Process: Short-Lived Subprocess (Polling Evasion),1–5 ms,ATTACK,OBSERVED,REJECTED,DETECTED,true,16
3,1812,POST_REMEDIATION,Process: Short-Lived Subprocess (Polling Evasion),5–10 ms,ATTACK,OBSERVED,REJECTED,DETECTED,true,16
3,1814,POST_REMEDIATION,Process: Short-Lived Subprocess (Polling Evasion),<1 ms,ATTACK,OBSERVED,REJECTED,DETECTED,true,16
3,1816,POST_REMEDIATION,Process: Short-Lived Subprocess (Polling Evasion),1–5 ms,ATTACK,OBSERVED,REJECTED,DETECTED,true,16
3,1818,POST_REMEDIATION,Process: Short-Lived Subprocess (Polling Evasion),5–10 ms,ATTACK,OBSERVED,REJECTED,DETECTED,true,16
3,1820,POST_REMEDIATION,Process: Short-Lived Subprocess (Polling Evasion),<1 ms,ATTACK,OBSERVED,REJECTED,DETECTED,true,16
3,1822,POST_REMEDIATION,Process: Short-Lived Subprocess (Polling Evasion),1–5 ms,ATTACK,OBSERVED,REJECTED,DETECTED,true,16
3,1824,POST_REMEDIATION,Process: Short-Lived Subprocess (Polling Evasion),5–10 ms,ATTACK,OBSERVED,REJECTED,DETECTED,true,16
3,1826,POST_REMEDIATION,Process: Short-Lived Subprocess (Polling Evasion),<1 ms,ATTACK,OBSERVED,REJECTED,DETECTED,true,16
3,1828,POST_REMEDIATION,Process: Short-Lived Subprocess (Polling Evasion),1–5 ms,ATTACK,OBSERVED,REJECTED,DETECTED,true,16
3,1830,POST_REMEDIATION,Process: Short-Lived Subprocess (Polling Evasion),5–10 ms,ATTACK,OBSERVED,REJECTED,DETECTED,true,16
3,1832,POST_REMEDIATION,Process: Short-Lived Subprocess (Polling Evasion),<1 ms,ATTACK,OBSERVED,REJECTED,DETECTED,true,16
3,1834,POST_REMEDIATION,Process: Short-Lived Subprocess (Polling Evasion),1–5 ms,ATTACK,OBSERVED,REJECTED,DETECTED,true,16
3,1836,POST_REMEDIATION,Process: Short-Lived Subprocess (Polling Evasion),5–10 ms,ATTACK,OBSERVED,REJECTED,DETECTED,true,16
3,1838,POST_REMEDIATION,Process: Short-Lived Subprocess (Polling Evasion),<1 ms,ATTACK,OBSERVED,REJECTED,DETECTED,true,16
3,1840,POST_REMEDIATION,Process: Short-Lived Subprocess (Polling Evasion),1–5 ms,ATTACK,OBSERVED,REJECTED,DETECTED,true,16
3,1842,POST_REMEDIATION,Process: Short-Lived Subprocess (Polling Evasion),5–10 ms,ATTACK,OBSERVED,REJECTED,DETECTED,true,16
3,1844,POST_REMEDIATION,Process: Short-Lived Subprocess (Polling Evasion),<1 ms,ATTACK,OBSERVED,REJECTED,DETECTED,true,16
3,1846,POST_REMEDIATION,Process: Short-Lived Subprocess (Polling Evasion),1–5 ms,ATTACK,OBSERVED,REJECTED,DETECTED,true,16
3,1848,POST_REMEDIATION,Process: Short-Lived Subprocess (Polling Evasion),5–10 ms,ATTACK,OBSERVED,REJECTED,DETECTED,true,16
3,1850,POST_REMEDIATION,Process: Short-Lived Subprocess (Polling Evasion),<1 ms,ATTACK,OBSERVED,REJECTED,DETECTED,true,16
3,1852,POST_REMEDIATION,Process: Short-Lived Subprocess (Polling Evasion),1–5 ms,ATTACK,OBSERVED,REJECTED,DETECTED,true,16
3,1854,POST_REMEDIATION,Process: Short-Lived Subprocess (Polling Evasion),5–10 ms,ATTACK,OBSERVED,REJECTED,DETECTED,true,16
3,1856,POST_REMEDIATION,Process: Short-Lived Subprocess (Polling Evasion),<1 ms,ATTACK,OBSERVED,REJECTED,DETECTED,true,16
3,1858,POST_REMEDIATION,Process: Short-Lived Subprocess (Polling Evasion),1–5 ms,ATTACK,OBSERVED,REJECTED,DETECTED,true,16
3,1860,POST_REMEDIATION,Process: Short-Lived Subprocess (Polling Evasion),5–10 ms,ATTACK,OBSERVED,REJECTED,DETECTED,true,16
3,1862,POST_REMEDIATION,Process: Short-Lived Subprocess (Polling Evasion),<1 ms,ATTACK,OBSERVED,REJECTED,DETECTED,true,16
3,1864,POST_REMEDIATION,Process: Short-Lived Subprocess (Polling Evasion),1–5 ms,ATTACK,OBSERVED,REJECTED,DETECTED,true,16
3,1866,POST_REMEDIATION,Process: Short-Lived Subprocess (Polling Evasion),5–10 ms,ATTACK,OBSERVED,REJECTED,DETECTED,true,16
3,1868,POST_REMEDIATION,Process: Short-Lived Subprocess (Polling Evasion),<1 ms,ATTACK,OBSERVED,REJECTED,DETECTED,true,16
3,1870,POST_REMEDIATION,Process: Short-Lived Subprocess (Polling Evasion),1–5 ms,ATTACK,OBSERVED,REJECTED,DETECTED,true,16
3,1872,POST_REMEDIATION,Process: Short-Lived Subprocess (Polling Evasion),5–10 ms,ATTACK,OBSERVED,REJECTED,DETECTED,true,16
3,1874,POST_REMEDIATION,Process: Short-Lived Subprocess (Polling Evasion),<1 ms,ATTACK,OBSERVED,REJECTED,DETECTED,true,16
3,1876,POST_REMEDIATION,Process: Short-Lived Subprocess (Polling Evasion),1–5 ms,ATTACK,OBSERVED,REJECTED,DETECTED,true,16
3,1878,POST_REMEDIATION,Process: Short-Lived Subprocess (Polling Evasion),5–10 ms,ATTACK,OBSERVED,REJECTED,DETECTED,true,16
3,1880,POST_REMEDIATION,Process: Short-Lived Subprocess (Polling Evasion),<1 ms,ATTACK,OBSERVED,REJECTED,DETECTED,true,16
3,1882,POST_REMEDIATION,Process: Short-Lived Subprocess (Polling Evasion),1–5 ms,ATTACK,OBSERVED,REJECTED,DETECTED,true,16
3,1884,POST_REMEDIATION,Process: Short-Lived Subprocess (Polling Evasion),5–10 ms,ATTACK,OBSERVED,REJECTED,DETECTED,true,16
3,1886,POST_REMEDIATION,Process: Short-Lived Subprocess (Polling Evasion),<1 ms,ATTACK,OBSERVED,REJECTED,DETECTED,true,16
3,1888,POST_REMEDIATION,Process: Short-Lived Subprocess (Polling Evasion),1–5 ms,ATTACK,OBSERVED,REJECTED,DETECTED,true,16
3,1890,POST_REMEDIATION,Process: Short-Lived Subprocess (Polling Evasion),5–10 ms,ATTACK,OBSERVED,REJECTED,DETECTED,true,16
3,1892,POST_REMEDIATION,Process: Short-Lived Subprocess (Polling Evasion),<1 ms,ATTACK,OBSERVED,REJECTED,DETECTED,true,16
3,1894,POST_REMEDIATION,Process: Short-Lived Subprocess (Polling Evasion),1–5 ms,ATTACK,OBSERVED,REJECTED,DETECTED,true,16
3,1896,POST_REMEDIATION,Process: Short-Lived Subprocess (Polling Evasion),5–10 ms,ATTACK,OBSERVED,REJECTED,DETECTED,true,16
3,1898,POST_REMEDIATION,Process: Short-Lived Subprocess (Polling Evasion),<1 ms,ATTACK,OBSERVED,REJECTED,DETECTED,true,16
3,1900,POST_REMEDIATION,Process: Short-Lived Subprocess (Polling Evasion),1–5 ms,ATTACK,OBSERVED,REJECTED,DETECTED,true,16
3,1902,POST_REMEDIATION,Process: Short-Lived Subprocess (Polling Evasion),5–10 ms,ATTACK,OBSERVED,REJECTED,DETECTED,true,16
3,1904,POST_REMEDIATION,Process: Short-Lived Subprocess (Polling Evasion),<1 ms,ATTACK,OBSERVED,REJECTED,DETECTED,true,16
3,1906,POST_REMEDIATION,Process: Short-Lived Subprocess (Polling Evasion),1–5 ms,ATTACK,OBSERVED,REJECTED,DETECTED,true,16
3,1908,POST_REMEDIATION,Process: Short-Lived Subprocess (Polling Evasion),5–10 ms,ATTACK,OBSERVED,REJECTED,DETECTED,true,16
3,1910,POST_REMEDIATION,Process: Short-Lived Subprocess (Polling Evasion),<1 ms,ATTACK,OBSERVED,REJECTED,DETECTED,true,16
3,1912,POST_REMEDIATION,Process: Short-Lived Subprocess (Polling Evasion),1–5 ms,ATTACK,OBSERVED,REJECTED,DETECTED,true,16
3,1914,POST_REMEDIATION,Process: Short-Lived Subprocess (Polling Evasion),5–10 ms,ATTACK,OBSERVED,REJECTED,DETECTED,true,16
3,1916,POST_REMEDIATION,Process: Short-Lived Subprocess (Polling Evasion),<1 ms,ATTACK,OBSERVED,REJECTED,DETECTED,true,16
3,1918,POST_REMEDIATION,Process: Short-Lived Subprocess (Polling Evasion),1–5 ms,ATTACK,OBSERVED,REJECTED,DETECTED,true,16
3,1920,POST_REMEDIATION,Process: Short-Lived Subprocess (Polling Evasion),5–10 ms,ATTACK,OBSERVED,REJECTED,DETECTED,true,16
3,1922,POST_REMEDIATION,Process: Short-Lived Subprocess (Polling Evasion),<1 ms,ATTACK,OBSERVED,REJECTED,DETECTED,true,16
3,1924,POST_REMEDIATION,Process: Short-Lived Subprocess (Polling Evasion),1–5 ms,ATTACK,OBSERVED,REJECTED,DETECTED,true,16
3,1926,POST_REMEDIATION,Process: Short-Lived Subprocess (Polling Evasion),5–10 ms,ATTACK,OBSERVED,REJECTED,DETECTED,true,16
3,1928,POST_REMEDIATION,Process: Short-Lived Subprocess (Polling Evasion),<1 ms,ATTACK,OBSERVED,REJECTED,DETECTED,true,16
3,1930,POST_REMEDIATION,Process: Short-Lived Subprocess (Polling Evasion),1–5 ms,ATTACK,OBSERVED,REJECTED,DETECTED,true,16
3,1932,POST_REMEDIATION,Process: Short-Lived Subprocess (Polling Evasion),5–10 ms,ATTACK,OBSERVED,REJECTED,DETECTED,true,16
3,1934,POST_REMEDIATION,Process: Short-Lived Subprocess (Polling Evasion),<1 ms,ATTACK,OBSERVED,REJECTED,DETECTED,true,16
3,1936,POST_REMEDIATION,Process: Short-Lived Subprocess (Polling Evasion),1–5 ms,ATTACK,OBSERVED,REJECTED,DETECTED,true,16
3,1938,POST_REMEDIATION,Process: Short-Lived Subprocess (Polling Evasion),5–10 ms,ATTACK,OBSERVED,REJECTED,DETECTED,true,16
3,1940,POST_REMEDIATION,Process: Short-Lived Subprocess (Polling Evasion),<1 ms,ATTACK,OBSERVED,REJECTED,DETECTED,true,16
3,1942,POST_REMEDIATION,Process: Short-Lived Subprocess (Polling Evasion),1–5 ms,ATTACK,OBSERVED,REJECTED,DETECTED,true,16
3,1944,POST_REMEDIATION,Process: Short-Lived Subprocess (Polling Evasion),5–10 ms,ATTACK,OBSERVED,REJECTED,DETECTED,true,16
3,1946,POST_REMEDIATION,Process: Short-Lived Subprocess (Polling Evasion),<1 ms,ATTACK,OBSERVED,REJECTED,DETECTED,true,16
3,1948,POST_REMEDIATION,Process: Short-Lived Subprocess (Polling Evasion),1–5 ms,ATTACK,OBSERVED,REJECTED,DETECTED,true,16
3,1950,POST_REMEDIATION,Process: Short-Lived Subprocess (Polling Evasion),5–10 ms,ATTACK,OBSERVED,REJECTED,DETECTED,true,16
3,1952,POST_REMEDIATION,Process: Short-Lived Subprocess (Polling Evasion),<1 ms,ATTACK,OBSERVED,REJECTED,DETECTED,true,16
3,1954,POST_REMEDIATION,Process: Short-Lived Subprocess (Polling Evasion),1–5 ms,ATTACK,OBSERVED,REJECTED,DETECTED,true,16
3,1956,POST_REMEDIATION,Process: Short-Lived Subprocess (Polling Evasion),5–10 ms,ATTACK,OBSERVED,REJECTED,DETECTED,true,16
3,1958,POST_REMEDIATION,Process: Short-Lived Subprocess (Polling Evasion),<1 ms,ATTACK,OBSERVED,REJECTED,DETECTED,true,16
3,1960,POST_REMEDIATION,Process: Short-Lived Subprocess (Polling Evasion),1–5 ms,ATTACK,OBSERVED,REJECTED,DETECTED,true,16
3,1962,POST_REMEDIATION,Process: Short-Lived Subprocess (Polling Evasion),5–10 ms,ATTACK,OBSERVED,REJECTED,DETECTED,true,16
3,1964,POST_REMEDIATION,Process: Short-Lived Subprocess (Polling Evasion),<1 ms,ATTACK,OBSERVED,REJECTED,DETECTED,true,16
3,1966,POST_REMEDIATION,Process: Short-Lived Subprocess (Polling Evasion),1–5 ms,ATTACK,OBSERVED,REJECTED,DETECTED,true,16
3,1968,POST_REMEDIATION,Process: Short-Lived Subprocess (Polling Evasion),5–10 ms,ATTACK,OBSERVED,REJECTED,DETECTED,true,16
3,1970,POST_REMEDIATION,Process: Short-Lived Subprocess (Polling Evasion),<1 ms,ATTACK,OBSERVED,REJECTED,DETECTED,true,16
3,1972,POST_REMEDIATION,Process: Short-Lived Subprocess (Polling Evasion),1–5 ms,ATTACK,OBSERVED,REJECTED,DETECTED,true,16
3,1974,POST_REMEDIATION,Process: Short-Lived Subprocess (Polling Evasion),5–10 ms,ATTACK,OBSERVED,REJECTED,DETECTED,true,16
3,1976,POST_REMEDIATION,Process: Short-Lived Subprocess (Polling Evasion),<1 ms,ATTACK,OBSERVED,REJECTED,DETECTED,true,16
3,1978,POST_REMEDIATION,Process: Short-Lived Subprocess (Polling Evasion),1–5 ms,ATTACK,OBSERVED,REJECTED,DETECTED,true,16
3,1980,POST_REMEDIATION,Process: Short-Lived Subprocess (Polling Evasion),5–10 ms,ATTACK,OBSERVED,REJECTED,DETECTED,true,16
3,1982,POST_REMEDIATION,Process: Short-Lived Subprocess (Polling Evasion),<1 ms,ATTACK,OBSERVED,REJECTED,DETECTED,true,16
3,1984,POST_REMEDIATION,Process: Short-Lived Subprocess (Polling Evasion),1–5 ms,ATTACK,OBSERVED,REJECTED,DETECTED,true,16
3,1986,POST_REMEDIATION,Process: Short-Lived Subprocess (Polling Evasion),5–10 ms,ATTACK,OBSERVED,REJECTED,DETECTED,true,16
3,1988,POST_REMEDIATION,Process: Short-Lived Subprocess (Polling Evasion),<1 ms,ATTACK,OBSERVED,REJECTED,DETECTED,true,16
3,1990,POST_REMEDIATION,Process: Short-Lived Subprocess (Polling Evasion),1–5 ms,ATTACK,OBSERVED,REJECTED,DETECTED,true,16
3,1992,POST_REMEDIATION,Process: Short-Lived Subprocess (Polling Evasion),5–10 ms,ATTACK,OBSERVED,REJECTED,DETECTED,true,16
3,1994,POST_REMEDIATION,Process: Short-Lived Subprocess (Polling Evasion),<1 ms,ATTACK,OBSERVED,REJECTED,DETECTED,true,16
3,1996,POST_REMEDIATION,Process: Short-Lived Subprocess (Polling Evasion),1–5 ms,ATTACK,OBSERVED,REJECTED,DETECTED,true,16
3,1998,POST_REMEDIATION,Process: Short-Lived Subprocess (Polling Evasion),5–10 ms,ATTACK,OBSERVED,REJECTED,DETECTED,true,16
3,2000,POST_REMEDIATION,Process: Short-Lived Subprocess (Polling Evasion),<1 ms,ATTACK,OBSERVED,REJECTED,DETECTED,true,16
3,2002,POST_REMEDIATION,Filesystem: Boundary Escape (/tmp or %TEMP%),2. %TEMP% Directory,ATTACK,OBSERVED,REJECTED,DETECTED,true,15
3,2004,POST_REMEDIATION,Filesystem: Boundary Escape (/tmp or %TEMP%),3. User Profile Temp,ATTACK,OBSERVED,REJECTED,DETECTED,true,15
3,2006,POST_REMEDIATION,Filesystem: Boundary Escape (/tmp or %TEMP%),4. Unconfigured Directory,ATTACK,UNOBSERVED,TRUSTED,MISSED,false,15
3,2008,POST_REMEDIATION,Filesystem: Boundary Escape (/tmp or %TEMP%),5. System Directory,ATTACK,UNOBSERVED,TRUSTED,MISSED,false,15
3,2010,POST_REMEDIATION,Filesystem: Boundary Escape (/tmp or %TEMP%),2. %TEMP% Directory,ATTACK,OBSERVED,REJECTED,DETECTED,true,15
3,2012,POST_REMEDIATION,Filesystem: Boundary Escape (/tmp or %TEMP%),3. User Profile Temp,ATTACK,OBSERVED,REJECTED,DETECTED,true,15
3,2014,POST_REMEDIATION,Filesystem: Boundary Escape (/tmp or %TEMP%),4. Unconfigured Directory,ATTACK,UNOBSERVED,TRUSTED,MISSED,false,15
3,2016,POST_REMEDIATION,Filesystem: Boundary Escape (/tmp or %TEMP%),5. System Directory,ATTACK,UNOBSERVED,TRUSTED,MISSED,false,15
3,2018,POST_REMEDIATION,Filesystem: Boundary Escape (/tmp or %TEMP%),2. %TEMP% Directory,ATTACK,OBSERVED,REJECTED,DETECTED,true,15
3,2020,POST_REMEDIATION,Filesystem: Boundary Escape (/tmp or %TEMP%),3. User Profile Temp,ATTACK,OBSERVED,REJECTED,DETECTED,true,15
3,2022,POST_REMEDIATION,Filesystem: Boundary Escape (/tmp or %TEMP%),4. Unconfigured Directory,ATTACK,UNOBSERVED,TRUSTED,MISSED,false,15
3,2024,POST_REMEDIATION,Filesystem: Boundary Escape (/tmp or %TEMP%),5. System Directory,ATTACK,UNOBSERVED,TRUSTED,MISSED,false,15
3,2026,POST_REMEDIATION,Filesystem: Boundary Escape (/tmp or %TEMP%),2. %TEMP% Directory,ATTACK,OBSERVED,REJECTED,DETECTED,true,15
3,2028,POST_REMEDIATION,Filesystem: Boundary Escape (/tmp or %TEMP%),3. User Profile Temp,ATTACK,OBSERVED,REJECTED,DETECTED,true,15
3,2030,POST_REMEDIATION,Filesystem: Boundary Escape (/tmp or %TEMP%),4. Unconfigured Directory,ATTACK,UNOBSERVED,TRUSTED,MISSED,false,15
3,2032,POST_REMEDIATION,Filesystem: Boundary Escape (/tmp or %TEMP%),5. System Directory,ATTACK,UNOBSERVED,TRUSTED,MISSED,false,15
3,2034,POST_REMEDIATION,Filesystem: Boundary Escape (/tmp or %TEMP%),2. %TEMP% Directory,ATTACK,OBSERVED,REJECTED,DETECTED,true,15
3,2036,POST_REMEDIATION,Filesystem: Boundary Escape (/tmp or %TEMP%),3. User Profile Temp,ATTACK,OBSERVED,REJECTED,DETECTED,true,15
3,2038,POST_REMEDIATION,Filesystem: Boundary Escape (/tmp or %TEMP%),4. Unconfigured Directory,ATTACK,UNOBSERVED,TRUSTED,MISSED,false,15
3,2040,POST_REMEDIATION,Filesystem: Boundary Escape (/tmp or %TEMP%),5. System Directory,ATTACK,UNOBSERVED,TRUSTED,MISSED,false,15
3,2042,POST_REMEDIATION,Filesystem: Boundary Escape (/tmp or %TEMP%),2. %TEMP% Directory,ATTACK,OBSERVED,REJECTED,DETECTED,true,15
3,2044,POST_REMEDIATION,Filesystem: Boundary Escape (/tmp or %TEMP%),3. User Profile Temp,ATTACK,OBSERVED,REJECTED,DETECTED,true,15
3,2046,POST_REMEDIATION,Filesystem: Boundary Escape (/tmp or %TEMP%),4. Unconfigured Directory,ATTACK,UNOBSERVED,TRUSTED,MISSED,false,15
3,2048,POST_REMEDIATION,Filesystem: Boundary Escape (/tmp or %TEMP%),5. System Directory,ATTACK,UNOBSERVED,TRUSTED,MISSED,false,15
3,2050,POST_REMEDIATION,Filesystem: Boundary Escape (/tmp or %TEMP%),2. %TEMP% Directory,ATTACK,OBSERVED,REJECTED,DETECTED,true,15
3,2052,POST_REMEDIATION,Filesystem: Boundary Escape (/tmp or %TEMP%),3. User Profile Temp,ATTACK,OBSERVED,REJECTED,DETECTED,true,15
3,2054,POST_REMEDIATION,Filesystem: Boundary Escape (/tmp or %TEMP%),4. Unconfigured Directory,ATTACK,UNOBSERVED,TRUSTED,MISSED,false,15
3,2056,POST_REMEDIATION,Filesystem: Boundary Escape (/tmp or %TEMP%),5. System Directory,ATTACK,UNOBSERVED,TRUSTED,MISSED,false,15
3,2058,POST_REMEDIATION,Filesystem: Boundary Escape (/tmp or %TEMP%),2. %TEMP% Directory,ATTACK,OBSERVED,REJECTED,DETECTED,true,15
3,2060,POST_REMEDIATION,Filesystem: Boundary Escape (/tmp or %TEMP%),3. User Profile Temp,ATTACK,OBSERVED,REJECTED,DETECTED,true,15
3,2062,POST_REMEDIATION,Filesystem: Boundary Escape (/tmp or %TEMP%),4. Unconfigured Directory,ATTACK,UNOBSERVED,TRUSTED,MISSED,false,15
3,2064,POST_REMEDIATION,Filesystem: Boundary Escape (/tmp or %TEMP%),5. System Directory,ATTACK,UNOBSERVED,TRUSTED,MISSED,false,15
3,2066,POST_REMEDIATION,Filesystem: Boundary Escape (/tmp or %TEMP%),2. %TEMP% Directory,ATTACK,OBSERVED,REJECTED,DETECTED,true,15
3,2068,POST_REMEDIATION,Filesystem: Boundary Escape (/tmp or %TEMP%),3. User Profile Temp,ATTACK,OBSERVED,REJECTED,DETECTED,true,15
3,2070,POST_REMEDIATION,Filesystem: Boundary Escape (/tmp or %TEMP%),4. Unconfigured Directory,ATTACK,UNOBSERVED,TRUSTED,MISSED,false,15
3,2072,POST_REMEDIATION,Filesystem: Boundary Escape (/tmp or %TEMP%),5. System Directory,ATTACK,UNOBSERVED,TRUSTED,MISSED,false,15
3,2074,POST_REMEDIATION,Filesystem: Boundary Escape (/tmp or %TEMP%),2. %TEMP% Directory,ATTACK,OBSERVED,REJECTED,DETECTED,true,15
3,2076,POST_REMEDIATION,Filesystem: Boundary Escape (/tmp or %TEMP%),3. User Profile Temp,ATTACK,OBSERVED,REJECTED,DETECTED,true,15
3,2078,POST_REMEDIATION,Filesystem: Boundary Escape (/tmp or %TEMP%),4. Unconfigured Directory,ATTACK,UNOBSERVED,TRUSTED,MISSED,false,15
3,2080,POST_REMEDIATION,Filesystem: Boundary Escape (/tmp or %TEMP%),5. System Directory,ATTACK,UNOBSERVED,TRUSTED,MISSED,false,15
3,2082,POST_REMEDIATION,Filesystem: Boundary Escape (/tmp or %TEMP%),2. %TEMP% Directory,ATTACK,OBSERVED,REJECTED,DETECTED,true,15
3,2084,POST_REMEDIATION,Filesystem: Boundary Escape (/tmp or %TEMP%),3. User Profile Temp,ATTACK,OBSERVED,REJECTED,DETECTED,true,15
3,2086,POST_REMEDIATION,Filesystem: Boundary Escape (/tmp or %TEMP%),4. Unconfigured Directory,ATTACK,UNOBSERVED,TRUSTED,MISSED,false,15
3,2088,POST_REMEDIATION,Filesystem: Boundary Escape (/tmp or %TEMP%),5. System Directory,ATTACK,UNOBSERVED,TRUSTED,MISSED,false,15
3,2090,POST_REMEDIATION,Filesystem: Boundary Escape (/tmp or %TEMP%),2. %TEMP% Directory,ATTACK,OBSERVED,REJECTED,DETECTED,true,15
3,2092,POST_REMEDIATION,Filesystem: Boundary Escape (/tmp or %TEMP%),3. User Profile Temp,ATTACK,OBSERVED,REJECTED,DETECTED,true,15
3,2094,POST_REMEDIATION,Filesystem: Boundary Escape (/tmp or %TEMP%),4. Unconfigured Directory,ATTACK,UNOBSERVED,TRUSTED,MISSED,false,15
3,2096,POST_REMEDIATION,Filesystem: Boundary Escape (/tmp or %TEMP%),5. System Directory,ATTACK,UNOBSERVED,TRUSTED,MISSED,false,15
3,2098,POST_REMEDIATION,Filesystem: Boundary Escape (/tmp or %TEMP%),2. %TEMP% Directory,ATTACK,OBSERVED,REJECTED,DETECTED,true,15
3,2100,POST_REMEDIATION,Filesystem: Boundary Escape (/tmp or %TEMP%),3. User Profile Temp,ATTACK,OBSERVED,REJECTED,DETECTED,true,15
3,2102,POST_REMEDIATION,Filesystem: Boundary Escape (/tmp or %TEMP%),4. Unconfigured Directory,ATTACK,UNOBSERVED,TRUSTED,MISSED,false,15
3,2104,POST_REMEDIATION,Filesystem: Boundary Escape (/tmp or %TEMP%),5. System Directory,ATTACK,UNOBSERVED,TRUSTED,MISSED,false,15
3,2106,POST_REMEDIATION,Filesystem: Boundary Escape (/tmp or %TEMP%),2. %TEMP% Directory,ATTACK,OBSERVED,REJECTED,DETECTED,true,15
3,2108,POST_REMEDIATION,Filesystem: Boundary Escape (/tmp or %TEMP%),3. User Profile Temp,ATTACK,OBSERVED,REJECTED,DETECTED,true,15
3,2110,POST_REMEDIATION,Filesystem: Boundary Escape (/tmp or %TEMP%),4. Unconfigured Directory,ATTACK,UNOBSERVED,TRUSTED,MISSED,false,15
3,2112,POST_REMEDIATION,Filesystem: Boundary Escape (/tmp or %TEMP%),5. System Directory,ATTACK,UNOBSERVED,TRUSTED,MISSED,false,15
3,2114,POST_REMEDIATION,Filesystem: Boundary Escape (/tmp or %TEMP%),2. %TEMP% Directory,ATTACK,OBSERVED,REJECTED,DETECTED,true,15
3,2116,POST_REMEDIATION,Filesystem: Boundary Escape (/tmp or %TEMP%),3. User Profile Temp,ATTACK,OBSERVED,REJECTED,DETECTED,true,15
3,2118,POST_REMEDIATION,Filesystem: Boundary Escape (/tmp or %TEMP%),4. Unconfigured Directory,ATTACK,UNOBSERVED,TRUSTED,MISSED,false,15
3,2120,POST_REMEDIATION,Filesystem: Boundary Escape (/tmp or %TEMP%),5. System Directory,ATTACK,UNOBSERVED,TRUSTED,MISSED,false,15
3,2122,POST_REMEDIATION,Filesystem: Boundary Escape (/tmp or %TEMP%),2. %TEMP% Directory,ATTACK,OBSERVED,REJECTED,DETECTED,true,15
3,2124,POST_REMEDIATION,Filesystem: Boundary Escape (/tmp or %TEMP%),3. User Profile Temp,ATTACK,OBSERVED,REJECTED,DETECTED,true,15
3,2126,POST_REMEDIATION,Filesystem: Boundary Escape (/tmp or %TEMP%),4. Unconfigured Directory,ATTACK,UNOBSERVED,TRUSTED,MISSED,false,15
3,2128,POST_REMEDIATION,Filesystem: Boundary Escape (/tmp or %TEMP%),5. System Directory,ATTACK,UNOBSERVED,TRUSTED,MISSED,false,15
3,2130,POST_REMEDIATION,Filesystem: Boundary Escape (/tmp or %TEMP%),2. %TEMP% Directory,ATTACK,OBSERVED,REJECTED,DETECTED,true,15
3,2132,POST_REMEDIATION,Filesystem: Boundary Escape (/tmp or %TEMP%),3. User Profile Temp,ATTACK,OBSERVED,REJECTED,DETECTED,true,15
3,2134,POST_REMEDIATION,Filesystem: Boundary Escape (/tmp or %TEMP%),4. Unconfigured Directory,ATTACK,UNOBSERVED,TRUSTED,MISSED,false,15
3,2136,POST_REMEDIATION,Filesystem: Boundary Escape (/tmp or %TEMP%),5. System Directory,ATTACK,UNOBSERVED,TRUSTED,MISSED,false,15
3,2138,POST_REMEDIATION,Filesystem: Boundary Escape (/tmp or %TEMP%),2. %TEMP% Directory,ATTACK,OBSERVED,REJECTED,DETECTED,true,15
3,2140,POST_REMEDIATION,Filesystem: Boundary Escape (/tmp or %TEMP%),3. User Profile Temp,ATTACK,OBSERVED,REJECTED,DETECTED,true,15
3,2142,POST_REMEDIATION,Filesystem: Boundary Escape (/tmp or %TEMP%),4. Unconfigured Directory,ATTACK,UNOBSERVED,TRUSTED,MISSED,false,15
3,2144,POST_REMEDIATION,Filesystem: Boundary Escape (/tmp or %TEMP%),5. System Directory,ATTACK,UNOBSERVED,TRUSTED,MISSED,false,15
3,2146,POST_REMEDIATION,Filesystem: Boundary Escape (/tmp or %TEMP%),2. %TEMP% Directory,ATTACK,OBSERVED,REJECTED,DETECTED,true,15
3,2148,POST_REMEDIATION,Filesystem: Boundary Escape (/tmp or %TEMP%),3. User Profile Temp,ATTACK,OBSERVED,REJECTED,DETECTED,true,15
3,2150,POST_REMEDIATION,Filesystem: Boundary Escape (/tmp or %TEMP%),4. Unconfigured Directory,ATTACK,UNOBSERVED,TRUSTED,MISSED,false,15
3,2152,POST_REMEDIATION,Filesystem: Boundary Escape (/tmp or %TEMP%),5. System Directory,ATTACK,UNOBSERVED,TRUSTED,MISSED,false,15
3,2154,POST_REMEDIATION,Filesystem: Boundary Escape (/tmp or %TEMP%),2. %TEMP% Directory,ATTACK,OBSERVED,REJECTED,DETECTED,true,15
3,2156,POST_REMEDIATION,Filesystem: Boundary Escape (/tmp or %TEMP%),3. User Profile Temp,ATTACK,OBSERVED,REJECTED,DETECTED,true,15
3,2158,POST_REMEDIATION,Filesystem: Boundary Escape (/tmp or %TEMP%),4. Unconfigured Directory,ATTACK,UNOBSERVED,TRUSTED,MISSED,false,15
3,2160,POST_REMEDIATION,Filesystem: Boundary Escape (/tmp or %TEMP%),5. System Directory,ATTACK,UNOBSERVED,TRUSTED,MISSED,false,15
3,2162,POST_REMEDIATION,Filesystem: Boundary Escape (/tmp or %TEMP%),2. %TEMP% Directory,ATTACK,OBSERVED,REJECTED,DETECTED,true,15
3,2164,POST_REMEDIATION,Filesystem: Boundary Escape (/tmp or %TEMP%),3. User Profile Temp,ATTACK,OBSERVED,REJECTED,DETECTED,true,15
3,2166,POST_REMEDIATION,Filesystem: Boundary Escape (/tmp or %TEMP%),4. Unconfigured Directory,ATTACK,UNOBSERVED,TRUSTED,MISSED,false,15
3,2168,POST_REMEDIATION,Filesystem: Boundary Escape (/tmp or %TEMP%),5. System Directory,ATTACK,UNOBSERVED,TRUSTED,MISSED,false,15
3,2170,POST_REMEDIATION,Filesystem: Boundary Escape (/tmp or %TEMP%),2. %TEMP% Directory,ATTACK,OBSERVED,REJECTED,DETECTED,true,15
3,2172,POST_REMEDIATION,Filesystem: Boundary Escape (/tmp or %TEMP%),3. User Profile Temp,ATTACK,OBSERVED,REJECTED,DETECTED,true,15
3,2174,POST_REMEDIATION,Filesystem: Boundary Escape (/tmp or %TEMP%),4. Unconfigured Directory,ATTACK,UNOBSERVED,TRUSTED,MISSED,false,15
3,2176,POST_REMEDIATION,Filesystem: Boundary Escape (/tmp or %TEMP%),5. System Directory,ATTACK,UNOBSERVED,TRUSTED,MISSED,false,15
3,2178,POST_REMEDIATION,Filesystem: Boundary Escape (/tmp or %TEMP%),2. %TEMP% Directory,ATTACK,OBSERVED,REJECTED,DETECTED,true,15
3,2180,POST_REMEDIATION,Filesystem: Boundary Escape (/tmp or %TEMP%),3. User Profile Temp,ATTACK,OBSERVED,REJECTED,DETECTED,true,15
3,2182,POST_REMEDIATION,Filesystem: Boundary Escape (/tmp or %TEMP%),4. Unconfigured Directory,ATTACK,UNOBSERVED,TRUSTED,MISSED,false,15
3,2184,POST_REMEDIATION,Filesystem: Boundary Escape (/tmp or %TEMP%),5. System Directory,ATTACK,UNOBSERVED,TRUSTED,MISSED,false,15
3,2186,POST_REMEDIATION,Filesystem: Boundary Escape (/tmp or %TEMP%),2. %TEMP% Directory,ATTACK,OBSERVED,REJECTED,DETECTED,true,15
3,2188,POST_REMEDIATION,Filesystem: Boundary Escape (/tmp or %TEMP%),3. User Profile Temp,ATTACK,OBSERVED,REJECTED,DETECTED,true,15
3,2190,POST_REMEDIATION,Filesystem: Boundary Escape (/tmp or %TEMP%),4. Unconfigured Directory,ATTACK,UNOBSERVED,TRUSTED,MISSED,false,15
3,2192,POST_REMEDIATION,Filesystem: Boundary Escape (/tmp or %TEMP%),5. System Directory,ATTACK,UNOBSERVED,TRUSTED,MISSED,false,15
3,2194,POST_REMEDIATION,Filesystem: Boundary Escape (/tmp or %TEMP%),2. %TEMP% Directory,ATTACK,OBSERVED,REJECTED,DETECTED,true,15
3,2196,POST_REMEDIATION,Filesystem: Boundary Escape (/tmp or %TEMP%),3. User Profile Temp,ATTACK,OBSERVED,REJECTED,DETECTED,true,15
3,2198,POST_REMEDIATION,Filesystem: Boundary Escape (/tmp or %TEMP%),4. Unconfigured Directory,ATTACK,UNOBSERVED,TRUSTED,MISSED,false,15
3,2200,POST_REMEDIATION,Filesystem: Boundary Escape (/tmp or %TEMP%),5. System Directory,ATTACK,UNOBSERVED,TRUSTED,MISSED,false,15
3,2202,POST_REMEDIATION,Network: Ephemeral UDP/DNS Exfiltration,3. Unauthorized DNS TXT Exfiltration,ATTACK,OBSERVED,REJECTED,DETECTED,true,14
3,2204,POST_REMEDIATION,Network: Ephemeral UDP/DNS Exfiltration,4. Stateless UDP Socket Egress,ATTACK,OBSERVED,REJECTED,DETECTED,true,14
3,2206,POST_REMEDIATION,Network: Ephemeral UDP/DNS Exfiltration,3. Unauthorized DNS TXT Exfiltration,ATTACK,OBSERVED,REJECTED,DETECTED,true,14
3,2208,POST_REMEDIATION,Network: Ephemeral UDP/DNS Exfiltration,4. Stateless UDP Socket Egress,ATTACK,OBSERVED,REJECTED,DETECTED,true,14
3,2210,POST_REMEDIATION,Network: Ephemeral UDP/DNS Exfiltration,3. Unauthorized DNS TXT Exfiltration,ATTACK,OBSERVED,REJECTED,DETECTED,true,14
3,2212,POST_REMEDIATION,Network: Ephemeral UDP/DNS Exfiltration,4. Stateless UDP Socket Egress,ATTACK,OBSERVED,REJECTED,DETECTED,true,14
3,2214,POST_REMEDIATION,Network: Ephemeral UDP/DNS Exfiltration,3. Unauthorized DNS TXT Exfiltration,ATTACK,OBSERVED,REJECTED,DETECTED,true,14
3,2216,POST_REMEDIATION,Network: Ephemeral UDP/DNS Exfiltration,4. Stateless UDP Socket Egress,ATTACK,OBSERVED,REJECTED,DETECTED,true,14
3,2218,POST_REMEDIATION,Network: Ephemeral UDP/DNS Exfiltration,3. Unauthorized DNS TXT Exfiltration,ATTACK,OBSERVED,REJECTED,DETECTED,true,14
3,2220,POST_REMEDIATION,Network: Ephemeral UDP/DNS Exfiltration,4. Stateless UDP Socket Egress,ATTACK,OBSERVED,REJECTED,DETECTED,true,14
3,2222,POST_REMEDIATION,Network: Ephemeral UDP/DNS Exfiltration,3. Unauthorized DNS TXT Exfiltration,ATTACK,OBSERVED,REJECTED,DETECTED,true,14
3,2224,POST_REMEDIATION,Network: Ephemeral UDP/DNS Exfiltration,4. Stateless UDP Socket Egress,ATTACK,OBSERVED,REJECTED,DETECTED,true,14
3,2226,POST_REMEDIATION,Network: Ephemeral UDP/DNS Exfiltration,3. Unauthorized DNS TXT Exfiltration,ATTACK,OBSERVED,REJECTED,DETECTED,true,14
3,2228,POST_REMEDIATION,Network: Ephemeral UDP/DNS Exfiltration,4. Stateless UDP Socket Egress,ATTACK,OBSERVED,REJECTED,DETECTED,true,14
3,2230,POST_REMEDIATION,Network: Ephemeral UDP/DNS Exfiltration,3. Unauthorized DNS TXT Exfiltration,ATTACK,OBSERVED,REJECTED,DETECTED,true,14
3,2232,POST_REMEDIATION,Network: Ephemeral UDP/DNS Exfiltration,4. Stateless UDP Socket Egress,ATTACK,OBSERVED,REJECTED,DETECTED,true,14
3,2234,POST_REMEDIATION,Network: Ephemeral UDP/DNS Exfiltration,3. Unauthorized DNS TXT Exfiltration,ATTACK,OBSERVED,REJECTED,DETECTED,true,14
3,2236,POST_REMEDIATION,Network: Ephemeral UDP/DNS Exfiltration,4. Stateless UDP Socket Egress,ATTACK,OBSERVED,REJECTED,DETECTED,true,14
3,2238,POST_REMEDIATION,Network: Ephemeral UDP/DNS Exfiltration,3. Unauthorized DNS TXT Exfiltration,ATTACK,OBSERVED,REJECTED,DETECTED,true,14
3,2240,POST_REMEDIATION,Network: Ephemeral UDP/DNS Exfiltration,4. Stateless UDP Socket Egress,ATTACK,OBSERVED,REJECTED,DETECTED,true,14
3,2242,POST_REMEDIATION,Network: Ephemeral UDP/DNS Exfiltration,3. Unauthorized DNS TXT Exfiltration,ATTACK,OBSERVED,REJECTED,DETECTED,true,14
3,2244,POST_REMEDIATION,Network: Ephemeral UDP/DNS Exfiltration,4. Stateless UDP Socket Egress,ATTACK,OBSERVED,REJECTED,DETECTED,true,14
3,2246,POST_REMEDIATION,Network: Ephemeral UDP/DNS Exfiltration,3. Unauthorized DNS TXT Exfiltration,ATTACK,OBSERVED,REJECTED,DETECTED,true,14
3,2248,POST_REMEDIATION,Network: Ephemeral UDP/DNS Exfiltration,4. Stateless UDP Socket Egress,ATTACK,OBSERVED,REJECTED,DETECTED,true,14
3,2250,POST_REMEDIATION,Network: Ephemeral UDP/DNS Exfiltration,3. Unauthorized DNS TXT Exfiltration,ATTACK,OBSERVED,REJECTED,DETECTED,true,14
3,2252,POST_REMEDIATION,Network: Ephemeral UDP/DNS Exfiltration,4. Stateless UDP Socket Egress,ATTACK,OBSERVED,REJECTED,DETECTED,true,14
3,2254,POST_REMEDIATION,Network: Ephemeral UDP/DNS Exfiltration,3. Unauthorized DNS TXT Exfiltration,ATTACK,OBSERVED,REJECTED,DETECTED,true,14
3,2256,POST_REMEDIATION,Network: Ephemeral UDP/DNS Exfiltration,4. Stateless UDP Socket Egress,ATTACK,OBSERVED,REJECTED,DETECTED,true,14
3,2258,POST_REMEDIATION,Network: Ephemeral UDP/DNS Exfiltration,3. Unauthorized DNS TXT Exfiltration,ATTACK,OBSERVED,REJECTED,DETECTED,true,14
3,2260,POST_REMEDIATION,Network: Ephemeral UDP/DNS Exfiltration,4. Stateless UDP Socket Egress,ATTACK,OBSERVED,REJECTED,DETECTED,true,14
3,2262,POST_REMEDIATION,Network: Ephemeral UDP/DNS Exfiltration,3. Unauthorized DNS TXT Exfiltration,ATTACK,OBSERVED,REJECTED,DETECTED,true,14
3,2264,POST_REMEDIATION,Network: Ephemeral UDP/DNS Exfiltration,4. Stateless UDP Socket Egress,ATTACK,OBSERVED,REJECTED,DETECTED,true,14
3,2266,POST_REMEDIATION,Network: Ephemeral UDP/DNS Exfiltration,3. Unauthorized DNS TXT Exfiltration,ATTACK,OBSERVED,REJECTED,DETECTED,true,14
3,2268,POST_REMEDIATION,Network: Ephemeral UDP/DNS Exfiltration,4. Stateless UDP Socket Egress,ATTACK,OBSERVED,REJECTED,DETECTED,true,14
3,2270,POST_REMEDIATION,Network: Ephemeral UDP/DNS Exfiltration,3. Unauthorized DNS TXT Exfiltration,ATTACK,OBSERVED,REJECTED,DETECTED,true,14
3,2272,POST_REMEDIATION,Network: Ephemeral UDP/DNS Exfiltration,4. Stateless UDP Socket Egress,ATTACK,OBSERVED,REJECTED,DETECTED,true,14
3,2274,POST_REMEDIATION,Network: Ephemeral UDP/DNS Exfiltration,3. Unauthorized DNS TXT Exfiltration,ATTACK,OBSERVED,REJECTED,DETECTED,true,14
3,2276,POST_REMEDIATION,Network: Ephemeral UDP/DNS Exfiltration,4. Stateless UDP Socket Egress,ATTACK,OBSERVED,REJECTED,DETECTED,true,14
3,2278,POST_REMEDIATION,Network: Ephemeral UDP/DNS Exfiltration,3. Unauthorized DNS TXT Exfiltration,ATTACK,OBSERVED,REJECTED,DETECTED,true,14
3,2280,POST_REMEDIATION,Network: Ephemeral UDP/DNS Exfiltration,4. Stateless UDP Socket Egress,ATTACK,OBSERVED,REJECTED,DETECTED,true,14
3,2282,POST_REMEDIATION,Network: Ephemeral UDP/DNS Exfiltration,3. Unauthorized DNS TXT Exfiltration,ATTACK,OBSERVED,REJECTED,DETECTED,true,14
3,2284,POST_REMEDIATION,Network: Ephemeral UDP/DNS Exfiltration,4. Stateless UDP Socket Egress,ATTACK,OBSERVED,REJECTED,DETECTED,true,14
3,2286,POST_REMEDIATION,Network: Ephemeral UDP/DNS Exfiltration,3. Unauthorized DNS TXT Exfiltration,ATTACK,OBSERVED,REJECTED,DETECTED,true,14
3,2288,POST_REMEDIATION,Network: Ephemeral UDP/DNS Exfiltration,4. Stateless UDP Socket Egress,ATTACK,OBSERVED,REJECTED,DETECTED,true,14
3,2290,POST_REMEDIATION,Network: Ephemeral UDP/DNS Exfiltration,3. Unauthorized DNS TXT Exfiltration,ATTACK,OBSERVED,REJECTED,DETECTED,true,14
3,2292,POST_REMEDIATION,Network: Ephemeral UDP/DNS Exfiltration,4. Stateless UDP Socket Egress,ATTACK,OBSERVED,REJECTED,DETECTED,true,14
3,2294,POST_REMEDIATION,Network: Ephemeral UDP/DNS Exfiltration,3. Unauthorized DNS TXT Exfiltration,ATTACK,OBSERVED,REJECTED,DETECTED,true,14
3,2296,POST_REMEDIATION,Network: Ephemeral UDP/DNS Exfiltration,4. Stateless UDP Socket Egress,ATTACK,OBSERVED,REJECTED,DETECTED,true,14
3,2298,POST_REMEDIATION,Network: Ephemeral UDP/DNS Exfiltration,3. Unauthorized DNS TXT Exfiltration,ATTACK,OBSERVED,REJECTED,DETECTED,true,14
3,2300,POST_REMEDIATION,Network: Ephemeral UDP/DNS Exfiltration,4. Stateless UDP Socket Egress,ATTACK,OBSERVED,REJECTED,DETECTED,true,14
3,2302,POST_REMEDIATION,Network: Ephemeral UDP/DNS Exfiltration,3. Unauthorized DNS TXT Exfiltration,ATTACK,OBSERVED,REJECTED,DETECTED,true,14
3,2304,POST_REMEDIATION,Network: Ephemeral UDP/DNS Exfiltration,4. Stateless UDP Socket Egress,ATTACK,OBSERVED,REJECTED,DETECTED,true,14
3,2306,POST_REMEDIATION,Network: Ephemeral UDP/DNS Exfiltration,3. Unauthorized DNS TXT Exfiltration,ATTACK,OBSERVED,REJECTED,DETECTED,true,14
3,2308,POST_REMEDIATION,Network: Ephemeral UDP/DNS Exfiltration,4. Stateless UDP Socket Egress,ATTACK,OBSERVED,REJECTED,DETECTED,true,14
3,2310,POST_REMEDIATION,Network: Ephemeral UDP/DNS Exfiltration,3. Unauthorized DNS TXT Exfiltration,ATTACK,OBSERVED,REJECTED,DETECTED,true,14
3,2312,POST_REMEDIATION,Network: Ephemeral UDP/DNS Exfiltration,4. Stateless UDP Socket Egress,ATTACK,OBSERVED,REJECTED,DETECTED,true,14
3,2314,POST_REMEDIATION,Network: Ephemeral UDP/DNS Exfiltration,3. Unauthorized DNS TXT Exfiltration,ATTACK,OBSERVED,REJECTED,DETECTED,true,14
3,2316,POST_REMEDIATION,Network: Ephemeral UDP/DNS Exfiltration,4. Stateless UDP Socket Egress,ATTACK,OBSERVED,REJECTED,DETECTED,true,14
3,2318,POST_REMEDIATION,Network: Ephemeral UDP/DNS Exfiltration,3. Unauthorized DNS TXT Exfiltration,ATTACK,OBSERVED,REJECTED,DETECTED,true,14
3,2320,POST_REMEDIATION,Network: Ephemeral UDP/DNS Exfiltration,4. Stateless UDP Socket Egress,ATTACK,OBSERVED,REJECTED,DETECTED,true,14
3,2322,POST_REMEDIATION,Network: Ephemeral UDP/DNS Exfiltration,3. Unauthorized DNS TXT Exfiltration,ATTACK,OBSERVED,REJECTED,DETECTED,true,14
3,2324,POST_REMEDIATION,Network: Ephemeral UDP/DNS Exfiltration,4. Stateless UDP Socket Egress,ATTACK,OBSERVED,REJECTED,DETECTED,true,14
3,2326,POST_REMEDIATION,Network: Ephemeral UDP/DNS Exfiltration,3. Unauthorized DNS TXT Exfiltration,ATTACK,OBSERVED,REJECTED,DETECTED,true,14
3,2328,POST_REMEDIATION,Network: Ephemeral UDP/DNS Exfiltration,4. Stateless UDP Socket Egress,ATTACK,OBSERVED,REJECTED,DETECTED,true,14
3,2330,POST_REMEDIATION,Network: Ephemeral UDP/DNS Exfiltration,3. Unauthorized DNS TXT Exfiltration,ATTACK,OBSERVED,REJECTED,DETECTED,true,14
3,2332,POST_REMEDIATION,Network: Ephemeral UDP/DNS Exfiltration,4. Stateless UDP Socket Egress,ATTACK,OBSERVED,REJECTED,DETECTED,true,14
3,2334,POST_REMEDIATION,Network: Ephemeral UDP/DNS Exfiltration,3. Unauthorized DNS TXT Exfiltration,ATTACK,OBSERVED,REJECTED,DETECTED,true,14
3,2336,POST_REMEDIATION,Network: Ephemeral UDP/DNS Exfiltration,4. Stateless UDP Socket Egress,ATTACK,OBSERVED,REJECTED,DETECTED,true,14
3,2338,POST_REMEDIATION,Network: Ephemeral UDP/DNS Exfiltration,3. Unauthorized DNS TXT Exfiltration,ATTACK,OBSERVED,REJECTED,DETECTED,true,14
3,2340,POST_REMEDIATION,Network: Ephemeral UDP/DNS Exfiltration,4. Stateless UDP Socket Egress,ATTACK,OBSERVED,REJECTED,DETECTED,true,14
3,2342,POST_REMEDIATION,Network: Ephemeral UDP/DNS Exfiltration,3. Unauthorized DNS TXT Exfiltration,ATTACK,OBSERVED,REJECTED,DETECTED,true,14
3,2344,POST_REMEDIATION,Network: Ephemeral UDP/DNS Exfiltration,4. Stateless UDP Socket Egress,ATTACK,OBSERVED,REJECTED,DETECTED,true,14
3,2346,POST_REMEDIATION,Network: Ephemeral UDP/DNS Exfiltration,3. Unauthorized DNS TXT Exfiltration,ATTACK,OBSERVED,REJECTED,DETECTED,true,14
3,2348,POST_REMEDIATION,Network: Ephemeral UDP/DNS Exfiltration,4. Stateless UDP Socket Egress,ATTACK,OBSERVED,REJECTED,DETECTED,true,14
3,2350,POST_REMEDIATION,Network: Ephemeral UDP/DNS Exfiltration,3. Unauthorized DNS TXT Exfiltration,ATTACK,OBSERVED,REJECTED,DETECTED,true,14
3,2352,POST_REMEDIATION,Network: Ephemeral UDP/DNS Exfiltration,4. Stateless UDP Socket Egress,ATTACK,OBSERVED,REJECTED,DETECTED,true,14
3,2354,POST_REMEDIATION,Network: Ephemeral UDP/DNS Exfiltration,3. Unauthorized DNS TXT Exfiltration,ATTACK,OBSERVED,REJECTED,DETECTED,true,14
3,2356,POST_REMEDIATION,Network: Ephemeral UDP/DNS Exfiltration,4. Stateless UDP Socket Egress,ATTACK,OBSERVED,REJECTED,DETECTED,true,14
3,2358,POST_REMEDIATION,Network: Ephemeral UDP/DNS Exfiltration,3. Unauthorized DNS TXT Exfiltration,ATTACK,OBSERVED,REJECTED,DETECTED,true,14
3,2360,POST_REMEDIATION,Network: Ephemeral UDP/DNS Exfiltration,4. Stateless UDP Socket Egress,ATTACK,OBSERVED,REJECTED,DETECTED,true,14
3,2362,POST_REMEDIATION,Network: Ephemeral UDP/DNS Exfiltration,3. Unauthorized DNS TXT Exfiltration,ATTACK,OBSERVED,REJECTED,DETECTED,true,14
3,2364,POST_REMEDIATION,Network: Ephemeral UDP/DNS Exfiltration,4. Stateless UDP Socket Egress,ATTACK,OBSERVED,REJECTED,DETECTED,true,14
3,2366,POST_REMEDIATION,Network: Ephemeral UDP/DNS Exfiltration,3. Unauthorized DNS TXT Exfiltration,ATTACK,OBSERVED,REJECTED,DETECTED,true,14
3,2368,POST_REMEDIATION,Network: Ephemeral UDP/DNS Exfiltration,4. Stateless UDP Socket Egress,ATTACK,OBSERVED,REJECTED,DETECTED,true,14
3,2370,POST_REMEDIATION,Network: Ephemeral UDP/DNS Exfiltration,3. Unauthorized DNS TXT Exfiltration,ATTACK,OBSERVED,REJECTED,DETECTED,true,14
3,2372,POST_REMEDIATION,Network: Ephemeral UDP/DNS Exfiltration,4. Stateless UDP Socket Egress,ATTACK,OBSERVED,REJECTED,DETECTED,true,14
3,2374,POST_REMEDIATION,Network: Ephemeral UDP/DNS Exfiltration,3. Unauthorized DNS TXT Exfiltration,ATTACK,OBSERVED,REJECTED,DETECTED,true,14
3,2376,POST_REMEDIATION,Network: Ephemeral UDP/DNS Exfiltration,4. Stateless UDP Socket Egress,ATTACK,OBSERVED,REJECTED,DETECTED,true,14
3,2378,POST_REMEDIATION,Network: Ephemeral UDP/DNS Exfiltration,3. Unauthorized DNS TXT Exfiltration,ATTACK,OBSERVED,REJECTED,DETECTED,true,14
3,2380,POST_REMEDIATION,Network: Ephemeral UDP/DNS Exfiltration,4. Stateless UDP Socket Egress,ATTACK,OBSERVED,REJECTED,DETECTED,true,14
3,2382,POST_REMEDIATION,Network: Ephemeral UDP/DNS Exfiltration,3. Unauthorized DNS TXT Exfiltration,ATTACK,OBSERVED,REJECTED,DETECTED,true,14
3,2384,POST_REMEDIATION,Network: Ephemeral UDP/DNS Exfiltration,4. Stateless UDP Socket Egress,ATTACK,OBSERVED,REJECTED,DETECTED,true,14
3,2386,POST_REMEDIATION,Network: Ephemeral UDP/DNS Exfiltration,3. Unauthorized DNS TXT Exfiltration,ATTACK,OBSERVED,REJECTED,DETECTED,true,14
3,2388,POST_REMEDIATION,Network: Ephemeral UDP/DNS Exfiltration,4. Stateless UDP Socket Egress,ATTACK,OBSERVED,REJECTED,DETECTED,true,14
3,2390,POST_REMEDIATION,Network: Ephemeral UDP/DNS Exfiltration,3. Unauthorized DNS TXT Exfiltration,ATTACK,OBSERVED,REJECTED,DETECTED,true,14
3,2392,POST_REMEDIATION,Network: Ephemeral UDP/DNS Exfiltration,4. Stateless UDP Socket Egress,ATTACK,OBSERVED,REJECTED,DETECTED,true,14
3,2394,POST_REMEDIATION,Network: Ephemeral UDP/DNS Exfiltration,3. Unauthorized DNS TXT Exfiltration,ATTACK,OBSERVED,REJECTED,DETECTED,true,14
3,2396,POST_REMEDIATION,Network: Ephemeral UDP/DNS Exfiltration,4. Stateless UDP Socket Egress,ATTACK,OBSERVED,REJECTED,DETECTED,true,14
3,2398,POST_REMEDIATION,Network: Ephemeral UDP/DNS Exfiltration,3. Unauthorized DNS TXT Exfiltration,ATTACK,OBSERVED,REJECTED,DETECTED,true,14
3,2400,POST_REMEDIATION,Network: Ephemeral UDP/DNS Exfiltration,4. Stateless UDP Socket Egress,ATTACK,OBSERVED,REJECTED,DETECTED,true,14
4,2402,POST_REMEDIATION,Source: Commit Author/Email Spoofing,Case B: Unsigned Commit (Author Spoofed),ATTACK,OBSERVED,REJECTED,DETECTED,true,12
4,2404,POST_REMEDIATION,Source: Commit Author/Email Spoofing,Case B: Unsigned Commit (Author Spoofed),ATTACK,OBSERVED,REJECTED,DETECTED,true,12
4,2406,POST_REMEDIATION,Source: Commit Author/Email Spoofing,Case B: Unsigned Commit (Author Spoofed),ATTACK,OBSERVED,REJECTED,DETECTED,true,12
4,2408,POST_REMEDIATION,Source: Commit Author/Email Spoofing,Case B: Unsigned Commit (Author Spoofed),ATTACK,OBSERVED,REJECTED,DETECTED,true,12
4,2410,POST_REMEDIATION,Source: Commit Author/Email Spoofing,Case B: Unsigned Commit (Author Spoofed),ATTACK,OBSERVED,REJECTED,DETECTED,true,12
4,2412,POST_REMEDIATION,Source: Commit Author/Email Spoofing,Case B: Unsigned Commit (Author Spoofed),ATTACK,OBSERVED,REJECTED,DETECTED,true,12
4,2414,POST_REMEDIATION,Source: Commit Author/Email Spoofing,Case B: Unsigned Commit (Author Spoofed),ATTACK,OBSERVED,REJECTED,DETECTED,true,12
4,2416,POST_REMEDIATION,Source: Commit Author/Email Spoofing,Case B: Unsigned Commit (Author Spoofed),ATTACK,OBSERVED,REJECTED,DETECTED,true,12
4,2418,POST_REMEDIATION,Source: Commit Author/Email Spoofing,Case B: Unsigned Commit (Author Spoofed),ATTACK,OBSERVED,REJECTED,DETECTED,true,12
4,2420,POST_REMEDIATION,Source: Commit Author/Email Spoofing,Case B: Unsigned Commit (Author Spoofed),ATTACK,OBSERVED,REJECTED,DETECTED,true,12
4,2422,POST_REMEDIATION,Source: Commit Author/Email Spoofing,Case B: Unsigned Commit (Author Spoofed),ATTACK,OBSERVED,REJECTED,DETECTED,true,12
4,2424,POST_REMEDIATION,Source: Commit Author/Email Spoofing,Case B: Unsigned Commit (Author Spoofed),ATTACK,OBSERVED,REJECTED,DETECTED,true,12
4,2426,POST_REMEDIATION,Source: Commit Author/Email Spoofing,Case B: Unsigned Commit (Author Spoofed),ATTACK,OBSERVED,REJECTED,DETECTED,true,12
4,2428,POST_REMEDIATION,Source: Commit Author/Email Spoofing,Case B: Unsigned Commit (Author Spoofed),ATTACK,OBSERVED,REJECTED,DETECTED,true,12
4,2430,POST_REMEDIATION,Source: Commit Author/Email Spoofing,Case B: Unsigned Commit (Author Spoofed),ATTACK,OBSERVED,REJECTED,DETECTED,true,12
4,2432,POST_REMEDIATION,Source: Commit Author/Email Spoofing,Case B: Unsigned Commit (Author Spoofed),ATTACK,OBSERVED,REJECTED,DETECTED,true,12
4,2434,POST_REMEDIATION,Source: Commit Author/Email Spoofing,Case B: Unsigned Commit (Author Spoofed),ATTACK,OBSERVED,REJECTED,DETECTED,true,12
4,2436,POST_REMEDIATION,Source: Commit Author/Email Spoofing,Case B: Unsigned Commit (Author Spoofed),ATTACK,OBSERVED,REJECTED,DETECTED,true,12
4,2438,POST_REMEDIATION,Source: Commit Author/Email Spoofing,Case B: Unsigned Commit (Author Spoofed),ATTACK,OBSERVED,REJECTED,DETECTED,true,12
4,2440,POST_REMEDIATION,Source: Commit Author/Email Spoofing,Case B: Unsigned Commit (Author Spoofed),ATTACK,OBSERVED,REJECTED,DETECTED,true,12
4,2442,POST_REMEDIATION,Source: Commit Author/Email Spoofing,Case B: Unsigned Commit (Author Spoofed),ATTACK,OBSERVED,REJECTED,DETECTED,true,12
4,2444,POST_REMEDIATION,Source: Commit Author/Email Spoofing,Case B: Unsigned Commit (Author Spoofed),ATTACK,OBSERVED,REJECTED,DETECTED,true,12
4,2446,POST_REMEDIATION,Source: Commit Author/Email Spoofing,Case B: Unsigned Commit (Author Spoofed),ATTACK,OBSERVED,REJECTED,DETECTED,true,12
4,2448,POST_REMEDIATION,Source: Commit Author/Email Spoofing,Case B: Unsigned Commit (Author Spoofed),ATTACK,OBSERVED,REJECTED,DETECTED,true,12
4,2450,POST_REMEDIATION,Source: Commit Author/Email Spoofing,Case B: Unsigned Commit (Author Spoofed),ATTACK,OBSERVED,REJECTED,DETECTED,true,12
4,2452,POST_REMEDIATION,Source: Commit Author/Email Spoofing,Case B: Unsigned Commit (Author Spoofed),ATTACK,OBSERVED,REJECTED,DETECTED,true,12
4,2454,POST_REMEDIATION,Source: Commit Author/Email Spoofing,Case B: Unsigned Commit (Author Spoofed),ATTACK,OBSERVED,REJECTED,DETECTED,true,12
4,2456,POST_REMEDIATION,Source: Commit Author/Email Spoofing,Case B: Unsigned Commit (Author Spoofed),ATTACK,OBSERVED,REJECTED,DETECTED,true,12
4,2458,POST_REMEDIATION,Source: Commit Author/Email Spoofing,Case B: Unsigned Commit (Author Spoofed),ATTACK,OBSERVED,REJECTED,DETECTED,true,12
4,2460,POST_REMEDIATION,Source: Commit Author/Email Spoofing,Case B: Unsigned Commit (Author Spoofed),ATTACK,OBSERVED,REJECTED,DETECTED,true,12
4,2462,POST_REMEDIATION,Source: Commit Author/Email Spoofing,Case B: Unsigned Commit (Author Spoofed),ATTACK,OBSERVED,REJECTED,DETECTED,true,12
4,2464,POST_REMEDIATION,Source: Commit Author/Email Spoofing,Case B: Unsigned Commit (Author Spoofed),ATTACK,OBSERVED,REJECTED,DETECTED,true,12
4,2466,POST_REMEDIATION,Source: Commit Author/Email Spoofing,Case B: Unsigned Commit (Author Spoofed),ATTACK,OBSERVED,REJECTED,DETECTED,true,12
4,2468,POST_REMEDIATION,Source: Commit Author/Email Spoofing,Case B: Unsigned Commit (Author Spoofed),ATTACK,OBSERVED,REJECTED,DETECTED,true,12
4,2470,POST_REMEDIATION,Source: Commit Author/Email Spoofing,Case B: Unsigned Commit (Author Spoofed),ATTACK,OBSERVED,REJECTED,DETECTED,true,12
4,2472,POST_REMEDIATION,Source: Commit Author/Email Spoofing,Case B: Unsigned Commit (Author Spoofed),ATTACK,OBSERVED,REJECTED,DETECTED,true,12
4,2474,POST_REMEDIATION,Source: Commit Author/Email Spoofing,Case B: Unsigned Commit (Author Spoofed),ATTACK,OBSERVED,REJECTED,DETECTED,true,12
4,2476,POST_REMEDIATION,Source: Commit Author/Email Spoofing,Case B: Unsigned Commit (Author Spoofed),ATTACK,OBSERVED,REJECTED,DETECTED,true,12
4,2478,POST_REMEDIATION,Source: Commit Author/Email Spoofing,Case B: Unsigned Commit (Author Spoofed),ATTACK,OBSERVED,REJECTED,DETECTED,true,12
4,2480,POST_REMEDIATION,Source: Commit Author/Email Spoofing,Case B: Unsigned Commit (Author Spoofed),ATTACK,OBSERVED,REJECTED,DETECTED,true,12
4,2482,POST_REMEDIATION,Source: Commit Author/Email Spoofing,Case B: Unsigned Commit (Author Spoofed),ATTACK,OBSERVED,REJECTED,DETECTED,true,12
4,2484,POST_REMEDIATION,Source: Commit Author/Email Spoofing,Case B: Unsigned Commit (Author Spoofed),ATTACK,OBSERVED,REJECTED,DETECTED,true,12
4,2486,POST_REMEDIATION,Source: Commit Author/Email Spoofing,Case B: Unsigned Commit (Author Spoofed),ATTACK,OBSERVED,REJECTED,DETECTED,true,12
4,2488,POST_REMEDIATION,Source: Commit Author/Email Spoofing,Case B: Unsigned Commit (Author Spoofed),ATTACK,OBSERVED,REJECTED,DETECTED,true,12
4,2490,POST_REMEDIATION,Source: Commit Author/Email Spoofing,Case B: Unsigned Commit (Author Spoofed),ATTACK,OBSERVED,REJECTED,DETECTED,true,12
4,2492,POST_REMEDIATION,Source: Commit Author/Email Spoofing,Case B: Unsigned Commit (Author Spoofed),ATTACK,OBSERVED,REJECTED,DETECTED,true,12
4,2494,POST_REMEDIATION,Source: Commit Author/Email Spoofing,Case B: Unsigned Commit (Author Spoofed),ATTACK,OBSERVED,REJECTED,DETECTED,true,12
4,2496,POST_REMEDIATION,Source: Commit Author/Email Spoofing,Case B: Unsigned Commit (Author Spoofed),ATTACK,OBSERVED,REJECTED,DETECTED,true,12
4,2498,POST_REMEDIATION,Source: Commit Author/Email Spoofing,Case B: Unsigned Commit (Author Spoofed),ATTACK,OBSERVED,REJECTED,DETECTED,true,12
4,2500,POST_REMEDIATION,Source: Commit Author/Email Spoofing,Case B: Unsigned Commit (Author Spoofed),ATTACK,OBSERVED,REJECTED,DETECTED,true,12
4,2502,POST_REMEDIATION,Source: Commit Author/Email Spoofing,Case B: Unsigned Commit (Author Spoofed),ATTACK,OBSERVED,REJECTED,DETECTED,true,12
4,2504,POST_REMEDIATION,Source: Commit Author/Email Spoofing,Case B: Unsigned Commit (Author Spoofed),ATTACK,OBSERVED,REJECTED,DETECTED,true,12
4,2506,POST_REMEDIATION,Source: Commit Author/Email Spoofing,Case B: Unsigned Commit (Author Spoofed),ATTACK,OBSERVED,REJECTED,DETECTED,true,12
4,2508,POST_REMEDIATION,Source: Commit Author/Email Spoofing,Case B: Unsigned Commit (Author Spoofed),ATTACK,OBSERVED,REJECTED,DETECTED,true,12
4,2510,POST_REMEDIATION,Source: Commit Author/Email Spoofing,Case B: Unsigned Commit (Author Spoofed),ATTACK,OBSERVED,REJECTED,DETECTED,true,12
4,2512,POST_REMEDIATION,Source: Commit Author/Email Spoofing,Case B: Unsigned Commit (Author Spoofed),ATTACK,OBSERVED,REJECTED,DETECTED,true,12
4,2514,POST_REMEDIATION,Source: Commit Author/Email Spoofing,Case B: Unsigned Commit (Author Spoofed),ATTACK,OBSERVED,REJECTED,DETECTED,true,12
4,2516,POST_REMEDIATION,Source: Commit Author/Email Spoofing,Case B: Unsigned Commit (Author Spoofed),ATTACK,OBSERVED,REJECTED,DETECTED,true,12
4,2518,POST_REMEDIATION,Source: Commit Author/Email Spoofing,Case B: Unsigned Commit (Author Spoofed),ATTACK,OBSERVED,REJECTED,DETECTED,true,12
4,2520,POST_REMEDIATION,Source: Commit Author/Email Spoofing,Case B: Unsigned Commit (Author Spoofed),ATTACK,OBSERVED,REJECTED,DETECTED,true,12
4,2522,POST_REMEDIATION,Source: Commit Author/Email Spoofing,Case B: Unsigned Commit (Author Spoofed),ATTACK,OBSERVED,REJECTED,DETECTED,true,12
4,2524,POST_REMEDIATION,Source: Commit Author/Email Spoofing,Case B: Unsigned Commit (Author Spoofed),ATTACK,OBSERVED,REJECTED,DETECTED,true,12
4,2526,POST_REMEDIATION,Source: Commit Author/Email Spoofing,Case B: Unsigned Commit (Author Spoofed),ATTACK,OBSERVED,REJECTED,DETECTED,true,12
4,2528,POST_REMEDIATION,Source: Commit Author/Email Spoofing,Case B: Unsigned Commit (Author Spoofed),ATTACK,OBSERVED,REJECTED,DETECTED,true,12
4,2530,POST_REMEDIATION,Source: Commit Author/Email Spoofing,Case B: Unsigned Commit (Author Spoofed),ATTACK,OBSERVED,REJECTED,DETECTED,true,12
4,2532,POST_REMEDIATION,Source: Commit Author/Email Spoofing,Case B: Unsigned Commit (Author Spoofed),ATTACK,OBSERVED,REJECTED,DETECTED,true,12
4,2534,POST_REMEDIATION,Source: Commit Author/Email Spoofing,Case B: Unsigned Commit (Author Spoofed),ATTACK,OBSERVED,REJECTED,DETECTED,true,12
4,2536,POST_REMEDIATION,Source: Commit Author/Email Spoofing,Case B: Unsigned Commit (Author Spoofed),ATTACK,OBSERVED,REJECTED,DETECTED,true,12
4,2538,POST_REMEDIATION,Source: Commit Author/Email Spoofing,Case B: Unsigned Commit (Author Spoofed),ATTACK,OBSERVED,REJECTED,DETECTED,true,12
4,2540,POST_REMEDIATION,Source: Commit Author/Email Spoofing,Case B: Unsigned Commit (Author Spoofed),ATTACK,OBSERVED,REJECTED,DETECTED,true,12
4,2542,POST_REMEDIATION,Source: Commit Author/Email Spoofing,Case B: Unsigned Commit (Author Spoofed),ATTACK,OBSERVED,REJECTED,DETECTED,true,12
4,2544,POST_REMEDIATION,Source: Commit Author/Email Spoofing,Case B: Unsigned Commit (Author Spoofed),ATTACK,OBSERVED,REJECTED,DETECTED,true,12
4,2546,POST_REMEDIATION,Source: Commit Author/Email Spoofing,Case B: Unsigned Commit (Author Spoofed),ATTACK,OBSERVED,REJECTED,DETECTED,true,12
4,2548,POST_REMEDIATION,Source: Commit Author/Email Spoofing,Case B: Unsigned Commit (Author Spoofed),ATTACK,OBSERVED,REJECTED,DETECTED,true,12
4,2550,POST_REMEDIATION,Source: Commit Author/Email Spoofing,Case B: Unsigned Commit (Author Spoofed),ATTACK,OBSERVED,REJECTED,DETECTED,true,12
4,2552,POST_REMEDIATION,Source: Commit Author/Email Spoofing,Case B: Unsigned Commit (Author Spoofed),ATTACK,OBSERVED,REJECTED,DETECTED,true,12
4,2554,POST_REMEDIATION,Source: Commit Author/Email Spoofing,Case B: Unsigned Commit (Author Spoofed),ATTACK,OBSERVED,REJECTED,DETECTED,true,12
4,2556,POST_REMEDIATION,Source: Commit Author/Email Spoofing,Case B: Unsigned Commit (Author Spoofed),ATTACK,OBSERVED,REJECTED,DETECTED,true,12
4,2558,POST_REMEDIATION,Source: Commit Author/Email Spoofing,Case B: Unsigned Commit (Author Spoofed),ATTACK,OBSERVED,REJECTED,DETECTED,true,12
4,2560,POST_REMEDIATION,Source: Commit Author/Email Spoofing,Case B: Unsigned Commit (Author Spoofed),ATTACK,OBSERVED,REJECTED,DETECTED,true,12
4,2562,POST_REMEDIATION,Source: Commit Author/Email Spoofing,Case B: Unsigned Commit (Author Spoofed),ATTACK,OBSERVED,REJECTED,DETECTED,true,12
4,2564,POST_REMEDIATION,Source: Commit Author/Email Spoofing,Case B: Unsigned Commit (Author Spoofed),ATTACK,OBSERVED,REJECTED,DETECTED,true,12
4,2566,POST_REMEDIATION,Source: Commit Author/Email Spoofing,Case B: Unsigned Commit (Author Spoofed),ATTACK,OBSERVED,REJECTED,DETECTED,true,12
4,2568,POST_REMEDIATION,Source: Commit Author/Email Spoofing,Case B: Unsigned Commit (Author Spoofed),ATTACK,OBSERVED,REJECTED,DETECTED,true,12
4,2570,POST_REMEDIATION,Source: Commit Author/Email Spoofing,Case B: Unsigned Commit (Author Spoofed),ATTACK,OBSERVED,REJECTED,DETECTED,true,12
4,2572,POST_REMEDIATION,Source: Commit Author/Email Spoofing,Case B: Unsigned Commit (Author Spoofed),ATTACK,OBSERVED,REJECTED,DETECTED,true,12
4,2574,POST_REMEDIATION,Source: Commit Author/Email Spoofing,Case B: Unsigned Commit (Author Spoofed),ATTACK,OBSERVED,REJECTED,DETECTED,true,12
4,2576,POST_REMEDIATION,Source: Commit Author/Email Spoofing,Case B: Unsigned Commit (Author Spoofed),ATTACK,OBSERVED,REJECTED,DETECTED,true,12
4,2578,POST_REMEDIATION,Source: Commit Author/Email Spoofing,Case B: Unsigned Commit (Author Spoofed),ATTACK,OBSERVED,REJECTED,DETECTED,true,12
4,2580,POST_REMEDIATION,Source: Commit Author/Email Spoofing,Case B: Unsigned Commit (Author Spoofed),ATTACK,OBSERVED,REJECTED,DETECTED,true,12
4,2582,POST_REMEDIATION,Source: Commit Author/Email Spoofing,Case B: Unsigned Commit (Author Spoofed),ATTACK,OBSERVED,REJECTED,DETECTED,true,12
4,2584,POST_REMEDIATION,Source: Commit Author/Email Spoofing,Case B: Unsigned Commit (Author Spoofed),ATTACK,OBSERVED,REJECTED,DETECTED,true,12
4,2586,POST_REMEDIATION,Source: Commit Author/Email Spoofing,Case B: Unsigned Commit (Author Spoofed),ATTACK,OBSERVED,REJECTED,DETECTED,true,12
4,2588,POST_REMEDIATION,Source: Commit Author/Email Spoofing,Case B: Unsigned Commit (Author Spoofed),ATTACK,OBSERVED,REJECTED,DETECTED,true,12
4,2590,POST_REMEDIATION,Source: Commit Author/Email Spoofing,Case B: Unsigned Commit (Author Spoofed),ATTACK,OBSERVED,REJECTED,DETECTED,true,12
4,2592,POST_REMEDIATION,Source: Commit Author/Email Spoofing,Case B: Unsigned Commit (Author Spoofed),ATTACK,OBSERVED,REJECTED,DETECTED,true,12
4,2594,POST_REMEDIATION,Source: Commit Author/Email Spoofing,Case B: Unsigned Commit (Author Spoofed),ATTACK,OBSERVED,REJECTED,DETECTED,true,12
4,2596,POST_REMEDIATION,Source: Commit Author/Email Spoofing,Case B: Unsigned Commit (Author Spoofed),ATTACK,OBSERVED,REJECTED,DETECTED,true,12
4,2598,POST_REMEDIATION,Source: Commit Author/Email Spoofing,Case B: Unsigned Commit (Author Spoofed),ATTACK,OBSERVED,REJECTED,DETECTED,true,12
4,2600,POST_REMEDIATION,Source: Commit Author/Email Spoofing,Case B: Unsigned Commit (Author Spoofed),ATTACK,OBSERVED,REJECTED,DETECTED,true,12
4,2602,POST_REMEDIATION,Process: Short-Lived Subprocess (Polling Evasion),<1 ms,ATTACK,OBSERVED,REJECTED,DETECTED,true,16
4,2604,POST_REMEDIATION,Process: Short-Lived Subprocess (Polling Evasion),1–5 ms,ATTACK,OBSERVED,REJECTED,DETECTED,true,16
4,2606,POST_REMEDIATION,Process: Short-Lived Subprocess (Polling Evasion),5–10 ms,ATTACK,OBSERVED,REJECTED,DETECTED,true,16
4,2608,POST_REMEDIATION,Process: Short-Lived Subprocess (Polling Evasion),<1 ms,ATTACK,OBSERVED,REJECTED,DETECTED,true,16
4,2610,POST_REMEDIATION,Process: Short-Lived Subprocess (Polling Evasion),1–5 ms,ATTACK,OBSERVED,REJECTED,DETECTED,true,16
4,2612,POST_REMEDIATION,Process: Short-Lived Subprocess (Polling Evasion),5–10 ms,ATTACK,OBSERVED,REJECTED,DETECTED,true,16
4,2614,POST_REMEDIATION,Process: Short-Lived Subprocess (Polling Evasion),<1 ms,ATTACK,OBSERVED,REJECTED,DETECTED,true,16
4,2616,POST_REMEDIATION,Process: Short-Lived Subprocess (Polling Evasion),1–5 ms,ATTACK,OBSERVED,REJECTED,DETECTED,true,16
4,2618,POST_REMEDIATION,Process: Short-Lived Subprocess (Polling Evasion),5–10 ms,ATTACK,OBSERVED,REJECTED,DETECTED,true,16
4,2620,POST_REMEDIATION,Process: Short-Lived Subprocess (Polling Evasion),<1 ms,ATTACK,OBSERVED,REJECTED,DETECTED,true,16
4,2622,POST_REMEDIATION,Process: Short-Lived Subprocess (Polling Evasion),1–5 ms,ATTACK,OBSERVED,REJECTED,DETECTED,true,16
4,2624,POST_REMEDIATION,Process: Short-Lived Subprocess (Polling Evasion),5–10 ms,ATTACK,OBSERVED,REJECTED,DETECTED,true,16
4,2626,POST_REMEDIATION,Process: Short-Lived Subprocess (Polling Evasion),<1 ms,ATTACK,OBSERVED,REJECTED,DETECTED,true,16
4,2628,POST_REMEDIATION,Process: Short-Lived Subprocess (Polling Evasion),1–5 ms,ATTACK,OBSERVED,REJECTED,DETECTED,true,16
4,2630,POST_REMEDIATION,Process: Short-Lived Subprocess (Polling Evasion),5–10 ms,ATTACK,OBSERVED,REJECTED,DETECTED,true,16
4,2632,POST_REMEDIATION,Process: Short-Lived Subprocess (Polling Evasion),<1 ms,ATTACK,OBSERVED,REJECTED,DETECTED,true,16
4,2634,POST_REMEDIATION,Process: Short-Lived Subprocess (Polling Evasion),1–5 ms,ATTACK,OBSERVED,REJECTED,DETECTED,true,16
4,2636,POST_REMEDIATION,Process: Short-Lived Subprocess (Polling Evasion),5–10 ms,ATTACK,OBSERVED,REJECTED,DETECTED,true,16
4,2638,POST_REMEDIATION,Process: Short-Lived Subprocess (Polling Evasion),<1 ms,ATTACK,OBSERVED,REJECTED,DETECTED,true,16
4,2640,POST_REMEDIATION,Process: Short-Lived Subprocess (Polling Evasion),1–5 ms,ATTACK,OBSERVED,REJECTED,DETECTED,true,16
4,2642,POST_REMEDIATION,Process: Short-Lived Subprocess (Polling Evasion),5–10 ms,ATTACK,OBSERVED,REJECTED,DETECTED,true,16
4,2644,POST_REMEDIATION,Process: Short-Lived Subprocess (Polling Evasion),<1 ms,ATTACK,OBSERVED,REJECTED,DETECTED,true,16
4,2646,POST_REMEDIATION,Process: Short-Lived Subprocess (Polling Evasion),1–5 ms,ATTACK,OBSERVED,REJECTED,DETECTED,true,16
4,2648,POST_REMEDIATION,Process: Short-Lived Subprocess (Polling Evasion),5–10 ms,ATTACK,OBSERVED,REJECTED,DETECTED,true,16
4,2650,POST_REMEDIATION,Process: Short-Lived Subprocess (Polling Evasion),<1 ms,ATTACK,OBSERVED,REJECTED,DETECTED,true,16
4,2652,POST_REMEDIATION,Process: Short-Lived Subprocess (Polling Evasion),1–5 ms,ATTACK,OBSERVED,REJECTED,DETECTED,true,16
4,2654,POST_REMEDIATION,Process: Short-Lived Subprocess (Polling Evasion),5–10 ms,ATTACK,OBSERVED,REJECTED,DETECTED,true,16
4,2656,POST_REMEDIATION,Process: Short-Lived Subprocess (Polling Evasion),<1 ms,ATTACK,OBSERVED,REJECTED,DETECTED,true,16
4,2658,POST_REMEDIATION,Process: Short-Lived Subprocess (Polling Evasion),1–5 ms,ATTACK,OBSERVED,REJECTED,DETECTED,true,16
4,2660,POST_REMEDIATION,Process: Short-Lived Subprocess (Polling Evasion),5–10 ms,ATTACK,OBSERVED,REJECTED,DETECTED,true,16
4,2662,POST_REMEDIATION,Process: Short-Lived Subprocess (Polling Evasion),<1 ms,ATTACK,OBSERVED,REJECTED,DETECTED,true,16
4,2664,POST_REMEDIATION,Process: Short-Lived Subprocess (Polling Evasion),1–5 ms,ATTACK,OBSERVED,REJECTED,DETECTED,true,16
4,2666,POST_REMEDIATION,Process: Short-Lived Subprocess (Polling Evasion),5–10 ms,ATTACK,OBSERVED,REJECTED,DETECTED,true,16
4,2668,POST_REMEDIATION,Process: Short-Lived Subprocess (Polling Evasion),<1 ms,ATTACK,OBSERVED,REJECTED,DETECTED,true,16
4,2670,POST_REMEDIATION,Process: Short-Lived Subprocess (Polling Evasion),1–5 ms,ATTACK,OBSERVED,REJECTED,DETECTED,true,16
4,2672,POST_REMEDIATION,Process: Short-Lived Subprocess (Polling Evasion),5–10 ms,ATTACK,OBSERVED,REJECTED,DETECTED,true,16
4,2674,POST_REMEDIATION,Process: Short-Lived Subprocess (Polling Evasion),<1 ms,ATTACK,OBSERVED,REJECTED,DETECTED,true,16
4,2676,POST_REMEDIATION,Process: Short-Lived Subprocess (Polling Evasion),1–5 ms,ATTACK,OBSERVED,REJECTED,DETECTED,true,16
4,2678,POST_REMEDIATION,Process: Short-Lived Subprocess (Polling Evasion),5–10 ms,ATTACK,OBSERVED,REJECTED,DETECTED,true,16
4,2680,POST_REMEDIATION,Process: Short-Lived Subprocess (Polling Evasion),<1 ms,ATTACK,OBSERVED,REJECTED,DETECTED,true,16
4,2682,POST_REMEDIATION,Process: Short-Lived Subprocess (Polling Evasion),1–5 ms,ATTACK,OBSERVED,REJECTED,DETECTED,true,16
4,2684,POST_REMEDIATION,Process: Short-Lived Subprocess (Polling Evasion),5–10 ms,ATTACK,OBSERVED,REJECTED,DETECTED,true,16
4,2686,POST_REMEDIATION,Process: Short-Lived Subprocess (Polling Evasion),<1 ms,ATTACK,OBSERVED,REJECTED,DETECTED,true,16
4,2688,POST_REMEDIATION,Process: Short-Lived Subprocess (Polling Evasion),1–5 ms,ATTACK,OBSERVED,REJECTED,DETECTED,true,16
4,2690,POST_REMEDIATION,Process: Short-Lived Subprocess (Polling Evasion),5–10 ms,ATTACK,OBSERVED,REJECTED,DETECTED,true,16
4,2692,POST_REMEDIATION,Process: Short-Lived Subprocess (Polling Evasion),<1 ms,ATTACK,OBSERVED,REJECTED,DETECTED,true,16
4,2694,POST_REMEDIATION,Process: Short-Lived Subprocess (Polling Evasion),1–5 ms,ATTACK,OBSERVED,REJECTED,DETECTED,true,16
4,2696,POST_REMEDIATION,Process: Short-Lived Subprocess (Polling Evasion),5–10 ms,ATTACK,OBSERVED,REJECTED,DETECTED,true,16
4,2698,POST_REMEDIATION,Process: Short-Lived Subprocess (Polling Evasion),<1 ms,ATTACK,OBSERVED,REJECTED,DETECTED,true,16
4,2700,POST_REMEDIATION,Process: Short-Lived Subprocess (Polling Evasion),1–5 ms,ATTACK,OBSERVED,REJECTED,DETECTED,true,16
4,2702,POST_REMEDIATION,Process: Short-Lived Subprocess (Polling Evasion),5–10 ms,ATTACK,OBSERVED,REJECTED,DETECTED,true,16
4,2704,POST_REMEDIATION,Process: Short-Lived Subprocess (Polling Evasion),<1 ms,ATTACK,OBSERVED,REJECTED,DETECTED,true,16
4,2706,POST_REMEDIATION,Process: Short-Lived Subprocess (Polling Evasion),1–5 ms,ATTACK,OBSERVED,REJECTED,DETECTED,true,16
4,2708,POST_REMEDIATION,Process: Short-Lived Subprocess (Polling Evasion),5–10 ms,ATTACK,OBSERVED,REJECTED,DETECTED,true,16
4,2710,POST_REMEDIATION,Process: Short-Lived Subprocess (Polling Evasion),<1 ms,ATTACK,OBSERVED,REJECTED,DETECTED,true,16
4,2712,POST_REMEDIATION,Process: Short-Lived Subprocess (Polling Evasion),1–5 ms,ATTACK,OBSERVED,REJECTED,DETECTED,true,16
4,2714,POST_REMEDIATION,Process: Short-Lived Subprocess (Polling Evasion),5–10 ms,ATTACK,OBSERVED,REJECTED,DETECTED,true,16
4,2716,POST_REMEDIATION,Process: Short-Lived Subprocess (Polling Evasion),<1 ms,ATTACK,OBSERVED,REJECTED,DETECTED,true,16
4,2718,POST_REMEDIATION,Process: Short-Lived Subprocess (Polling Evasion),1–5 ms,ATTACK,OBSERVED,REJECTED,DETECTED,true,16
4,2720,POST_REMEDIATION,Process: Short-Lived Subprocess (Polling Evasion),5–10 ms,ATTACK,OBSERVED,REJECTED,DETECTED,true,16
4,2722,POST_REMEDIATION,Process: Short-Lived Subprocess (Polling Evasion),<1 ms,ATTACK,OBSERVED,REJECTED,DETECTED,true,16
4,2724,POST_REMEDIATION,Process: Short-Lived Subprocess (Polling Evasion),1–5 ms,ATTACK,OBSERVED,REJECTED,DETECTED,true,16
4,2726,POST_REMEDIATION,Process: Short-Lived Subprocess (Polling Evasion),5–10 ms,ATTACK,OBSERVED,REJECTED,DETECTED,true,16
4,2728,POST_REMEDIATION,Process: Short-Lived Subprocess (Polling Evasion),<1 ms,ATTACK,OBSERVED,REJECTED,DETECTED,true,16
4,2730,POST_REMEDIATION,Process: Short-Lived Subprocess (Polling Evasion),1–5 ms,ATTACK,OBSERVED,REJECTED,DETECTED,true,16
4,2732,POST_REMEDIATION,Process: Short-Lived Subprocess (Polling Evasion),5–10 ms,ATTACK,OBSERVED,REJECTED,DETECTED,true,16
4,2734,POST_REMEDIATION,Process: Short-Lived Subprocess (Polling Evasion),<1 ms,ATTACK,OBSERVED,REJECTED,DETECTED,true,16
4,2736,POST_REMEDIATION,Process: Short-Lived Subprocess (Polling Evasion),1–5 ms,ATTACK,OBSERVED,REJECTED,DETECTED,true,16
4,2738,POST_REMEDIATION,Process: Short-Lived Subprocess (Polling Evasion),5–10 ms,ATTACK,OBSERVED,REJECTED,DETECTED,true,16
4,2740,POST_REMEDIATION,Process: Short-Lived Subprocess (Polling Evasion),<1 ms,ATTACK,OBSERVED,REJECTED,DETECTED,true,16
4,2742,POST_REMEDIATION,Process: Short-Lived Subprocess (Polling Evasion),1–5 ms,ATTACK,OBSERVED,REJECTED,DETECTED,true,16
4,2744,POST_REMEDIATION,Process: Short-Lived Subprocess (Polling Evasion),5–10 ms,ATTACK,OBSERVED,REJECTED,DETECTED,true,16
4,2746,POST_REMEDIATION,Process: Short-Lived Subprocess (Polling Evasion),<1 ms,ATTACK,OBSERVED,REJECTED,DETECTED,true,16
4,2748,POST_REMEDIATION,Process: Short-Lived Subprocess (Polling Evasion),1–5 ms,ATTACK,OBSERVED,REJECTED,DETECTED,true,16
4,2750,POST_REMEDIATION,Process: Short-Lived Subprocess (Polling Evasion),5–10 ms,ATTACK,OBSERVED,REJECTED,DETECTED,true,16
4,2752,POST_REMEDIATION,Process: Short-Lived Subprocess (Polling Evasion),<1 ms,ATTACK,OBSERVED,REJECTED,DETECTED,true,16
4,2754,POST_REMEDIATION,Process: Short-Lived Subprocess (Polling Evasion),1–5 ms,ATTACK,OBSERVED,REJECTED,DETECTED,true,16
4,2756,POST_REMEDIATION,Process: Short-Lived Subprocess (Polling Evasion),5–10 ms,ATTACK,OBSERVED,REJECTED,DETECTED,true,16
4,2758,POST_REMEDIATION,Process: Short-Lived Subprocess (Polling Evasion),<1 ms,ATTACK,OBSERVED,REJECTED,DETECTED,true,16
4,2760,POST_REMEDIATION,Process: Short-Lived Subprocess (Polling Evasion),1–5 ms,ATTACK,OBSERVED,REJECTED,DETECTED,true,16
4,2762,POST_REMEDIATION,Process: Short-Lived Subprocess (Polling Evasion),5–10 ms,ATTACK,OBSERVED,REJECTED,DETECTED,true,16
4,2764,POST_REMEDIATION,Process: Short-Lived Subprocess (Polling Evasion),<1 ms,ATTACK,OBSERVED,REJECTED,DETECTED,true,16
4,2766,POST_REMEDIATION,Process: Short-Lived Subprocess (Polling Evasion),1–5 ms,ATTACK,OBSERVED,REJECTED,DETECTED,true,16
4,2768,POST_REMEDIATION,Process: Short-Lived Subprocess (Polling Evasion),5–10 ms,ATTACK,OBSERVED,REJECTED,DETECTED,true,16
4,2770,POST_REMEDIATION,Process: Short-Lived Subprocess (Polling Evasion),<1 ms,ATTACK,OBSERVED,REJECTED,DETECTED,true,16
4,2772,POST_REMEDIATION,Process: Short-Lived Subprocess (Polling Evasion),1–5 ms,ATTACK,OBSERVED,REJECTED,DETECTED,true,16
4,2774,POST_REMEDIATION,Process: Short-Lived Subprocess (Polling Evasion),5–10 ms,ATTACK,OBSERVED,REJECTED,DETECTED,true,16
4,2776,POST_REMEDIATION,Process: Short-Lived Subprocess (Polling Evasion),<1 ms,ATTACK,OBSERVED,REJECTED,DETECTED,true,16
4,2778,POST_REMEDIATION,Process: Short-Lived Subprocess (Polling Evasion),1–5 ms,ATTACK,OBSERVED,REJECTED,DETECTED,true,16
4,2780,POST_REMEDIATION,Process: Short-Lived Subprocess (Polling Evasion),5–10 ms,ATTACK,OBSERVED,REJECTED,DETECTED,true,16
4,2782,POST_REMEDIATION,Process: Short-Lived Subprocess (Polling Evasion),<1 ms,ATTACK,OBSERVED,REJECTED,DETECTED,true,16
4,2784,POST_REMEDIATION,Process: Short-Lived Subprocess (Polling Evasion),1–5 ms,ATTACK,OBSERVED,REJECTED,DETECTED,true,16
4,2786,POST_REMEDIATION,Process: Short-Lived Subprocess (Polling Evasion),5–10 ms,ATTACK,OBSERVED,REJECTED,DETECTED,true,16
4,2788,POST_REMEDIATION,Process: Short-Lived Subprocess (Polling Evasion),<1 ms,ATTACK,OBSERVED,REJECTED,DETECTED,true,16
4,2790,POST_REMEDIATION,Process: Short-Lived Subprocess (Polling Evasion),1–5 ms,ATTACK,OBSERVED,REJECTED,DETECTED,true,16
4,2792,POST_REMEDIATION,Process: Short-Lived Subprocess (Polling Evasion),5–10 ms,ATTACK,OBSERVED,REJECTED,DETECTED,true,16
4,2794,POST_REMEDIATION,Process: Short-Lived Subprocess (Polling Evasion),<1 ms,ATTACK,OBSERVED,REJECTED,DETECTED,true,16
4,2796,POST_REMEDIATION,Process: Short-Lived Subprocess (Polling Evasion),1–5 ms,ATTACK,OBSERVED,REJECTED,DETECTED,true,16
4,2798,POST_REMEDIATION,Process: Short-Lived Subprocess (Polling Evasion),5–10 ms,ATTACK,OBSERVED,REJECTED,DETECTED,true,16
4,2800,POST_REMEDIATION,Process: Short-Lived Subprocess (Polling Evasion),<1 ms,ATTACK,OBSERVED,REJECTED,DETECTED,true,16
4,2802,POST_REMEDIATION,Filesystem: Boundary Escape (/tmp or %TEMP%),2. %TEMP% Directory,ATTACK,OBSERVED,REJECTED,DETECTED,true,15
4,2804,POST_REMEDIATION,Filesystem: Boundary Escape (/tmp or %TEMP%),3. User Profile Temp,ATTACK,OBSERVED,REJECTED,DETECTED,true,15
4,2806,POST_REMEDIATION,Filesystem: Boundary Escape (/tmp or %TEMP%),4. Unconfigured Directory,ATTACK,UNOBSERVED,TRUSTED,MISSED,false,15
4,2808,POST_REMEDIATION,Filesystem: Boundary Escape (/tmp or %TEMP%),5. System Directory,ATTACK,UNOBSERVED,TRUSTED,MISSED,false,15
4,2810,POST_REMEDIATION,Filesystem: Boundary Escape (/tmp or %TEMP%),2. %TEMP% Directory,ATTACK,OBSERVED,REJECTED,DETECTED,true,15
4,2812,POST_REMEDIATION,Filesystem: Boundary Escape (/tmp or %TEMP%),3. User Profile Temp,ATTACK,OBSERVED,REJECTED,DETECTED,true,15
4,2814,POST_REMEDIATION,Filesystem: Boundary Escape (/tmp or %TEMP%),4. Unconfigured Directory,ATTACK,UNOBSERVED,TRUSTED,MISSED,false,15
4,2816,POST_REMEDIATION,Filesystem: Boundary Escape (/tmp or %TEMP%),5. System Directory,ATTACK,UNOBSERVED,TRUSTED,MISSED,false,15
4,2818,POST_REMEDIATION,Filesystem: Boundary Escape (/tmp or %TEMP%),2. %TEMP% Directory,ATTACK,OBSERVED,REJECTED,DETECTED,true,15
4,2820,POST_REMEDIATION,Filesystem: Boundary Escape (/tmp or %TEMP%),3. User Profile Temp,ATTACK,OBSERVED,REJECTED,DETECTED,true,15
4,2822,POST_REMEDIATION,Filesystem: Boundary Escape (/tmp or %TEMP%),4. Unconfigured Directory,ATTACK,UNOBSERVED,TRUSTED,MISSED,false,15
4,2824,POST_REMEDIATION,Filesystem: Boundary Escape (/tmp or %TEMP%),5. System Directory,ATTACK,UNOBSERVED,TRUSTED,MISSED,false,15
4,2826,POST_REMEDIATION,Filesystem: Boundary Escape (/tmp or %TEMP%),2. %TEMP% Directory,ATTACK,OBSERVED,REJECTED,DETECTED,true,15
4,2828,POST_REMEDIATION,Filesystem: Boundary Escape (/tmp or %TEMP%),3. User Profile Temp,ATTACK,OBSERVED,REJECTED,DETECTED,true,15
4,2830,POST_REMEDIATION,Filesystem: Boundary Escape (/tmp or %TEMP%),4. Unconfigured Directory,ATTACK,UNOBSERVED,TRUSTED,MISSED,false,15
4,2832,POST_REMEDIATION,Filesystem: Boundary Escape (/tmp or %TEMP%),5. System Directory,ATTACK,UNOBSERVED,TRUSTED,MISSED,false,15
4,2834,POST_REMEDIATION,Filesystem: Boundary Escape (/tmp or %TEMP%),2. %TEMP% Directory,ATTACK,OBSERVED,REJECTED,DETECTED,true,15
4,2836,POST_REMEDIATION,Filesystem: Boundary Escape (/tmp or %TEMP%),3. User Profile Temp,ATTACK,OBSERVED,REJECTED,DETECTED,true,15
4,2838,POST_REMEDIATION,Filesystem: Boundary Escape (/tmp or %TEMP%),4. Unconfigured Directory,ATTACK,UNOBSERVED,TRUSTED,MISSED,false,15
4,2840,POST_REMEDIATION,Filesystem: Boundary Escape (/tmp or %TEMP%),5. System Directory,ATTACK,UNOBSERVED,TRUSTED,MISSED,false,15
4,2842,POST_REMEDIATION,Filesystem: Boundary Escape (/tmp or %TEMP%),2. %TEMP% Directory,ATTACK,OBSERVED,REJECTED,DETECTED,true,15
4,2844,POST_REMEDIATION,Filesystem: Boundary Escape (/tmp or %TEMP%),3. User Profile Temp,ATTACK,OBSERVED,REJECTED,DETECTED,true,15
4,2846,POST_REMEDIATION,Filesystem: Boundary Escape (/tmp or %TEMP%),4. Unconfigured Directory,ATTACK,UNOBSERVED,TRUSTED,MISSED,false,15
4,2848,POST_REMEDIATION,Filesystem: Boundary Escape (/tmp or %TEMP%),5. System Directory,ATTACK,UNOBSERVED,TRUSTED,MISSED,false,15
4,2850,POST_REMEDIATION,Filesystem: Boundary Escape (/tmp or %TEMP%),2. %TEMP% Directory,ATTACK,OBSERVED,REJECTED,DETECTED,true,15
4,2852,POST_REMEDIATION,Filesystem: Boundary Escape (/tmp or %TEMP%),3. User Profile Temp,ATTACK,OBSERVED,REJECTED,DETECTED,true,15
4,2854,POST_REMEDIATION,Filesystem: Boundary Escape (/tmp or %TEMP%),4. Unconfigured Directory,ATTACK,UNOBSERVED,TRUSTED,MISSED,false,15
4,2856,POST_REMEDIATION,Filesystem: Boundary Escape (/tmp or %TEMP%),5. System Directory,ATTACK,UNOBSERVED,TRUSTED,MISSED,false,15
4,2858,POST_REMEDIATION,Filesystem: Boundary Escape (/tmp or %TEMP%),2. %TEMP% Directory,ATTACK,OBSERVED,REJECTED,DETECTED,true,15
4,2860,POST_REMEDIATION,Filesystem: Boundary Escape (/tmp or %TEMP%),3. User Profile Temp,ATTACK,OBSERVED,REJECTED,DETECTED,true,15
4,2862,POST_REMEDIATION,Filesystem: Boundary Escape (/tmp or %TEMP%),4. Unconfigured Directory,ATTACK,UNOBSERVED,TRUSTED,MISSED,false,15
4,2864,POST_REMEDIATION,Filesystem: Boundary Escape (/tmp or %TEMP%),5. System Directory,ATTACK,UNOBSERVED,TRUSTED,MISSED,false,15
4,2866,POST_REMEDIATION,Filesystem: Boundary Escape (/tmp or %TEMP%),2. %TEMP% Directory,ATTACK,OBSERVED,REJECTED,DETECTED,true,15
4,2868,POST_REMEDIATION,Filesystem: Boundary Escape (/tmp or %TEMP%),3. User Profile Temp,ATTACK,OBSERVED,REJECTED,DETECTED,true,15
4,2870,POST_REMEDIATION,Filesystem: Boundary Escape (/tmp or %TEMP%),4. Unconfigured Directory,ATTACK,UNOBSERVED,TRUSTED,MISSED,false,15
4,2872,POST_REMEDIATION,Filesystem: Boundary Escape (/tmp or %TEMP%),5. System Directory,ATTACK,UNOBSERVED,TRUSTED,MISSED,false,15
4,2874,POST_REMEDIATION,Filesystem: Boundary Escape (/tmp or %TEMP%),2. %TEMP% Directory,ATTACK,OBSERVED,REJECTED,DETECTED,true,15
4,2876,POST_REMEDIATION,Filesystem: Boundary Escape (/tmp or %TEMP%),3. User Profile Temp,ATTACK,OBSERVED,REJECTED,DETECTED,true,15
4,2878,POST_REMEDIATION,Filesystem: Boundary Escape (/tmp or %TEMP%),4. Unconfigured Directory,ATTACK,UNOBSERVED,TRUSTED,MISSED,false,15
4,2880,POST_REMEDIATION,Filesystem: Boundary Escape (/tmp or %TEMP%),5. System Directory,ATTACK,UNOBSERVED,TRUSTED,MISSED,false,15
4,2882,POST_REMEDIATION,Filesystem: Boundary Escape (/tmp or %TEMP%),2. %TEMP% Directory,ATTACK,OBSERVED,REJECTED,DETECTED,true,15
4,2884,POST_REMEDIATION,Filesystem: Boundary Escape (/tmp or %TEMP%),3. User Profile Temp,ATTACK,OBSERVED,REJECTED,DETECTED,true,15
4,2886,POST_REMEDIATION,Filesystem: Boundary Escape (/tmp or %TEMP%),4. Unconfigured Directory,ATTACK,UNOBSERVED,TRUSTED,MISSED,false,15
4,2888,POST_REMEDIATION,Filesystem: Boundary Escape (/tmp or %TEMP%),5. System Directory,ATTACK,UNOBSERVED,TRUSTED,MISSED,false,15
4,2890,POST_REMEDIATION,Filesystem: Boundary Escape (/tmp or %TEMP%),2. %TEMP% Directory,ATTACK,OBSERVED,REJECTED,DETECTED,true,15
4,2892,POST_REMEDIATION,Filesystem: Boundary Escape (/tmp or %TEMP%),3. User Profile Temp,ATTACK,OBSERVED,REJECTED,DETECTED,true,15
4,2894,POST_REMEDIATION,Filesystem: Boundary Escape (/tmp or %TEMP%),4. Unconfigured Directory,ATTACK,UNOBSERVED,TRUSTED,MISSED,false,15
4,2896,POST_REMEDIATION,Filesystem: Boundary Escape (/tmp or %TEMP%),5. System Directory,ATTACK,UNOBSERVED,TRUSTED,MISSED,false,15
4,2898,POST_REMEDIATION,Filesystem: Boundary Escape (/tmp or %TEMP%),2. %TEMP% Directory,ATTACK,OBSERVED,REJECTED,DETECTED,true,15
4,2900,POST_REMEDIATION,Filesystem: Boundary Escape (/tmp or %TEMP%),3. User Profile Temp,ATTACK,OBSERVED,REJECTED,DETECTED,true,15
4,2902,POST_REMEDIATION,Filesystem: Boundary Escape (/tmp or %TEMP%),4. Unconfigured Directory,ATTACK,UNOBSERVED,TRUSTED,MISSED,false,15
4,2904,POST_REMEDIATION,Filesystem: Boundary Escape (/tmp or %TEMP%),5. System Directory,ATTACK,UNOBSERVED,TRUSTED,MISSED,false,15
4,2906,POST_REMEDIATION,Filesystem: Boundary Escape (/tmp or %TEMP%),2. %TEMP% Directory,ATTACK,OBSERVED,REJECTED,DETECTED,true,15
4,2908,POST_REMEDIATION,Filesystem: Boundary Escape (/tmp or %TEMP%),3. User Profile Temp,ATTACK,OBSERVED,REJECTED,DETECTED,true,15
4,2910,POST_REMEDIATION,Filesystem: Boundary Escape (/tmp or %TEMP%),4. Unconfigured Directory,ATTACK,UNOBSERVED,TRUSTED,MISSED,false,15
4,2912,POST_REMEDIATION,Filesystem: Boundary Escape (/tmp or %TEMP%),5. System Directory,ATTACK,UNOBSERVED,TRUSTED,MISSED,false,15
4,2914,POST_REMEDIATION,Filesystem: Boundary Escape (/tmp or %TEMP%),2. %TEMP% Directory,ATTACK,OBSERVED,REJECTED,DETECTED,true,15
4,2916,POST_REMEDIATION,Filesystem: Boundary Escape (/tmp or %TEMP%),3. User Profile Temp,ATTACK,OBSERVED,REJECTED,DETECTED,true,15
4,2918,POST_REMEDIATION,Filesystem: Boundary Escape (/tmp or %TEMP%),4. Unconfigured Directory,ATTACK,UNOBSERVED,TRUSTED,MISSED,false,15
4,2920,POST_REMEDIATION,Filesystem: Boundary Escape (/tmp or %TEMP%),5. System Directory,ATTACK,UNOBSERVED,TRUSTED,MISSED,false,15
4,2922,POST_REMEDIATION,Filesystem: Boundary Escape (/tmp or %TEMP%),2. %TEMP% Directory,ATTACK,OBSERVED,REJECTED,DETECTED,true,15
4,2924,POST_REMEDIATION,Filesystem: Boundary Escape (/tmp or %TEMP%),3. User Profile Temp,ATTACK,OBSERVED,REJECTED,DETECTED,true,15
4,2926,POST_REMEDIATION,Filesystem: Boundary Escape (/tmp or %TEMP%),4. Unconfigured Directory,ATTACK,UNOBSERVED,TRUSTED,MISSED,false,15
4,2928,POST_REMEDIATION,Filesystem: Boundary Escape (/tmp or %TEMP%),5. System Directory,ATTACK,UNOBSERVED,TRUSTED,MISSED,false,15
4,2930,POST_REMEDIATION,Filesystem: Boundary Escape (/tmp or %TEMP%),2. %TEMP% Directory,ATTACK,OBSERVED,REJECTED,DETECTED,true,15
4,2932,POST_REMEDIATION,Filesystem: Boundary Escape (/tmp or %TEMP%),3. User Profile Temp,ATTACK,OBSERVED,REJECTED,DETECTED,true,15
4,2934,POST_REMEDIATION,Filesystem: Boundary Escape (/tmp or %TEMP%),4. Unconfigured Directory,ATTACK,UNOBSERVED,TRUSTED,MISSED,false,15
4,2936,POST_REMEDIATION,Filesystem: Boundary Escape (/tmp or %TEMP%),5. System Directory,ATTACK,UNOBSERVED,TRUSTED,MISSED,false,15
4,2938,POST_REMEDIATION,Filesystem: Boundary Escape (/tmp or %TEMP%),2. %TEMP% Directory,ATTACK,OBSERVED,REJECTED,DETECTED,true,15
4,2940,POST_REMEDIATION,Filesystem: Boundary Escape (/tmp or %TEMP%),3. User Profile Temp,ATTACK,OBSERVED,REJECTED,DETECTED,true,15
4,2942,POST_REMEDIATION,Filesystem: Boundary Escape (/tmp or %TEMP%),4. Unconfigured Directory,ATTACK,UNOBSERVED,TRUSTED,MISSED,false,15
4,2944,POST_REMEDIATION,Filesystem: Boundary Escape (/tmp or %TEMP%),5. System Directory,ATTACK,UNOBSERVED,TRUSTED,MISSED,false,15
4,2946,POST_REMEDIATION,Filesystem: Boundary Escape (/tmp or %TEMP%),2. %TEMP% Directory,ATTACK,OBSERVED,REJECTED,DETECTED,true,15
4,2948,POST_REMEDIATION,Filesystem: Boundary Escape (/tmp or %TEMP%),3. User Profile Temp,ATTACK,OBSERVED,REJECTED,DETECTED,true,15
4,2950,POST_REMEDIATION,Filesystem: Boundary Escape (/tmp or %TEMP%),4. Unconfigured Directory,ATTACK,UNOBSERVED,TRUSTED,MISSED,false,15
4,2952,POST_REMEDIATION,Filesystem: Boundary Escape (/tmp or %TEMP%),5. System Directory,ATTACK,UNOBSERVED,TRUSTED,MISSED,false,15
4,2954,POST_REMEDIATION,Filesystem: Boundary Escape (/tmp or %TEMP%),2. %TEMP% Directory,ATTACK,OBSERVED,REJECTED,DETECTED,true,15
4,2956,POST_REMEDIATION,Filesystem: Boundary Escape (/tmp or %TEMP%),3. User Profile Temp,ATTACK,OBSERVED,REJECTED,DETECTED,true,15
4,2958,POST_REMEDIATION,Filesystem: Boundary Escape (/tmp or %TEMP%),4. Unconfigured Directory,ATTACK,UNOBSERVED,TRUSTED,MISSED,false,15
4,2960,POST_REMEDIATION,Filesystem: Boundary Escape (/tmp or %TEMP%),5. System Directory,ATTACK,UNOBSERVED,TRUSTED,MISSED,false,15
4,2962,POST_REMEDIATION,Filesystem: Boundary Escape (/tmp or %TEMP%),2. %TEMP% Directory,ATTACK,OBSERVED,REJECTED,DETECTED,true,15
4,2964,POST_REMEDIATION,Filesystem: Boundary Escape (/tmp or %TEMP%),3. User Profile Temp,ATTACK,OBSERVED,REJECTED,DETECTED,true,15
4,2966,POST_REMEDIATION,Filesystem: Boundary Escape (/tmp or %TEMP%),4. Unconfigured Directory,ATTACK,UNOBSERVED,TRUSTED,MISSED,false,15
4,2968,POST_REMEDIATION,Filesystem: Boundary Escape (/tmp or %TEMP%),5. System Directory,ATTACK,UNOBSERVED,TRUSTED,MISSED,false,15
4,2970,POST_REMEDIATION,Filesystem: Boundary Escape (/tmp or %TEMP%),2. %TEMP% Directory,ATTACK,OBSERVED,REJECTED,DETECTED,true,15
4,2972,POST_REMEDIATION,Filesystem: Boundary Escape (/tmp or %TEMP%),3. User Profile Temp,ATTACK,OBSERVED,REJECTED,DETECTED,true,15
4,2974,POST_REMEDIATION,Filesystem: Boundary Escape (/tmp or %TEMP%),4. Unconfigured Directory,ATTACK,UNOBSERVED,TRUSTED,MISSED,false,15
4,2976,POST_REMEDIATION,Filesystem: Boundary Escape (/tmp or %TEMP%),5. System Directory,ATTACK,UNOBSERVED,TRUSTED,MISSED,false,15
4,2978,POST_REMEDIATION,Filesystem: Boundary Escape (/tmp or %TEMP%),2. %TEMP% Directory,ATTACK,OBSERVED,REJECTED,DETECTED,true,15
4,2980,POST_REMEDIATION,Filesystem: Boundary Escape (/tmp or %TEMP%),3. User Profile Temp,ATTACK,OBSERVED,REJECTED,DETECTED,true,15
4,2982,POST_REMEDIATION,Filesystem: Boundary Escape (/tmp or %TEMP%),4. Unconfigured Directory,ATTACK,UNOBSERVED,TRUSTED,MISSED,false,15
4,2984,POST_REMEDIATION,Filesystem: Boundary Escape (/tmp or %TEMP%),5. System Directory,ATTACK,UNOBSERVED,TRUSTED,MISSED,false,15
4,2986,POST_REMEDIATION,Filesystem: Boundary Escape (/tmp or %TEMP%),2. %TEMP% Directory,ATTACK,OBSERVED,REJECTED,DETECTED,true,15
4,2988,POST_REMEDIATION,Filesystem: Boundary Escape (/tmp or %TEMP%),3. User Profile Temp,ATTACK,OBSERVED,REJECTED,DETECTED,true,15
4,2990,POST_REMEDIATION,Filesystem: Boundary Escape (/tmp or %TEMP%),4. Unconfigured Directory,ATTACK,UNOBSERVED,TRUSTED,MISSED,false,15
4,2992,POST_REMEDIATION,Filesystem: Boundary Escape (/tmp or %TEMP%),5. System Directory,ATTACK,UNOBSERVED,TRUSTED,MISSED,false,15
4,2994,POST_REMEDIATION,Filesystem: Boundary Escape (/tmp or %TEMP%),2. %TEMP% Directory,ATTACK,OBSERVED,REJECTED,DETECTED,true,15
4,2996,POST_REMEDIATION,Filesystem: Boundary Escape (/tmp or %TEMP%),3. User Profile Temp,ATTACK,OBSERVED,REJECTED,DETECTED,true,15
4,2998,POST_REMEDIATION,Filesystem: Boundary Escape (/tmp or %TEMP%),4. Unconfigured Directory,ATTACK,UNOBSERVED,TRUSTED,MISSED,false,15
4,3000,POST_REMEDIATION,Filesystem: Boundary Escape (/tmp or %TEMP%),5. System Directory,ATTACK,UNOBSERVED,TRUSTED,MISSED,false,15
4,3002,POST_REMEDIATION,Network: Ephemeral UDP/DNS Exfiltration,3. Unauthorized DNS TXT Exfiltration,ATTACK,OBSERVED,REJECTED,DETECTED,true,14
4,3004,POST_REMEDIATION,Network: Ephemeral UDP/DNS Exfiltration,4. Stateless UDP Socket Egress,ATTACK,OBSERVED,REJECTED,DETECTED,true,14
4,3006,POST_REMEDIATION,Network: Ephemeral UDP/DNS Exfiltration,3. Unauthorized DNS TXT Exfiltration,ATTACK,OBSERVED,REJECTED,DETECTED,true,14
4,3008,POST_REMEDIATION,Network: Ephemeral UDP/DNS Exfiltration,4. Stateless UDP Socket Egress,ATTACK,OBSERVED,REJECTED,DETECTED,true,14
4,3010,POST_REMEDIATION,Network: Ephemeral UDP/DNS Exfiltration,3. Unauthorized DNS TXT Exfiltration,ATTACK,OBSERVED,REJECTED,DETECTED,true,14
4,3012,POST_REMEDIATION,Network: Ephemeral UDP/DNS Exfiltration,4. Stateless UDP Socket Egress,ATTACK,OBSERVED,REJECTED,DETECTED,true,14
4,3014,POST_REMEDIATION,Network: Ephemeral UDP/DNS Exfiltration,3. Unauthorized DNS TXT Exfiltration,ATTACK,OBSERVED,REJECTED,DETECTED,true,14
4,3016,POST_REMEDIATION,Network: Ephemeral UDP/DNS Exfiltration,4. Stateless UDP Socket Egress,ATTACK,OBSERVED,REJECTED,DETECTED,true,14
4,3018,POST_REMEDIATION,Network: Ephemeral UDP/DNS Exfiltration,3. Unauthorized DNS TXT Exfiltration,ATTACK,OBSERVED,REJECTED,DETECTED,true,14
4,3020,POST_REMEDIATION,Network: Ephemeral UDP/DNS Exfiltration,4. Stateless UDP Socket Egress,ATTACK,OBSERVED,REJECTED,DETECTED,true,14
4,3022,POST_REMEDIATION,Network: Ephemeral UDP/DNS Exfiltration,3. Unauthorized DNS TXT Exfiltration,ATTACK,OBSERVED,REJECTED,DETECTED,true,14
4,3024,POST_REMEDIATION,Network: Ephemeral UDP/DNS Exfiltration,4. Stateless UDP Socket Egress,ATTACK,OBSERVED,REJECTED,DETECTED,true,14
4,3026,POST_REMEDIATION,Network: Ephemeral UDP/DNS Exfiltration,3. Unauthorized DNS TXT Exfiltration,ATTACK,OBSERVED,REJECTED,DETECTED,true,14
4,3028,POST_REMEDIATION,Network: Ephemeral UDP/DNS Exfiltration,4. Stateless UDP Socket Egress,ATTACK,OBSERVED,REJECTED,DETECTED,true,14
4,3030,POST_REMEDIATION,Network: Ephemeral UDP/DNS Exfiltration,3. Unauthorized DNS TXT Exfiltration,ATTACK,OBSERVED,REJECTED,DETECTED,true,14
4,3032,POST_REMEDIATION,Network: Ephemeral UDP/DNS Exfiltration,4. Stateless UDP Socket Egress,ATTACK,OBSERVED,REJECTED,DETECTED,true,14
4,3034,POST_REMEDIATION,Network: Ephemeral UDP/DNS Exfiltration,3. Unauthorized DNS TXT Exfiltration,ATTACK,OBSERVED,REJECTED,DETECTED,true,14
4,3036,POST_REMEDIATION,Network: Ephemeral UDP/DNS Exfiltration,4. Stateless UDP Socket Egress,ATTACK,OBSERVED,REJECTED,DETECTED,true,14
4,3038,POST_REMEDIATION,Network: Ephemeral UDP/DNS Exfiltration,3. Unauthorized DNS TXT Exfiltration,ATTACK,OBSERVED,REJECTED,DETECTED,true,14
4,3040,POST_REMEDIATION,Network: Ephemeral UDP/DNS Exfiltration,4. Stateless UDP Socket Egress,ATTACK,OBSERVED,REJECTED,DETECTED,true,14
4,3042,POST_REMEDIATION,Network: Ephemeral UDP/DNS Exfiltration,3. Unauthorized DNS TXT Exfiltration,ATTACK,OBSERVED,REJECTED,DETECTED,true,14
4,3044,POST_REMEDIATION,Network: Ephemeral UDP/DNS Exfiltration,4. Stateless UDP Socket Egress,ATTACK,OBSERVED,REJECTED,DETECTED,true,14
4,3046,POST_REMEDIATION,Network: Ephemeral UDP/DNS Exfiltration,3. Unauthorized DNS TXT Exfiltration,ATTACK,OBSERVED,REJECTED,DETECTED,true,14
4,3048,POST_REMEDIATION,Network: Ephemeral UDP/DNS Exfiltration,4. Stateless UDP Socket Egress,ATTACK,OBSERVED,REJECTED,DETECTED,true,14
4,3050,POST_REMEDIATION,Network: Ephemeral UDP/DNS Exfiltration,3. Unauthorized DNS TXT Exfiltration,ATTACK,OBSERVED,REJECTED,DETECTED,true,14
4,3052,POST_REMEDIATION,Network: Ephemeral UDP/DNS Exfiltration,4. Stateless UDP Socket Egress,ATTACK,OBSERVED,REJECTED,DETECTED,true,14
4,3054,POST_REMEDIATION,Network: Ephemeral UDP/DNS Exfiltration,3. Unauthorized DNS TXT Exfiltration,ATTACK,OBSERVED,REJECTED,DETECTED,true,14
4,3056,POST_REMEDIATION,Network: Ephemeral UDP/DNS Exfiltration,4. Stateless UDP Socket Egress,ATTACK,OBSERVED,REJECTED,DETECTED,true,14
4,3058,POST_REMEDIATION,Network: Ephemeral UDP/DNS Exfiltration,3. Unauthorized DNS TXT Exfiltration,ATTACK,OBSERVED,REJECTED,DETECTED,true,14
4,3060,POST_REMEDIATION,Network: Ephemeral UDP/DNS Exfiltration,4. Stateless UDP Socket Egress,ATTACK,OBSERVED,REJECTED,DETECTED,true,14
4,3062,POST_REMEDIATION,Network: Ephemeral UDP/DNS Exfiltration,3. Unauthorized DNS TXT Exfiltration,ATTACK,OBSERVED,REJECTED,DETECTED,true,14
4,3064,POST_REMEDIATION,Network: Ephemeral UDP/DNS Exfiltration,4. Stateless UDP Socket Egress,ATTACK,OBSERVED,REJECTED,DETECTED,true,14
4,3066,POST_REMEDIATION,Network: Ephemeral UDP/DNS Exfiltration,3. Unauthorized DNS TXT Exfiltration,ATTACK,OBSERVED,REJECTED,DETECTED,true,14
4,3068,POST_REMEDIATION,Network: Ephemeral UDP/DNS Exfiltration,4. Stateless UDP Socket Egress,ATTACK,OBSERVED,REJECTED,DETECTED,true,14
4,3070,POST_REMEDIATION,Network: Ephemeral UDP/DNS Exfiltration,3. Unauthorized DNS TXT Exfiltration,ATTACK,OBSERVED,REJECTED,DETECTED,true,14
4,3072,POST_REMEDIATION,Network: Ephemeral UDP/DNS Exfiltration,4. Stateless UDP Socket Egress,ATTACK,OBSERVED,REJECTED,DETECTED,true,14
4,3074,POST_REMEDIATION,Network: Ephemeral UDP/DNS Exfiltration,3. Unauthorized DNS TXT Exfiltration,ATTACK,OBSERVED,REJECTED,DETECTED,true,14
4,3076,POST_REMEDIATION,Network: Ephemeral UDP/DNS Exfiltration,4. Stateless UDP Socket Egress,ATTACK,OBSERVED,REJECTED,DETECTED,true,14
4,3078,POST_REMEDIATION,Network: Ephemeral UDP/DNS Exfiltration,3. Unauthorized DNS TXT Exfiltration,ATTACK,OBSERVED,REJECTED,DETECTED,true,14
4,3080,POST_REMEDIATION,Network: Ephemeral UDP/DNS Exfiltration,4. Stateless UDP Socket Egress,ATTACK,OBSERVED,REJECTED,DETECTED,true,14
4,3082,POST_REMEDIATION,Network: Ephemeral UDP/DNS Exfiltration,3. Unauthorized DNS TXT Exfiltration,ATTACK,OBSERVED,REJECTED,DETECTED,true,14
4,3084,POST_REMEDIATION,Network: Ephemeral UDP/DNS Exfiltration,4. Stateless UDP Socket Egress,ATTACK,OBSERVED,REJECTED,DETECTED,true,14
4,3086,POST_REMEDIATION,Network: Ephemeral UDP/DNS Exfiltration,3. Unauthorized DNS TXT Exfiltration,ATTACK,OBSERVED,REJECTED,DETECTED,true,14
4,3088,POST_REMEDIATION,Network: Ephemeral UDP/DNS Exfiltration,4. Stateless UDP Socket Egress,ATTACK,OBSERVED,REJECTED,DETECTED,true,14
4,3090,POST_REMEDIATION,Network: Ephemeral UDP/DNS Exfiltration,3. Unauthorized DNS TXT Exfiltration,ATTACK,OBSERVED,REJECTED,DETECTED,true,14
4,3092,POST_REMEDIATION,Network: Ephemeral UDP/DNS Exfiltration,4. Stateless UDP Socket Egress,ATTACK,OBSERVED,REJECTED,DETECTED,true,14
4,3094,POST_REMEDIATION,Network: Ephemeral UDP/DNS Exfiltration,3. Unauthorized DNS TXT Exfiltration,ATTACK,OBSERVED,REJECTED,DETECTED,true,14
4,3096,POST_REMEDIATION,Network: Ephemeral UDP/DNS Exfiltration,4. Stateless UDP Socket Egress,ATTACK,OBSERVED,REJECTED,DETECTED,true,14
4,3098,POST_REMEDIATION,Network: Ephemeral UDP/DNS Exfiltration,3. Unauthorized DNS TXT Exfiltration,ATTACK,OBSERVED,REJECTED,DETECTED,true,14
4,3100,POST_REMEDIATION,Network: Ephemeral UDP/DNS Exfiltration,4. Stateless UDP Socket Egress,ATTACK,OBSERVED,REJECTED,DETECTED,true,14
4,3102,POST_REMEDIATION,Network: Ephemeral UDP/DNS Exfiltration,3. Unauthorized DNS TXT Exfiltration,ATTACK,OBSERVED,REJECTED,DETECTED,true,14
4,3104,POST_REMEDIATION,Network: Ephemeral UDP/DNS Exfiltration,4. Stateless UDP Socket Egress,ATTACK,OBSERVED,REJECTED,DETECTED,true,14
4,3106,POST_REMEDIATION,Network: Ephemeral UDP/DNS Exfiltration,3. Unauthorized DNS TXT Exfiltration,ATTACK,OBSERVED,REJECTED,DETECTED,true,14
4,3108,POST_REMEDIATION,Network: Ephemeral UDP/DNS Exfiltration,4. Stateless UDP Socket Egress,ATTACK,OBSERVED,REJECTED,DETECTED,true,14
4,3110,POST_REMEDIATION,Network: Ephemeral UDP/DNS Exfiltration,3. Unauthorized DNS TXT Exfiltration,ATTACK,OBSERVED,REJECTED,DETECTED,true,14
4,3112,POST_REMEDIATION,Network: Ephemeral UDP/DNS Exfiltration,4. Stateless UDP Socket Egress,ATTACK,OBSERVED,REJECTED,DETECTED,true,14
4,3114,POST_REMEDIATION,Network: Ephemeral UDP/DNS Exfiltration,3. Unauthorized DNS TXT Exfiltration,ATTACK,OBSERVED,REJECTED,DETECTED,true,14
4,3116,POST_REMEDIATION,Network: Ephemeral UDP/DNS Exfiltration,4. Stateless UDP Socket Egress,ATTACK,OBSERVED,REJECTED,DETECTED,true,14
4,3118,POST_REMEDIATION,Network: Ephemeral UDP/DNS Exfiltration,3. Unauthorized DNS TXT Exfiltration,ATTACK,OBSERVED,REJECTED,DETECTED,true,14
4,3120,POST_REMEDIATION,Network: Ephemeral UDP/DNS Exfiltration,4. Stateless UDP Socket Egress,ATTACK,OBSERVED,REJECTED,DETECTED,true,14
4,3122,POST_REMEDIATION,Network: Ephemeral UDP/DNS Exfiltration,3. Unauthorized DNS TXT Exfiltration,ATTACK,OBSERVED,REJECTED,DETECTED,true,14
4,3124,POST_REMEDIATION,Network: Ephemeral UDP/DNS Exfiltration,4. Stateless UDP Socket Egress,ATTACK,OBSERVED,REJECTED,DETECTED,true,14
4,3126,POST_REMEDIATION,Network: Ephemeral UDP/DNS Exfiltration,3. Unauthorized DNS TXT Exfiltration,ATTACK,OBSERVED,REJECTED,DETECTED,true,14
4,3128,POST_REMEDIATION,Network: Ephemeral UDP/DNS Exfiltration,4. Stateless UDP Socket Egress,ATTACK,OBSERVED,REJECTED,DETECTED,true,14
4,3130,POST_REMEDIATION,Network: Ephemeral UDP/DNS Exfiltration,3. Unauthorized DNS TXT Exfiltration,ATTACK,OBSERVED,REJECTED,DETECTED,true,14
4,3132,POST_REMEDIATION,Network: Ephemeral UDP/DNS Exfiltration,4. Stateless UDP Socket Egress,ATTACK,OBSERVED,REJECTED,DETECTED,true,14
4,3134,POST_REMEDIATION,Network: Ephemeral UDP/DNS Exfiltration,3. Unauthorized DNS TXT Exfiltration,ATTACK,OBSERVED,REJECTED,DETECTED,true,14
4,3136,POST_REMEDIATION,Network: Ephemeral UDP/DNS Exfiltration,4. Stateless UDP Socket Egress,ATTACK,OBSERVED,REJECTED,DETECTED,true,14
4,3138,POST_REMEDIATION,Network: Ephemeral UDP/DNS Exfiltration,3. Unauthorized DNS TXT Exfiltration,ATTACK,OBSERVED,REJECTED,DETECTED,true,14
4,3140,POST_REMEDIATION,Network: Ephemeral UDP/DNS Exfiltration,4. Stateless UDP Socket Egress,ATTACK,OBSERVED,REJECTED,DETECTED,true,14
4,3142,POST_REMEDIATION,Network: Ephemeral UDP/DNS Exfiltration,3. Unauthorized DNS TXT Exfiltration,ATTACK,OBSERVED,REJECTED,DETECTED,true,14
4,3144,POST_REMEDIATION,Network: Ephemeral UDP/DNS Exfiltration,4. Stateless UDP Socket Egress,ATTACK,OBSERVED,REJECTED,DETECTED,true,14
4,3146,POST_REMEDIATION,Network: Ephemeral UDP/DNS Exfiltration,3. Unauthorized DNS TXT Exfiltration,ATTACK,OBSERVED,REJECTED,DETECTED,true,14
4,3148,POST_REMEDIATION,Network: Ephemeral UDP/DNS Exfiltration,4. Stateless UDP Socket Egress,ATTACK,OBSERVED,REJECTED,DETECTED,true,14
4,3150,POST_REMEDIATION,Network: Ephemeral UDP/DNS Exfiltration,3. Unauthorized DNS TXT Exfiltration,ATTACK,OBSERVED,REJECTED,DETECTED,true,14
4,3152,POST_REMEDIATION,Network: Ephemeral UDP/DNS Exfiltration,4. Stateless UDP Socket Egress,ATTACK,OBSERVED,REJECTED,DETECTED,true,14
4,3154,POST_REMEDIATION,Network: Ephemeral UDP/DNS Exfiltration,3. Unauthorized DNS TXT Exfiltration,ATTACK,OBSERVED,REJECTED,DETECTED,true,14
4,3156,POST_REMEDIATION,Network: Ephemeral UDP/DNS Exfiltration,4. Stateless UDP Socket Egress,ATTACK,OBSERVED,REJECTED,DETECTED,true,14
4,3158,POST_REMEDIATION,Network: Ephemeral UDP/DNS Exfiltration,3. Unauthorized DNS TXT Exfiltration,ATTACK,OBSERVED,REJECTED,DETECTED,true,14
4,3160,POST_REMEDIATION,Network: Ephemeral UDP/DNS Exfiltration,4. Stateless UDP Socket Egress,ATTACK,OBSERVED,REJECTED,DETECTED,true,14
4,3162,POST_REMEDIATION,Network: Ephemeral UDP/DNS Exfiltration,3. Unauthorized DNS TXT Exfiltration,ATTACK,OBSERVED,REJECTED,DETECTED,true,14
4,3164,POST_REMEDIATION,Network: Ephemeral UDP/DNS Exfiltration,4. Stateless UDP Socket Egress,ATTACK,OBSERVED,REJECTED,DETECTED,true,14
4,3166,POST_REMEDIATION,Network: Ephemeral UDP/DNS Exfiltration,3. Unauthorized DNS TXT Exfiltration,ATTACK,OBSERVED,REJECTED,DETECTED,true,14
4,3168,POST_REMEDIATION,Network: Ephemeral UDP/DNS Exfiltration,4. Stateless UDP Socket Egress,ATTACK,OBSERVED,REJECTED,DETECTED,true,14
4,3170,POST_REMEDIATION,Network: Ephemeral UDP/DNS Exfiltration,3. Unauthorized DNS TXT Exfiltration,ATTACK,OBSERVED,REJECTED,DETECTED,true,14
4,3172,POST_REMEDIATION,Network: Ephemeral UDP/DNS Exfiltration,4. Stateless UDP Socket Egress,ATTACK,OBSERVED,REJECTED,DETECTED,true,14
4,3174,POST_REMEDIATION,Network: Ephemeral UDP/DNS Exfiltration,3. Unauthorized DNS TXT Exfiltration,ATTACK,OBSERVED,REJECTED,DETECTED,true,14
4,3176,POST_REMEDIATION,Network: Ephemeral UDP/DNS Exfiltration,4. Stateless UDP Socket Egress,ATTACK,OBSERVED,REJECTED,DETECTED,true,14
4,3178,POST_REMEDIATION,Network: Ephemeral UDP/DNS Exfiltration,3. Unauthorized DNS TXT Exfiltration,ATTACK,OBSERVED,REJECTED,DETECTED,true,14
4,3180,POST_REMEDIATION,Network: Ephemeral UDP/DNS Exfiltration,4. Stateless UDP Socket Egress,ATTACK,OBSERVED,REJECTED,DETECTED,true,14
4,3182,POST_REMEDIATION,Network: Ephemeral UDP/DNS Exfiltration,3. Unauthorized DNS TXT Exfiltration,ATTACK,OBSERVED,REJECTED,DETECTED,true,14
4,3184,POST_REMEDIATION,Network: Ephemeral UDP/DNS Exfiltration,4. Stateless UDP Socket Egress,ATTACK,OBSERVED,REJECTED,DETECTED,true,14
4,3186,POST_REMEDIATION,Network: Ephemeral UDP/DNS Exfiltration,3. Unauthorized DNS TXT Exfiltration,ATTACK,OBSERVED,REJECTED,DETECTED,true,14
4,3188,POST_REMEDIATION,Network: Ephemeral UDP/DNS Exfiltration,4. Stateless UDP Socket Egress,ATTACK,OBSERVED,REJECTED,DETECTED,true,14
4,3190,POST_REMEDIATION,Network: Ephemeral UDP/DNS Exfiltration,3. Unauthorized DNS TXT Exfiltration,ATTACK,OBSERVED,REJECTED,DETECTED,true,14
4,3192,POST_REMEDIATION,Network: Ephemeral UDP/DNS Exfiltration,4. Stateless UDP Socket Egress,ATTACK,OBSERVED,REJECTED,DETECTED,true,14
4,3194,POST_REMEDIATION,Network: Ephemeral UDP/DNS Exfiltration,3. Unauthorized DNS TXT Exfiltration,ATTACK,OBSERVED,REJECTED,DETECTED,true,14
4,3196,POST_REMEDIATION,Network: Ephemeral UDP/DNS Exfiltration,4. Stateless UDP Socket Egress,ATTACK,OBSERVED,REJECTED,DETECTED,true,14
4,3198,POST_REMEDIATION,Network: Ephemeral UDP/DNS Exfiltration,3. Unauthorized DNS TXT Exfiltration,ATTACK,OBSERVED,REJECTED,DETECTED,true,14
4,3200,POST_REMEDIATION,Network: Ephemeral UDP/DNS Exfiltration,4. Stateless UDP Socket Egress,ATTACK,OBSERVED,REJECTED,DETECTED,true,14
5,3202,POST_REMEDIATION,Source: Commit Author/Email Spoofing,Case B: Unsigned Commit (Author Spoofed),ATTACK,OBSERVED,REJECTED,DETECTED,true,12
5,3204,POST_REMEDIATION,Source: Commit Author/Email Spoofing,Case B: Unsigned Commit (Author Spoofed),ATTACK,OBSERVED,REJECTED,DETECTED,true,12
5,3206,POST_REMEDIATION,Source: Commit Author/Email Spoofing,Case B: Unsigned Commit (Author Spoofed),ATTACK,OBSERVED,REJECTED,DETECTED,true,12
5,3208,POST_REMEDIATION,Source: Commit Author/Email Spoofing,Case B: Unsigned Commit (Author Spoofed),ATTACK,OBSERVED,REJECTED,DETECTED,true,12
5,3210,POST_REMEDIATION,Source: Commit Author/Email Spoofing,Case B: Unsigned Commit (Author Spoofed),ATTACK,OBSERVED,REJECTED,DETECTED,true,12
5,3212,POST_REMEDIATION,Source: Commit Author/Email Spoofing,Case B: Unsigned Commit (Author Spoofed),ATTACK,OBSERVED,REJECTED,DETECTED,true,12
5,3214,POST_REMEDIATION,Source: Commit Author/Email Spoofing,Case B: Unsigned Commit (Author Spoofed),ATTACK,OBSERVED,REJECTED,DETECTED,true,12
5,3216,POST_REMEDIATION,Source: Commit Author/Email Spoofing,Case B: Unsigned Commit (Author Spoofed),ATTACK,OBSERVED,REJECTED,DETECTED,true,12
5,3218,POST_REMEDIATION,Source: Commit Author/Email Spoofing,Case B: Unsigned Commit (Author Spoofed),ATTACK,OBSERVED,REJECTED,DETECTED,true,12
5,3220,POST_REMEDIATION,Source: Commit Author/Email Spoofing,Case B: Unsigned Commit (Author Spoofed),ATTACK,OBSERVED,REJECTED,DETECTED,true,12
5,3222,POST_REMEDIATION,Source: Commit Author/Email Spoofing,Case B: Unsigned Commit (Author Spoofed),ATTACK,OBSERVED,REJECTED,DETECTED,true,12
5,3224,POST_REMEDIATION,Source: Commit Author/Email Spoofing,Case B: Unsigned Commit (Author Spoofed),ATTACK,OBSERVED,REJECTED,DETECTED,true,12
5,3226,POST_REMEDIATION,Source: Commit Author/Email Spoofing,Case B: Unsigned Commit (Author Spoofed),ATTACK,OBSERVED,REJECTED,DETECTED,true,12
5,3228,POST_REMEDIATION,Source: Commit Author/Email Spoofing,Case B: Unsigned Commit (Author Spoofed),ATTACK,OBSERVED,REJECTED,DETECTED,true,12
5,3230,POST_REMEDIATION,Source: Commit Author/Email Spoofing,Case B: Unsigned Commit (Author Spoofed),ATTACK,OBSERVED,REJECTED,DETECTED,true,12
5,3232,POST_REMEDIATION,Source: Commit Author/Email Spoofing,Case B: Unsigned Commit (Author Spoofed),ATTACK,OBSERVED,REJECTED,DETECTED,true,12
5,3234,POST_REMEDIATION,Source: Commit Author/Email Spoofing,Case B: Unsigned Commit (Author Spoofed),ATTACK,OBSERVED,REJECTED,DETECTED,true,12
5,3236,POST_REMEDIATION,Source: Commit Author/Email Spoofing,Case B: Unsigned Commit (Author Spoofed),ATTACK,OBSERVED,REJECTED,DETECTED,true,12
5,3238,POST_REMEDIATION,Source: Commit Author/Email Spoofing,Case B: Unsigned Commit (Author Spoofed),ATTACK,OBSERVED,REJECTED,DETECTED,true,12
5,3240,POST_REMEDIATION,Source: Commit Author/Email Spoofing,Case B: Unsigned Commit (Author Spoofed),ATTACK,OBSERVED,REJECTED,DETECTED,true,12
5,3242,POST_REMEDIATION,Source: Commit Author/Email Spoofing,Case B: Unsigned Commit (Author Spoofed),ATTACK,OBSERVED,REJECTED,DETECTED,true,12
5,3244,POST_REMEDIATION,Source: Commit Author/Email Spoofing,Case B: Unsigned Commit (Author Spoofed),ATTACK,OBSERVED,REJECTED,DETECTED,true,12
5,3246,POST_REMEDIATION,Source: Commit Author/Email Spoofing,Case B: Unsigned Commit (Author Spoofed),ATTACK,OBSERVED,REJECTED,DETECTED,true,12
5,3248,POST_REMEDIATION,Source: Commit Author/Email Spoofing,Case B: Unsigned Commit (Author Spoofed),ATTACK,OBSERVED,REJECTED,DETECTED,true,12
5,3250,POST_REMEDIATION,Source: Commit Author/Email Spoofing,Case B: Unsigned Commit (Author Spoofed),ATTACK,OBSERVED,REJECTED,DETECTED,true,12
5,3252,POST_REMEDIATION,Source: Commit Author/Email Spoofing,Case B: Unsigned Commit (Author Spoofed),ATTACK,OBSERVED,REJECTED,DETECTED,true,12
5,3254,POST_REMEDIATION,Source: Commit Author/Email Spoofing,Case B: Unsigned Commit (Author Spoofed),ATTACK,OBSERVED,REJECTED,DETECTED,true,12
5,3256,POST_REMEDIATION,Source: Commit Author/Email Spoofing,Case B: Unsigned Commit (Author Spoofed),ATTACK,OBSERVED,REJECTED,DETECTED,true,12
5,3258,POST_REMEDIATION,Source: Commit Author/Email Spoofing,Case B: Unsigned Commit (Author Spoofed),ATTACK,OBSERVED,REJECTED,DETECTED,true,12
5,3260,POST_REMEDIATION,Source: Commit Author/Email Spoofing,Case B: Unsigned Commit (Author Spoofed),ATTACK,OBSERVED,REJECTED,DETECTED,true,12
5,3262,POST_REMEDIATION,Source: Commit Author/Email Spoofing,Case B: Unsigned Commit (Author Spoofed),ATTACK,OBSERVED,REJECTED,DETECTED,true,12
5,3264,POST_REMEDIATION,Source: Commit Author/Email Spoofing,Case B: Unsigned Commit (Author Spoofed),ATTACK,OBSERVED,REJECTED,DETECTED,true,12
5,3266,POST_REMEDIATION,Source: Commit Author/Email Spoofing,Case B: Unsigned Commit (Author Spoofed),ATTACK,OBSERVED,REJECTED,DETECTED,true,12
5,3268,POST_REMEDIATION,Source: Commit Author/Email Spoofing,Case B: Unsigned Commit (Author Spoofed),ATTACK,OBSERVED,REJECTED,DETECTED,true,12
5,3270,POST_REMEDIATION,Source: Commit Author/Email Spoofing,Case B: Unsigned Commit (Author Spoofed),ATTACK,OBSERVED,REJECTED,DETECTED,true,12
5,3272,POST_REMEDIATION,Source: Commit Author/Email Spoofing,Case B: Unsigned Commit (Author Spoofed),ATTACK,OBSERVED,REJECTED,DETECTED,true,12
5,3274,POST_REMEDIATION,Source: Commit Author/Email Spoofing,Case B: Unsigned Commit (Author Spoofed),ATTACK,OBSERVED,REJECTED,DETECTED,true,12
5,3276,POST_REMEDIATION,Source: Commit Author/Email Spoofing,Case B: Unsigned Commit (Author Spoofed),ATTACK,OBSERVED,REJECTED,DETECTED,true,12
5,3278,POST_REMEDIATION,Source: Commit Author/Email Spoofing,Case B: Unsigned Commit (Author Spoofed),ATTACK,OBSERVED,REJECTED,DETECTED,true,12
5,3280,POST_REMEDIATION,Source: Commit Author/Email Spoofing,Case B: Unsigned Commit (Author Spoofed),ATTACK,OBSERVED,REJECTED,DETECTED,true,12
5,3282,POST_REMEDIATION,Source: Commit Author/Email Spoofing,Case B: Unsigned Commit (Author Spoofed),ATTACK,OBSERVED,REJECTED,DETECTED,true,12
5,3284,POST_REMEDIATION,Source: Commit Author/Email Spoofing,Case B: Unsigned Commit (Author Spoofed),ATTACK,OBSERVED,REJECTED,DETECTED,true,12
5,3286,POST_REMEDIATION,Source: Commit Author/Email Spoofing,Case B: Unsigned Commit (Author Spoofed),ATTACK,OBSERVED,REJECTED,DETECTED,true,12
5,3288,POST_REMEDIATION,Source: Commit Author/Email Spoofing,Case B: Unsigned Commit (Author Spoofed),ATTACK,OBSERVED,REJECTED,DETECTED,true,12
5,3290,POST_REMEDIATION,Source: Commit Author/Email Spoofing,Case B: Unsigned Commit (Author Spoofed),ATTACK,OBSERVED,REJECTED,DETECTED,true,12
5,3292,POST_REMEDIATION,Source: Commit Author/Email Spoofing,Case B: Unsigned Commit (Author Spoofed),ATTACK,OBSERVED,REJECTED,DETECTED,true,12
5,3294,POST_REMEDIATION,Source: Commit Author/Email Spoofing,Case B: Unsigned Commit (Author Spoofed),ATTACK,OBSERVED,REJECTED,DETECTED,true,12
5,3296,POST_REMEDIATION,Source: Commit Author/Email Spoofing,Case B: Unsigned Commit (Author Spoofed),ATTACK,OBSERVED,REJECTED,DETECTED,true,12
5,3298,POST_REMEDIATION,Source: Commit Author/Email Spoofing,Case B: Unsigned Commit (Author Spoofed),ATTACK,OBSERVED,REJECTED,DETECTED,true,12
5,3300,POST_REMEDIATION,Source: Commit Author/Email Spoofing,Case B: Unsigned Commit (Author Spoofed),ATTACK,OBSERVED,REJECTED,DETECTED,true,12
5,3302,POST_REMEDIATION,Source: Commit Author/Email Spoofing,Case B: Unsigned Commit (Author Spoofed),ATTACK,OBSERVED,REJECTED,DETECTED,true,12
5,3304,POST_REMEDIATION,Source: Commit Author/Email Spoofing,Case B: Unsigned Commit (Author Spoofed),ATTACK,OBSERVED,REJECTED,DETECTED,true,12
5,3306,POST_REMEDIATION,Source: Commit Author/Email Spoofing,Case B: Unsigned Commit (Author Spoofed),ATTACK,OBSERVED,REJECTED,DETECTED,true,12
5,3308,POST_REMEDIATION,Source: Commit Author/Email Spoofing,Case B: Unsigned Commit (Author Spoofed),ATTACK,OBSERVED,REJECTED,DETECTED,true,12
5,3310,POST_REMEDIATION,Source: Commit Author/Email Spoofing,Case B: Unsigned Commit (Author Spoofed),ATTACK,OBSERVED,REJECTED,DETECTED,true,12
5,3312,POST_REMEDIATION,Source: Commit Author/Email Spoofing,Case B: Unsigned Commit (Author Spoofed),ATTACK,OBSERVED,REJECTED,DETECTED,true,12
5,3314,POST_REMEDIATION,Source: Commit Author/Email Spoofing,Case B: Unsigned Commit (Author Spoofed),ATTACK,OBSERVED,REJECTED,DETECTED,true,12
5,3316,POST_REMEDIATION,Source: Commit Author/Email Spoofing,Case B: Unsigned Commit (Author Spoofed),ATTACK,OBSERVED,REJECTED,DETECTED,true,12
5,3318,POST_REMEDIATION,Source: Commit Author/Email Spoofing,Case B: Unsigned Commit (Author Spoofed),ATTACK,OBSERVED,REJECTED,DETECTED,true,12
5,3320,POST_REMEDIATION,Source: Commit Author/Email Spoofing,Case B: Unsigned Commit (Author Spoofed),ATTACK,OBSERVED,REJECTED,DETECTED,true,12
5,3322,POST_REMEDIATION,Source: Commit Author/Email Spoofing,Case B: Unsigned Commit (Author Spoofed),ATTACK,OBSERVED,REJECTED,DETECTED,true,12
5,3324,POST_REMEDIATION,Source: Commit Author/Email Spoofing,Case B: Unsigned Commit (Author Spoofed),ATTACK,OBSERVED,REJECTED,DETECTED,true,12
5,3326,POST_REMEDIATION,Source: Commit Author/Email Spoofing,Case B: Unsigned Commit (Author Spoofed),ATTACK,OBSERVED,REJECTED,DETECTED,true,12
5,3328,POST_REMEDIATION,Source: Commit Author/Email Spoofing,Case B: Unsigned Commit (Author Spoofed),ATTACK,OBSERVED,REJECTED,DETECTED,true,12
5,3330,POST_REMEDIATION,Source: Commit Author/Email Spoofing,Case B: Unsigned Commit (Author Spoofed),ATTACK,OBSERVED,REJECTED,DETECTED,true,12
5,3332,POST_REMEDIATION,Source: Commit Author/Email Spoofing,Case B: Unsigned Commit (Author Spoofed),ATTACK,OBSERVED,REJECTED,DETECTED,true,12
5,3334,POST_REMEDIATION,Source: Commit Author/Email Spoofing,Case B: Unsigned Commit (Author Spoofed),ATTACK,OBSERVED,REJECTED,DETECTED,true,12
5,3336,POST_REMEDIATION,Source: Commit Author/Email Spoofing,Case B: Unsigned Commit (Author Spoofed),ATTACK,OBSERVED,REJECTED,DETECTED,true,12
5,3338,POST_REMEDIATION,Source: Commit Author/Email Spoofing,Case B: Unsigned Commit (Author Spoofed),ATTACK,OBSERVED,REJECTED,DETECTED,true,12
5,3340,POST_REMEDIATION,Source: Commit Author/Email Spoofing,Case B: Unsigned Commit (Author Spoofed),ATTACK,OBSERVED,REJECTED,DETECTED,true,12
5,3342,POST_REMEDIATION,Source: Commit Author/Email Spoofing,Case B: Unsigned Commit (Author Spoofed),ATTACK,OBSERVED,REJECTED,DETECTED,true,12
5,3344,POST_REMEDIATION,Source: Commit Author/Email Spoofing,Case B: Unsigned Commit (Author Spoofed),ATTACK,OBSERVED,REJECTED,DETECTED,true,12
5,3346,POST_REMEDIATION,Source: Commit Author/Email Spoofing,Case B: Unsigned Commit (Author Spoofed),ATTACK,OBSERVED,REJECTED,DETECTED,true,12
5,3348,POST_REMEDIATION,Source: Commit Author/Email Spoofing,Case B: Unsigned Commit (Author Spoofed),ATTACK,OBSERVED,REJECTED,DETECTED,true,12
5,3350,POST_REMEDIATION,Source: Commit Author/Email Spoofing,Case B: Unsigned Commit (Author Spoofed),ATTACK,OBSERVED,REJECTED,DETECTED,true,12
5,3352,POST_REMEDIATION,Source: Commit Author/Email Spoofing,Case B: Unsigned Commit (Author Spoofed),ATTACK,OBSERVED,REJECTED,DETECTED,true,12
5,3354,POST_REMEDIATION,Source: Commit Author/Email Spoofing,Case B: Unsigned Commit (Author Spoofed),ATTACK,OBSERVED,REJECTED,DETECTED,true,12
5,3356,POST_REMEDIATION,Source: Commit Author/Email Spoofing,Case B: Unsigned Commit (Author Spoofed),ATTACK,OBSERVED,REJECTED,DETECTED,true,12
5,3358,POST_REMEDIATION,Source: Commit Author/Email Spoofing,Case B: Unsigned Commit (Author Spoofed),ATTACK,OBSERVED,REJECTED,DETECTED,true,12
5,3360,POST_REMEDIATION,Source: Commit Author/Email Spoofing,Case B: Unsigned Commit (Author Spoofed),ATTACK,OBSERVED,REJECTED,DETECTED,true,12
5,3362,POST_REMEDIATION,Source: Commit Author/Email Spoofing,Case B: Unsigned Commit (Author Spoofed),ATTACK,OBSERVED,REJECTED,DETECTED,true,12
5,3364,POST_REMEDIATION,Source: Commit Author/Email Spoofing,Case B: Unsigned Commit (Author Spoofed),ATTACK,OBSERVED,REJECTED,DETECTED,true,12
5,3366,POST_REMEDIATION,Source: Commit Author/Email Spoofing,Case B: Unsigned Commit (Author Spoofed),ATTACK,OBSERVED,REJECTED,DETECTED,true,12
5,3368,POST_REMEDIATION,Source: Commit Author/Email Spoofing,Case B: Unsigned Commit (Author Spoofed),ATTACK,OBSERVED,REJECTED,DETECTED,true,12
5,3370,POST_REMEDIATION,Source: Commit Author/Email Spoofing,Case B: Unsigned Commit (Author Spoofed),ATTACK,OBSERVED,REJECTED,DETECTED,true,12
5,3372,POST_REMEDIATION,Source: Commit Author/Email Spoofing,Case B: Unsigned Commit (Author Spoofed),ATTACK,OBSERVED,REJECTED,DETECTED,true,12
5,3374,POST_REMEDIATION,Source: Commit Author/Email Spoofing,Case B: Unsigned Commit (Author Spoofed),ATTACK,OBSERVED,REJECTED,DETECTED,true,12
5,3376,POST_REMEDIATION,Source: Commit Author/Email Spoofing,Case B: Unsigned Commit (Author Spoofed),ATTACK,OBSERVED,REJECTED,DETECTED,true,12
5,3378,POST_REMEDIATION,Source: Commit Author/Email Spoofing,Case B: Unsigned Commit (Author Spoofed),ATTACK,OBSERVED,REJECTED,DETECTED,true,12
5,3380,POST_REMEDIATION,Source: Commit Author/Email Spoofing,Case B: Unsigned Commit (Author Spoofed),ATTACK,OBSERVED,REJECTED,DETECTED,true,12
5,3382,POST_REMEDIATION,Source: Commit Author/Email Spoofing,Case B: Unsigned Commit (Author Spoofed),ATTACK,OBSERVED,REJECTED,DETECTED,true,12
5,3384,POST_REMEDIATION,Source: Commit Author/Email Spoofing,Case B: Unsigned Commit (Author Spoofed),ATTACK,OBSERVED,REJECTED,DETECTED,true,12
5,3386,POST_REMEDIATION,Source: Commit Author/Email Spoofing,Case B: Unsigned Commit (Author Spoofed),ATTACK,OBSERVED,REJECTED,DETECTED,true,12
5,3388,POST_REMEDIATION,Source: Commit Author/Email Spoofing,Case B: Unsigned Commit (Author Spoofed),ATTACK,OBSERVED,REJECTED,DETECTED,true,12
5,3390,POST_REMEDIATION,Source: Commit Author/Email Spoofing,Case B: Unsigned Commit (Author Spoofed),ATTACK,OBSERVED,REJECTED,DETECTED,true,12
5,3392,POST_REMEDIATION,Source: Commit Author/Email Spoofing,Case B: Unsigned Commit (Author Spoofed),ATTACK,OBSERVED,REJECTED,DETECTED,true,12
5,3394,POST_REMEDIATION,Source: Commit Author/Email Spoofing,Case B: Unsigned Commit (Author Spoofed),ATTACK,OBSERVED,REJECTED,DETECTED,true,12
5,3396,POST_REMEDIATION,Source: Commit Author/Email Spoofing,Case B: Unsigned Commit (Author Spoofed),ATTACK,OBSERVED,REJECTED,DETECTED,true,12
5,3398,POST_REMEDIATION,Source: Commit Author/Email Spoofing,Case B: Unsigned Commit (Author Spoofed),ATTACK,OBSERVED,REJECTED,DETECTED,true,12
5,3400,POST_REMEDIATION,Source: Commit Author/Email Spoofing,Case B: Unsigned Commit (Author Spoofed),ATTACK,OBSERVED,REJECTED,DETECTED,true,12
5,3402,POST_REMEDIATION,Process: Short-Lived Subprocess (Polling Evasion),<1 ms,ATTACK,OBSERVED,REJECTED,DETECTED,true,16
5,3404,POST_REMEDIATION,Process: Short-Lived Subprocess (Polling Evasion),1–5 ms,ATTACK,OBSERVED,REJECTED,DETECTED,true,16
5,3406,POST_REMEDIATION,Process: Short-Lived Subprocess (Polling Evasion),5–10 ms,ATTACK,OBSERVED,REJECTED,DETECTED,true,16
5,3408,POST_REMEDIATION,Process: Short-Lived Subprocess (Polling Evasion),<1 ms,ATTACK,OBSERVED,REJECTED,DETECTED,true,16
5,3410,POST_REMEDIATION,Process: Short-Lived Subprocess (Polling Evasion),1–5 ms,ATTACK,OBSERVED,REJECTED,DETECTED,true,16
5,3412,POST_REMEDIATION,Process: Short-Lived Subprocess (Polling Evasion),5–10 ms,ATTACK,OBSERVED,REJECTED,DETECTED,true,16
5,3414,POST_REMEDIATION,Process: Short-Lived Subprocess (Polling Evasion),<1 ms,ATTACK,OBSERVED,REJECTED,DETECTED,true,16
5,3416,POST_REMEDIATION,Process: Short-Lived Subprocess (Polling Evasion),1–5 ms,ATTACK,OBSERVED,REJECTED,DETECTED,true,16
5,3418,POST_REMEDIATION,Process: Short-Lived Subprocess (Polling Evasion),5–10 ms,ATTACK,OBSERVED,REJECTED,DETECTED,true,16
5,3420,POST_REMEDIATION,Process: Short-Lived Subprocess (Polling Evasion),<1 ms,ATTACK,OBSERVED,REJECTED,DETECTED,true,16
5,3422,POST_REMEDIATION,Process: Short-Lived Subprocess (Polling Evasion),1–5 ms,ATTACK,OBSERVED,REJECTED,DETECTED,true,16
5,3424,POST_REMEDIATION,Process: Short-Lived Subprocess (Polling Evasion),5–10 ms,ATTACK,OBSERVED,REJECTED,DETECTED,true,16
5,3426,POST_REMEDIATION,Process: Short-Lived Subprocess (Polling Evasion),<1 ms,ATTACK,OBSERVED,REJECTED,DETECTED,true,16
5,3428,POST_REMEDIATION,Process: Short-Lived Subprocess (Polling Evasion),1–5 ms,ATTACK,OBSERVED,REJECTED,DETECTED,true,16
5,3430,POST_REMEDIATION,Process: Short-Lived Subprocess (Polling Evasion),5–10 ms,ATTACK,OBSERVED,REJECTED,DETECTED,true,16
5,3432,POST_REMEDIATION,Process: Short-Lived Subprocess (Polling Evasion),<1 ms,ATTACK,OBSERVED,REJECTED,DETECTED,true,16
5,3434,POST_REMEDIATION,Process: Short-Lived Subprocess (Polling Evasion),1–5 ms,ATTACK,OBSERVED,REJECTED,DETECTED,true,16
5,3436,POST_REMEDIATION,Process: Short-Lived Subprocess (Polling Evasion),5–10 ms,ATTACK,OBSERVED,REJECTED,DETECTED,true,16
5,3438,POST_REMEDIATION,Process: Short-Lived Subprocess (Polling Evasion),<1 ms,ATTACK,OBSERVED,REJECTED,DETECTED,true,16
5,3440,POST_REMEDIATION,Process: Short-Lived Subprocess (Polling Evasion),1–5 ms,ATTACK,OBSERVED,REJECTED,DETECTED,true,16
5,3442,POST_REMEDIATION,Process: Short-Lived Subprocess (Polling Evasion),5–10 ms,ATTACK,OBSERVED,REJECTED,DETECTED,true,16
5,3444,POST_REMEDIATION,Process: Short-Lived Subprocess (Polling Evasion),<1 ms,ATTACK,OBSERVED,REJECTED,DETECTED,true,16
5,3446,POST_REMEDIATION,Process: Short-Lived Subprocess (Polling Evasion),1–5 ms,ATTACK,OBSERVED,REJECTED,DETECTED,true,16
5,3448,POST_REMEDIATION,Process: Short-Lived Subprocess (Polling Evasion),5–10 ms,ATTACK,OBSERVED,REJECTED,DETECTED,true,16
5,3450,POST_REMEDIATION,Process: Short-Lived Subprocess (Polling Evasion),<1 ms,ATTACK,OBSERVED,REJECTED,DETECTED,true,16
5,3452,POST_REMEDIATION,Process: Short-Lived Subprocess (Polling Evasion),1–5 ms,ATTACK,OBSERVED,REJECTED,DETECTED,true,16
5,3454,POST_REMEDIATION,Process: Short-Lived Subprocess (Polling Evasion),5–10 ms,ATTACK,OBSERVED,REJECTED,DETECTED,true,16
5,3456,POST_REMEDIATION,Process: Short-Lived Subprocess (Polling Evasion),<1 ms,ATTACK,OBSERVED,REJECTED,DETECTED,true,16
5,3458,POST_REMEDIATION,Process: Short-Lived Subprocess (Polling Evasion),1–5 ms,ATTACK,OBSERVED,REJECTED,DETECTED,true,16
5,3460,POST_REMEDIATION,Process: Short-Lived Subprocess (Polling Evasion),5–10 ms,ATTACK,OBSERVED,REJECTED,DETECTED,true,16
5,3462,POST_REMEDIATION,Process: Short-Lived Subprocess (Polling Evasion),<1 ms,ATTACK,OBSERVED,REJECTED,DETECTED,true,16
5,3464,POST_REMEDIATION,Process: Short-Lived Subprocess (Polling Evasion),1–5 ms,ATTACK,OBSERVED,REJECTED,DETECTED,true,16
5,3466,POST_REMEDIATION,Process: Short-Lived Subprocess (Polling Evasion),5–10 ms,ATTACK,OBSERVED,REJECTED,DETECTED,true,16
5,3468,POST_REMEDIATION,Process: Short-Lived Subprocess (Polling Evasion),<1 ms,ATTACK,OBSERVED,REJECTED,DETECTED,true,16
5,3470,POST_REMEDIATION,Process: Short-Lived Subprocess (Polling Evasion),1–5 ms,ATTACK,OBSERVED,REJECTED,DETECTED,true,16
5,3472,POST_REMEDIATION,Process: Short-Lived Subprocess (Polling Evasion),5–10 ms,ATTACK,OBSERVED,REJECTED,DETECTED,true,16
5,3474,POST_REMEDIATION,Process: Short-Lived Subprocess (Polling Evasion),<1 ms,ATTACK,OBSERVED,REJECTED,DETECTED,true,16
5,3476,POST_REMEDIATION,Process: Short-Lived Subprocess (Polling Evasion),1–5 ms,ATTACK,OBSERVED,REJECTED,DETECTED,true,16
5,3478,POST_REMEDIATION,Process: Short-Lived Subprocess (Polling Evasion),5–10 ms,ATTACK,OBSERVED,REJECTED,DETECTED,true,16
5,3480,POST_REMEDIATION,Process: Short-Lived Subprocess (Polling Evasion),<1 ms,ATTACK,OBSERVED,REJECTED,DETECTED,true,16
5,3482,POST_REMEDIATION,Process: Short-Lived Subprocess (Polling Evasion),1–5 ms,ATTACK,OBSERVED,REJECTED,DETECTED,true,16
5,3484,POST_REMEDIATION,Process: Short-Lived Subprocess (Polling Evasion),5–10 ms,ATTACK,OBSERVED,REJECTED,DETECTED,true,16
5,3486,POST_REMEDIATION,Process: Short-Lived Subprocess (Polling Evasion),<1 ms,ATTACK,OBSERVED,REJECTED,DETECTED,true,16
5,3488,POST_REMEDIATION,Process: Short-Lived Subprocess (Polling Evasion),1–5 ms,ATTACK,OBSERVED,REJECTED,DETECTED,true,16
5,3490,POST_REMEDIATION,Process: Short-Lived Subprocess (Polling Evasion),5–10 ms,ATTACK,OBSERVED,REJECTED,DETECTED,true,16
5,3492,POST_REMEDIATION,Process: Short-Lived Subprocess (Polling Evasion),<1 ms,ATTACK,OBSERVED,REJECTED,DETECTED,true,16
5,3494,POST_REMEDIATION,Process: Short-Lived Subprocess (Polling Evasion),1–5 ms,ATTACK,OBSERVED,REJECTED,DETECTED,true,16
5,3496,POST_REMEDIATION,Process: Short-Lived Subprocess (Polling Evasion),5–10 ms,ATTACK,OBSERVED,REJECTED,DETECTED,true,16
5,3498,POST_REMEDIATION,Process: Short-Lived Subprocess (Polling Evasion),<1 ms,ATTACK,OBSERVED,REJECTED,DETECTED,true,16
5,3500,POST_REMEDIATION,Process: Short-Lived Subprocess (Polling Evasion),1–5 ms,ATTACK,OBSERVED,REJECTED,DETECTED,true,16
5,3502,POST_REMEDIATION,Process: Short-Lived Subprocess (Polling Evasion),5–10 ms,ATTACK,OBSERVED,REJECTED,DETECTED,true,16
5,3504,POST_REMEDIATION,Process: Short-Lived Subprocess (Polling Evasion),<1 ms,ATTACK,OBSERVED,REJECTED,DETECTED,true,16
5,3506,POST_REMEDIATION,Process: Short-Lived Subprocess (Polling Evasion),1–5 ms,ATTACK,OBSERVED,REJECTED,DETECTED,true,16
5,3508,POST_REMEDIATION,Process: Short-Lived Subprocess (Polling Evasion),5–10 ms,ATTACK,OBSERVED,REJECTED,DETECTED,true,16
5,3510,POST_REMEDIATION,Process: Short-Lived Subprocess (Polling Evasion),<1 ms,ATTACK,OBSERVED,REJECTED,DETECTED,true,16
5,3512,POST_REMEDIATION,Process: Short-Lived Subprocess (Polling Evasion),1–5 ms,ATTACK,OBSERVED,REJECTED,DETECTED,true,16
5,3514,POST_REMEDIATION,Process: Short-Lived Subprocess (Polling Evasion),5–10 ms,ATTACK,OBSERVED,REJECTED,DETECTED,true,16
5,3516,POST_REMEDIATION,Process: Short-Lived Subprocess (Polling Evasion),<1 ms,ATTACK,OBSERVED,REJECTED,DETECTED,true,16
5,3518,POST_REMEDIATION,Process: Short-Lived Subprocess (Polling Evasion),1–5 ms,ATTACK,OBSERVED,REJECTED,DETECTED,true,16
5,3520,POST_REMEDIATION,Process: Short-Lived Subprocess (Polling Evasion),5–10 ms,ATTACK,OBSERVED,REJECTED,DETECTED,true,16
5,3522,POST_REMEDIATION,Process: Short-Lived Subprocess (Polling Evasion),<1 ms,ATTACK,OBSERVED,REJECTED,DETECTED,true,16
5,3524,POST_REMEDIATION,Process: Short-Lived Subprocess (Polling Evasion),1–5 ms,ATTACK,OBSERVED,REJECTED,DETECTED,true,16
5,3526,POST_REMEDIATION,Process: Short-Lived Subprocess (Polling Evasion),5–10 ms,ATTACK,OBSERVED,REJECTED,DETECTED,true,16
5,3528,POST_REMEDIATION,Process: Short-Lived Subprocess (Polling Evasion),<1 ms,ATTACK,OBSERVED,REJECTED,DETECTED,true,16
5,3530,POST_REMEDIATION,Process: Short-Lived Subprocess (Polling Evasion),1–5 ms,ATTACK,OBSERVED,REJECTED,DETECTED,true,16
5,3532,POST_REMEDIATION,Process: Short-Lived Subprocess (Polling Evasion),5–10 ms,ATTACK,OBSERVED,REJECTED,DETECTED,true,16
5,3534,POST_REMEDIATION,Process: Short-Lived Subprocess (Polling Evasion),<1 ms,ATTACK,OBSERVED,REJECTED,DETECTED,true,16
5,3536,POST_REMEDIATION,Process: Short-Lived Subprocess (Polling Evasion),1–5 ms,ATTACK,OBSERVED,REJECTED,DETECTED,true,16
5,3538,POST_REMEDIATION,Process: Short-Lived Subprocess (Polling Evasion),5–10 ms,ATTACK,OBSERVED,REJECTED,DETECTED,true,16
5,3540,POST_REMEDIATION,Process: Short-Lived Subprocess (Polling Evasion),<1 ms,ATTACK,OBSERVED,REJECTED,DETECTED,true,16
5,3542,POST_REMEDIATION,Process: Short-Lived Subprocess (Polling Evasion),1–5 ms,ATTACK,OBSERVED,REJECTED,DETECTED,true,16
5,3544,POST_REMEDIATION,Process: Short-Lived Subprocess (Polling Evasion),5–10 ms,ATTACK,OBSERVED,REJECTED,DETECTED,true,16
5,3546,POST_REMEDIATION,Process: Short-Lived Subprocess (Polling Evasion),<1 ms,ATTACK,OBSERVED,REJECTED,DETECTED,true,16
5,3548,POST_REMEDIATION,Process: Short-Lived Subprocess (Polling Evasion),1–5 ms,ATTACK,OBSERVED,REJECTED,DETECTED,true,16
5,3550,POST_REMEDIATION,Process: Short-Lived Subprocess (Polling Evasion),5–10 ms,ATTACK,OBSERVED,REJECTED,DETECTED,true,16
5,3552,POST_REMEDIATION,Process: Short-Lived Subprocess (Polling Evasion),<1 ms,ATTACK,OBSERVED,REJECTED,DETECTED,true,16
5,3554,POST_REMEDIATION,Process: Short-Lived Subprocess (Polling Evasion),1–5 ms,ATTACK,OBSERVED,REJECTED,DETECTED,true,16
5,3556,POST_REMEDIATION,Process: Short-Lived Subprocess (Polling Evasion),5–10 ms,ATTACK,OBSERVED,REJECTED,DETECTED,true,16
5,3558,POST_REMEDIATION,Process: Short-Lived Subprocess (Polling Evasion),<1 ms,ATTACK,OBSERVED,REJECTED,DETECTED,true,16
5,3560,POST_REMEDIATION,Process: Short-Lived Subprocess (Polling Evasion),1–5 ms,ATTACK,OBSERVED,REJECTED,DETECTED,true,16
5,3562,POST_REMEDIATION,Process: Short-Lived Subprocess (Polling Evasion),5–10 ms,ATTACK,OBSERVED,REJECTED,DETECTED,true,16
5,3564,POST_REMEDIATION,Process: Short-Lived Subprocess (Polling Evasion),<1 ms,ATTACK,OBSERVED,REJECTED,DETECTED,true,16
5,3566,POST_REMEDIATION,Process: Short-Lived Subprocess (Polling Evasion),1–5 ms,ATTACK,OBSERVED,REJECTED,DETECTED,true,16
5,3568,POST_REMEDIATION,Process: Short-Lived Subprocess (Polling Evasion),5–10 ms,ATTACK,OBSERVED,REJECTED,DETECTED,true,16
5,3570,POST_REMEDIATION,Process: Short-Lived Subprocess (Polling Evasion),<1 ms,ATTACK,OBSERVED,REJECTED,DETECTED,true,16
5,3572,POST_REMEDIATION,Process: Short-Lived Subprocess (Polling Evasion),1–5 ms,ATTACK,OBSERVED,REJECTED,DETECTED,true,16
5,3574,POST_REMEDIATION,Process: Short-Lived Subprocess (Polling Evasion),5–10 ms,ATTACK,OBSERVED,REJECTED,DETECTED,true,16
5,3576,POST_REMEDIATION,Process: Short-Lived Subprocess (Polling Evasion),<1 ms,ATTACK,OBSERVED,REJECTED,DETECTED,true,16
5,3578,POST_REMEDIATION,Process: Short-Lived Subprocess (Polling Evasion),1–5 ms,ATTACK,OBSERVED,REJECTED,DETECTED,true,16
5,3580,POST_REMEDIATION,Process: Short-Lived Subprocess (Polling Evasion),5–10 ms,ATTACK,OBSERVED,REJECTED,DETECTED,true,16
5,3582,POST_REMEDIATION,Process: Short-Lived Subprocess (Polling Evasion),<1 ms,ATTACK,OBSERVED,REJECTED,DETECTED,true,16
5,3584,POST_REMEDIATION,Process: Short-Lived Subprocess (Polling Evasion),1–5 ms,ATTACK,OBSERVED,REJECTED,DETECTED,true,16
5,3586,POST_REMEDIATION,Process: Short-Lived Subprocess (Polling Evasion),5–10 ms,ATTACK,OBSERVED,REJECTED,DETECTED,true,16
5,3588,POST_REMEDIATION,Process: Short-Lived Subprocess (Polling Evasion),<1 ms,ATTACK,OBSERVED,REJECTED,DETECTED,true,16
5,3590,POST_REMEDIATION,Process: Short-Lived Subprocess (Polling Evasion),1–5 ms,ATTACK,OBSERVED,REJECTED,DETECTED,true,16
5,3592,POST_REMEDIATION,Process: Short-Lived Subprocess (Polling Evasion),5–10 ms,ATTACK,OBSERVED,REJECTED,DETECTED,true,16
5,3594,POST_REMEDIATION,Process: Short-Lived Subprocess (Polling Evasion),<1 ms,ATTACK,OBSERVED,REJECTED,DETECTED,true,16
5,3596,POST_REMEDIATION,Process: Short-Lived Subprocess (Polling Evasion),1–5 ms,ATTACK,OBSERVED,REJECTED,DETECTED,true,16
5,3598,POST_REMEDIATION,Process: Short-Lived Subprocess (Polling Evasion),5–10 ms,ATTACK,OBSERVED,REJECTED,DETECTED,true,16
5,3600,POST_REMEDIATION,Process: Short-Lived Subprocess (Polling Evasion),<1 ms,ATTACK,OBSERVED,REJECTED,DETECTED,true,16
5,3602,POST_REMEDIATION,Filesystem: Boundary Escape (/tmp or %TEMP%),2. %TEMP% Directory,ATTACK,OBSERVED,REJECTED,DETECTED,true,15
5,3604,POST_REMEDIATION,Filesystem: Boundary Escape (/tmp or %TEMP%),3. User Profile Temp,ATTACK,OBSERVED,REJECTED,DETECTED,true,15
5,3606,POST_REMEDIATION,Filesystem: Boundary Escape (/tmp or %TEMP%),4. Unconfigured Directory,ATTACK,UNOBSERVED,TRUSTED,MISSED,false,15
5,3608,POST_REMEDIATION,Filesystem: Boundary Escape (/tmp or %TEMP%),5. System Directory,ATTACK,UNOBSERVED,TRUSTED,MISSED,false,15
5,3610,POST_REMEDIATION,Filesystem: Boundary Escape (/tmp or %TEMP%),2. %TEMP% Directory,ATTACK,OBSERVED,REJECTED,DETECTED,true,15
5,3612,POST_REMEDIATION,Filesystem: Boundary Escape (/tmp or %TEMP%),3. User Profile Temp,ATTACK,OBSERVED,REJECTED,DETECTED,true,15
5,3614,POST_REMEDIATION,Filesystem: Boundary Escape (/tmp or %TEMP%),4. Unconfigured Directory,ATTACK,UNOBSERVED,TRUSTED,MISSED,false,15
5,3616,POST_REMEDIATION,Filesystem: Boundary Escape (/tmp or %TEMP%),5. System Directory,ATTACK,UNOBSERVED,TRUSTED,MISSED,false,15
5,3618,POST_REMEDIATION,Filesystem: Boundary Escape (/tmp or %TEMP%),2. %TEMP% Directory,ATTACK,OBSERVED,REJECTED,DETECTED,true,15
5,3620,POST_REMEDIATION,Filesystem: Boundary Escape (/tmp or %TEMP%),3. User Profile Temp,ATTACK,OBSERVED,REJECTED,DETECTED,true,15
5,3622,POST_REMEDIATION,Filesystem: Boundary Escape (/tmp or %TEMP%),4. Unconfigured Directory,ATTACK,UNOBSERVED,TRUSTED,MISSED,false,15
5,3624,POST_REMEDIATION,Filesystem: Boundary Escape (/tmp or %TEMP%),5. System Directory,ATTACK,UNOBSERVED,TRUSTED,MISSED,false,15
5,3626,POST_REMEDIATION,Filesystem: Boundary Escape (/tmp or %TEMP%),2. %TEMP% Directory,ATTACK,OBSERVED,REJECTED,DETECTED,true,15
5,3628,POST_REMEDIATION,Filesystem: Boundary Escape (/tmp or %TEMP%),3. User Profile Temp,ATTACK,OBSERVED,REJECTED,DETECTED,true,15
5,3630,POST_REMEDIATION,Filesystem: Boundary Escape (/tmp or %TEMP%),4. Unconfigured Directory,ATTACK,UNOBSERVED,TRUSTED,MISSED,false,15
5,3632,POST_REMEDIATION,Filesystem: Boundary Escape (/tmp or %TEMP%),5. System Directory,ATTACK,UNOBSERVED,TRUSTED,MISSED,false,15
5,3634,POST_REMEDIATION,Filesystem: Boundary Escape (/tmp or %TEMP%),2. %TEMP% Directory,ATTACK,OBSERVED,REJECTED,DETECTED,true,15
5,3636,POST_REMEDIATION,Filesystem: Boundary Escape (/tmp or %TEMP%),3. User Profile Temp,ATTACK,OBSERVED,REJECTED,DETECTED,true,15
5,3638,POST_REMEDIATION,Filesystem: Boundary Escape (/tmp or %TEMP%),4. Unconfigured Directory,ATTACK,UNOBSERVED,TRUSTED,MISSED,false,15
5,3640,POST_REMEDIATION,Filesystem: Boundary Escape (/tmp or %TEMP%),5. System Directory,ATTACK,UNOBSERVED,TRUSTED,MISSED,false,15
5,3642,POST_REMEDIATION,Filesystem: Boundary Escape (/tmp or %TEMP%),2. %TEMP% Directory,ATTACK,OBSERVED,REJECTED,DETECTED,true,15
5,3644,POST_REMEDIATION,Filesystem: Boundary Escape (/tmp or %TEMP%),3. User Profile Temp,ATTACK,OBSERVED,REJECTED,DETECTED,true,15
5,3646,POST_REMEDIATION,Filesystem: Boundary Escape (/tmp or %TEMP%),4. Unconfigured Directory,ATTACK,UNOBSERVED,TRUSTED,MISSED,false,15
5,3648,POST_REMEDIATION,Filesystem: Boundary Escape (/tmp or %TEMP%),5. System Directory,ATTACK,UNOBSERVED,TRUSTED,MISSED,false,15
5,3650,POST_REMEDIATION,Filesystem: Boundary Escape (/tmp or %TEMP%),2. %TEMP% Directory,ATTACK,OBSERVED,REJECTED,DETECTED,true,15
5,3652,POST_REMEDIATION,Filesystem: Boundary Escape (/tmp or %TEMP%),3. User Profile Temp,ATTACK,OBSERVED,REJECTED,DETECTED,true,15
5,3654,POST_REMEDIATION,Filesystem: Boundary Escape (/tmp or %TEMP%),4. Unconfigured Directory,ATTACK,UNOBSERVED,TRUSTED,MISSED,false,15
5,3656,POST_REMEDIATION,Filesystem: Boundary Escape (/tmp or %TEMP%),5. System Directory,ATTACK,UNOBSERVED,TRUSTED,MISSED,false,15
5,3658,POST_REMEDIATION,Filesystem: Boundary Escape (/tmp or %TEMP%),2. %TEMP% Directory,ATTACK,OBSERVED,REJECTED,DETECTED,true,15
5,3660,POST_REMEDIATION,Filesystem: Boundary Escape (/tmp or %TEMP%),3. User Profile Temp,ATTACK,OBSERVED,REJECTED,DETECTED,true,15
5,3662,POST_REMEDIATION,Filesystem: Boundary Escape (/tmp or %TEMP%),4. Unconfigured Directory,ATTACK,UNOBSERVED,TRUSTED,MISSED,false,15
5,3664,POST_REMEDIATION,Filesystem: Boundary Escape (/tmp or %TEMP%),5. System Directory,ATTACK,UNOBSERVED,TRUSTED,MISSED,false,15
5,3666,POST_REMEDIATION,Filesystem: Boundary Escape (/tmp or %TEMP%),2. %TEMP% Directory,ATTACK,OBSERVED,REJECTED,DETECTED,true,15
5,3668,POST_REMEDIATION,Filesystem: Boundary Escape (/tmp or %TEMP%),3. User Profile Temp,ATTACK,OBSERVED,REJECTED,DETECTED,true,15
5,3670,POST_REMEDIATION,Filesystem: Boundary Escape (/tmp or %TEMP%),4. Unconfigured Directory,ATTACK,UNOBSERVED,TRUSTED,MISSED,false,15
5,3672,POST_REMEDIATION,Filesystem: Boundary Escape (/tmp or %TEMP%),5. System Directory,ATTACK,UNOBSERVED,TRUSTED,MISSED,false,15
5,3674,POST_REMEDIATION,Filesystem: Boundary Escape (/tmp or %TEMP%),2. %TEMP% Directory,ATTACK,OBSERVED,REJECTED,DETECTED,true,15
5,3676,POST_REMEDIATION,Filesystem: Boundary Escape (/tmp or %TEMP%),3. User Profile Temp,ATTACK,OBSERVED,REJECTED,DETECTED,true,15
5,3678,POST_REMEDIATION,Filesystem: Boundary Escape (/tmp or %TEMP%),4. Unconfigured Directory,ATTACK,UNOBSERVED,TRUSTED,MISSED,false,15
5,3680,POST_REMEDIATION,Filesystem: Boundary Escape (/tmp or %TEMP%),5. System Directory,ATTACK,UNOBSERVED,TRUSTED,MISSED,false,15
5,3682,POST_REMEDIATION,Filesystem: Boundary Escape (/tmp or %TEMP%),2. %TEMP% Directory,ATTACK,OBSERVED,REJECTED,DETECTED,true,15
5,3684,POST_REMEDIATION,Filesystem: Boundary Escape (/tmp or %TEMP%),3. User Profile Temp,ATTACK,OBSERVED,REJECTED,DETECTED,true,15
5,3686,POST_REMEDIATION,Filesystem: Boundary Escape (/tmp or %TEMP%),4. Unconfigured Directory,ATTACK,UNOBSERVED,TRUSTED,MISSED,false,15
5,3688,POST_REMEDIATION,Filesystem: Boundary Escape (/tmp or %TEMP%),5. System Directory,ATTACK,UNOBSERVED,TRUSTED,MISSED,false,15
5,3690,POST_REMEDIATION,Filesystem: Boundary Escape (/tmp or %TEMP%),2. %TEMP% Directory,ATTACK,OBSERVED,REJECTED,DETECTED,true,15
5,3692,POST_REMEDIATION,Filesystem: Boundary Escape (/tmp or %TEMP%),3. User Profile Temp,ATTACK,OBSERVED,REJECTED,DETECTED,true,15
5,3694,POST_REMEDIATION,Filesystem: Boundary Escape (/tmp or %TEMP%),4. Unconfigured Directory,ATTACK,UNOBSERVED,TRUSTED,MISSED,false,15
5,3696,POST_REMEDIATION,Filesystem: Boundary Escape (/tmp or %TEMP%),5. System Directory,ATTACK,UNOBSERVED,TRUSTED,MISSED,false,15
5,3698,POST_REMEDIATION,Filesystem: Boundary Escape (/tmp or %TEMP%),2. %TEMP% Directory,ATTACK,OBSERVED,REJECTED,DETECTED,true,15
5,3700,POST_REMEDIATION,Filesystem: Boundary Escape (/tmp or %TEMP%),3. User Profile Temp,ATTACK,OBSERVED,REJECTED,DETECTED,true,15
5,3702,POST_REMEDIATION,Filesystem: Boundary Escape (/tmp or %TEMP%),4. Unconfigured Directory,ATTACK,UNOBSERVED,TRUSTED,MISSED,false,15
5,3704,POST_REMEDIATION,Filesystem: Boundary Escape (/tmp or %TEMP%),5. System Directory,ATTACK,UNOBSERVED,TRUSTED,MISSED,false,15
5,3706,POST_REMEDIATION,Filesystem: Boundary Escape (/tmp or %TEMP%),2. %TEMP% Directory,ATTACK,OBSERVED,REJECTED,DETECTED,true,15
5,3708,POST_REMEDIATION,Filesystem: Boundary Escape (/tmp or %TEMP%),3. User Profile Temp,ATTACK,OBSERVED,REJECTED,DETECTED,true,15
5,3710,POST_REMEDIATION,Filesystem: Boundary Escape (/tmp or %TEMP%),4. Unconfigured Directory,ATTACK,UNOBSERVED,TRUSTED,MISSED,false,15
5,3712,POST_REMEDIATION,Filesystem: Boundary Escape (/tmp or %TEMP%),5. System Directory,ATTACK,UNOBSERVED,TRUSTED,MISSED,false,15
5,3714,POST_REMEDIATION,Filesystem: Boundary Escape (/tmp or %TEMP%),2. %TEMP% Directory,ATTACK,OBSERVED,REJECTED,DETECTED,true,15
5,3716,POST_REMEDIATION,Filesystem: Boundary Escape (/tmp or %TEMP%),3. User Profile Temp,ATTACK,OBSERVED,REJECTED,DETECTED,true,15
5,3718,POST_REMEDIATION,Filesystem: Boundary Escape (/tmp or %TEMP%),4. Unconfigured Directory,ATTACK,UNOBSERVED,TRUSTED,MISSED,false,15
5,3720,POST_REMEDIATION,Filesystem: Boundary Escape (/tmp or %TEMP%),5. System Directory,ATTACK,UNOBSERVED,TRUSTED,MISSED,false,15
5,3722,POST_REMEDIATION,Filesystem: Boundary Escape (/tmp or %TEMP%),2. %TEMP% Directory,ATTACK,OBSERVED,REJECTED,DETECTED,true,15
5,3724,POST_REMEDIATION,Filesystem: Boundary Escape (/tmp or %TEMP%),3. User Profile Temp,ATTACK,OBSERVED,REJECTED,DETECTED,true,15
5,3726,POST_REMEDIATION,Filesystem: Boundary Escape (/tmp or %TEMP%),4. Unconfigured Directory,ATTACK,UNOBSERVED,TRUSTED,MISSED,false,15
5,3728,POST_REMEDIATION,Filesystem: Boundary Escape (/tmp or %TEMP%),5. System Directory,ATTACK,UNOBSERVED,TRUSTED,MISSED,false,15
5,3730,POST_REMEDIATION,Filesystem: Boundary Escape (/tmp or %TEMP%),2. %TEMP% Directory,ATTACK,OBSERVED,REJECTED,DETECTED,true,15
5,3732,POST_REMEDIATION,Filesystem: Boundary Escape (/tmp or %TEMP%),3. User Profile Temp,ATTACK,OBSERVED,REJECTED,DETECTED,true,15
5,3734,POST_REMEDIATION,Filesystem: Boundary Escape (/tmp or %TEMP%),4. Unconfigured Directory,ATTACK,UNOBSERVED,TRUSTED,MISSED,false,15
5,3736,POST_REMEDIATION,Filesystem: Boundary Escape (/tmp or %TEMP%),5. System Directory,ATTACK,UNOBSERVED,TRUSTED,MISSED,false,15
5,3738,POST_REMEDIATION,Filesystem: Boundary Escape (/tmp or %TEMP%),2. %TEMP% Directory,ATTACK,OBSERVED,REJECTED,DETECTED,true,15
5,3740,POST_REMEDIATION,Filesystem: Boundary Escape (/tmp or %TEMP%),3. User Profile Temp,ATTACK,OBSERVED,REJECTED,DETECTED,true,15
5,3742,POST_REMEDIATION,Filesystem: Boundary Escape (/tmp or %TEMP%),4. Unconfigured Directory,ATTACK,UNOBSERVED,TRUSTED,MISSED,false,15
5,3744,POST_REMEDIATION,Filesystem: Boundary Escape (/tmp or %TEMP%),5. System Directory,ATTACK,UNOBSERVED,TRUSTED,MISSED,false,15
5,3746,POST_REMEDIATION,Filesystem: Boundary Escape (/tmp or %TEMP%),2. %TEMP% Directory,ATTACK,OBSERVED,REJECTED,DETECTED,true,15
5,3748,POST_REMEDIATION,Filesystem: Boundary Escape (/tmp or %TEMP%),3. User Profile Temp,ATTACK,OBSERVED,REJECTED,DETECTED,true,15
5,3750,POST_REMEDIATION,Filesystem: Boundary Escape (/tmp or %TEMP%),4. Unconfigured Directory,ATTACK,UNOBSERVED,TRUSTED,MISSED,false,15
5,3752,POST_REMEDIATION,Filesystem: Boundary Escape (/tmp or %TEMP%),5. System Directory,ATTACK,UNOBSERVED,TRUSTED,MISSED,false,15
5,3754,POST_REMEDIATION,Filesystem: Boundary Escape (/tmp or %TEMP%),2. %TEMP% Directory,ATTACK,OBSERVED,REJECTED,DETECTED,true,15
5,3756,POST_REMEDIATION,Filesystem: Boundary Escape (/tmp or %TEMP%),3. User Profile Temp,ATTACK,OBSERVED,REJECTED,DETECTED,true,15
5,3758,POST_REMEDIATION,Filesystem: Boundary Escape (/tmp or %TEMP%),4. Unconfigured Directory,ATTACK,UNOBSERVED,TRUSTED,MISSED,false,15
5,3760,POST_REMEDIATION,Filesystem: Boundary Escape (/tmp or %TEMP%),5. System Directory,ATTACK,UNOBSERVED,TRUSTED,MISSED,false,15
5,3762,POST_REMEDIATION,Filesystem: Boundary Escape (/tmp or %TEMP%),2. %TEMP% Directory,ATTACK,OBSERVED,REJECTED,DETECTED,true,15
5,3764,POST_REMEDIATION,Filesystem: Boundary Escape (/tmp or %TEMP%),3. User Profile Temp,ATTACK,OBSERVED,REJECTED,DETECTED,true,15
5,3766,POST_REMEDIATION,Filesystem: Boundary Escape (/tmp or %TEMP%),4. Unconfigured Directory,ATTACK,UNOBSERVED,TRUSTED,MISSED,false,15
5,3768,POST_REMEDIATION,Filesystem: Boundary Escape (/tmp or %TEMP%),5. System Directory,ATTACK,UNOBSERVED,TRUSTED,MISSED,false,15
5,3770,POST_REMEDIATION,Filesystem: Boundary Escape (/tmp or %TEMP%),2. %TEMP% Directory,ATTACK,OBSERVED,REJECTED,DETECTED,true,15
5,3772,POST_REMEDIATION,Filesystem: Boundary Escape (/tmp or %TEMP%),3. User Profile Temp,ATTACK,OBSERVED,REJECTED,DETECTED,true,15
5,3774,POST_REMEDIATION,Filesystem: Boundary Escape (/tmp or %TEMP%),4. Unconfigured Directory,ATTACK,UNOBSERVED,TRUSTED,MISSED,false,15
5,3776,POST_REMEDIATION,Filesystem: Boundary Escape (/tmp or %TEMP%),5. System Directory,ATTACK,UNOBSERVED,TRUSTED,MISSED,false,15
5,3778,POST_REMEDIATION,Filesystem: Boundary Escape (/tmp or %TEMP%),2. %TEMP% Directory,ATTACK,OBSERVED,REJECTED,DETECTED,true,15
5,3780,POST_REMEDIATION,Filesystem: Boundary Escape (/tmp or %TEMP%),3. User Profile Temp,ATTACK,OBSERVED,REJECTED,DETECTED,true,15
5,3782,POST_REMEDIATION,Filesystem: Boundary Escape (/tmp or %TEMP%),4. Unconfigured Directory,ATTACK,UNOBSERVED,TRUSTED,MISSED,false,15
5,3784,POST_REMEDIATION,Filesystem: Boundary Escape (/tmp or %TEMP%),5. System Directory,ATTACK,UNOBSERVED,TRUSTED,MISSED,false,15
5,3786,POST_REMEDIATION,Filesystem: Boundary Escape (/tmp or %TEMP%),2. %TEMP% Directory,ATTACK,OBSERVED,REJECTED,DETECTED,true,15
5,3788,POST_REMEDIATION,Filesystem: Boundary Escape (/tmp or %TEMP%),3. User Profile Temp,ATTACK,OBSERVED,REJECTED,DETECTED,true,15
5,3790,POST_REMEDIATION,Filesystem: Boundary Escape (/tmp or %TEMP%),4. Unconfigured Directory,ATTACK,UNOBSERVED,TRUSTED,MISSED,false,15
5,3792,POST_REMEDIATION,Filesystem: Boundary Escape (/tmp or %TEMP%),5. System Directory,ATTACK,UNOBSERVED,TRUSTED,MISSED,false,15
5,3794,POST_REMEDIATION,Filesystem: Boundary Escape (/tmp or %TEMP%),2. %TEMP% Directory,ATTACK,OBSERVED,REJECTED,DETECTED,true,15
5,3796,POST_REMEDIATION,Filesystem: Boundary Escape (/tmp or %TEMP%),3. User Profile Temp,ATTACK,OBSERVED,REJECTED,DETECTED,true,15
5,3798,POST_REMEDIATION,Filesystem: Boundary Escape (/tmp or %TEMP%),4. Unconfigured Directory,ATTACK,UNOBSERVED,TRUSTED,MISSED,false,15
5,3800,POST_REMEDIATION,Filesystem: Boundary Escape (/tmp or %TEMP%),5. System Directory,ATTACK,UNOBSERVED,TRUSTED,MISSED,false,15
5,3802,POST_REMEDIATION,Network: Ephemeral UDP/DNS Exfiltration,3. Unauthorized DNS TXT Exfiltration,ATTACK,OBSERVED,REJECTED,DETECTED,true,14
5,3804,POST_REMEDIATION,Network: Ephemeral UDP/DNS Exfiltration,4. Stateless UDP Socket Egress,ATTACK,OBSERVED,REJECTED,DETECTED,true,14
5,3806,POST_REMEDIATION,Network: Ephemeral UDP/DNS Exfiltration,3. Unauthorized DNS TXT Exfiltration,ATTACK,OBSERVED,REJECTED,DETECTED,true,14
5,3808,POST_REMEDIATION,Network: Ephemeral UDP/DNS Exfiltration,4. Stateless UDP Socket Egress,ATTACK,OBSERVED,REJECTED,DETECTED,true,14
5,3810,POST_REMEDIATION,Network: Ephemeral UDP/DNS Exfiltration,3. Unauthorized DNS TXT Exfiltration,ATTACK,OBSERVED,REJECTED,DETECTED,true,14
5,3812,POST_REMEDIATION,Network: Ephemeral UDP/DNS Exfiltration,4. Stateless UDP Socket Egress,ATTACK,OBSERVED,REJECTED,DETECTED,true,14
5,3814,POST_REMEDIATION,Network: Ephemeral UDP/DNS Exfiltration,3. Unauthorized DNS TXT Exfiltration,ATTACK,OBSERVED,REJECTED,DETECTED,true,14
5,3816,POST_REMEDIATION,Network: Ephemeral UDP/DNS Exfiltration,4. Stateless UDP Socket Egress,ATTACK,OBSERVED,REJECTED,DETECTED,true,14
5,3818,POST_REMEDIATION,Network: Ephemeral UDP/DNS Exfiltration,3. Unauthorized DNS TXT Exfiltration,ATTACK,OBSERVED,REJECTED,DETECTED,true,14
5,3820,POST_REMEDIATION,Network: Ephemeral UDP/DNS Exfiltration,4. Stateless UDP Socket Egress,ATTACK,OBSERVED,REJECTED,DETECTED,true,14
5,3822,POST_REMEDIATION,Network: Ephemeral UDP/DNS Exfiltration,3. Unauthorized DNS TXT Exfiltration,ATTACK,OBSERVED,REJECTED,DETECTED,true,14
5,3824,POST_REMEDIATION,Network: Ephemeral UDP/DNS Exfiltration,4. Stateless UDP Socket Egress,ATTACK,OBSERVED,REJECTED,DETECTED,true,14
5,3826,POST_REMEDIATION,Network: Ephemeral UDP/DNS Exfiltration,3. Unauthorized DNS TXT Exfiltration,ATTACK,OBSERVED,REJECTED,DETECTED,true,14
5,3828,POST_REMEDIATION,Network: Ephemeral UDP/DNS Exfiltration,4. Stateless UDP Socket Egress,ATTACK,OBSERVED,REJECTED,DETECTED,true,14
5,3830,POST_REMEDIATION,Network: Ephemeral UDP/DNS Exfiltration,3. Unauthorized DNS TXT Exfiltration,ATTACK,OBSERVED,REJECTED,DETECTED,true,14
5,3832,POST_REMEDIATION,Network: Ephemeral UDP/DNS Exfiltration,4. Stateless UDP Socket Egress,ATTACK,OBSERVED,REJECTED,DETECTED,true,14
5,3834,POST_REMEDIATION,Network: Ephemeral UDP/DNS Exfiltration,3. Unauthorized DNS TXT Exfiltration,ATTACK,OBSERVED,REJECTED,DETECTED,true,14
5,3836,POST_REMEDIATION,Network: Ephemeral UDP/DNS Exfiltration,4. Stateless UDP Socket Egress,ATTACK,OBSERVED,REJECTED,DETECTED,true,14
5,3838,POST_REMEDIATION,Network: Ephemeral UDP/DNS Exfiltration,3. Unauthorized DNS TXT Exfiltration,ATTACK,OBSERVED,REJECTED,DETECTED,true,14
5,3840,POST_REMEDIATION,Network: Ephemeral UDP/DNS Exfiltration,4. Stateless UDP Socket Egress,ATTACK,OBSERVED,REJECTED,DETECTED,true,14
5,3842,POST_REMEDIATION,Network: Ephemeral UDP/DNS Exfiltration,3. Unauthorized DNS TXT Exfiltration,ATTACK,OBSERVED,REJECTED,DETECTED,true,14
5,3844,POST_REMEDIATION,Network: Ephemeral UDP/DNS Exfiltration,4. Stateless UDP Socket Egress,ATTACK,OBSERVED,REJECTED,DETECTED,true,14
5,3846,POST_REMEDIATION,Network: Ephemeral UDP/DNS Exfiltration,3. Unauthorized DNS TXT Exfiltration,ATTACK,OBSERVED,REJECTED,DETECTED,true,14
5,3848,POST_REMEDIATION,Network: Ephemeral UDP/DNS Exfiltration,4. Stateless UDP Socket Egress,ATTACK,OBSERVED,REJECTED,DETECTED,true,14
5,3850,POST_REMEDIATION,Network: Ephemeral UDP/DNS Exfiltration,3. Unauthorized DNS TXT Exfiltration,ATTACK,OBSERVED,REJECTED,DETECTED,true,14
5,3852,POST_REMEDIATION,Network: Ephemeral UDP/DNS Exfiltration,4. Stateless UDP Socket Egress,ATTACK,OBSERVED,REJECTED,DETECTED,true,14
5,3854,POST_REMEDIATION,Network: Ephemeral UDP/DNS Exfiltration,3. Unauthorized DNS TXT Exfiltration,ATTACK,OBSERVED,REJECTED,DETECTED,true,14
5,3856,POST_REMEDIATION,Network: Ephemeral UDP/DNS Exfiltration,4. Stateless UDP Socket Egress,ATTACK,OBSERVED,REJECTED,DETECTED,true,14
5,3858,POST_REMEDIATION,Network: Ephemeral UDP/DNS Exfiltration,3. Unauthorized DNS TXT Exfiltration,ATTACK,OBSERVED,REJECTED,DETECTED,true,14
5,3860,POST_REMEDIATION,Network: Ephemeral UDP/DNS Exfiltration,4. Stateless UDP Socket Egress,ATTACK,OBSERVED,REJECTED,DETECTED,true,14
5,3862,POST_REMEDIATION,Network: Ephemeral UDP/DNS Exfiltration,3. Unauthorized DNS TXT Exfiltration,ATTACK,OBSERVED,REJECTED,DETECTED,true,14
5,3864,POST_REMEDIATION,Network: Ephemeral UDP/DNS Exfiltration,4. Stateless UDP Socket Egress,ATTACK,OBSERVED,REJECTED,DETECTED,true,14
5,3866,POST_REMEDIATION,Network: Ephemeral UDP/DNS Exfiltration,3. Unauthorized DNS TXT Exfiltration,ATTACK,OBSERVED,REJECTED,DETECTED,true,14
5,3868,POST_REMEDIATION,Network: Ephemeral UDP/DNS Exfiltration,4. Stateless UDP Socket Egress,ATTACK,OBSERVED,REJECTED,DETECTED,true,14
5,3870,POST_REMEDIATION,Network: Ephemeral UDP/DNS Exfiltration,3. Unauthorized DNS TXT Exfiltration,ATTACK,OBSERVED,REJECTED,DETECTED,true,14
5,3872,POST_REMEDIATION,Network: Ephemeral UDP/DNS Exfiltration,4. Stateless UDP Socket Egress,ATTACK,OBSERVED,REJECTED,DETECTED,true,14
5,3874,POST_REMEDIATION,Network: Ephemeral UDP/DNS Exfiltration,3. Unauthorized DNS TXT Exfiltration,ATTACK,OBSERVED,REJECTED,DETECTED,true,14
5,3876,POST_REMEDIATION,Network: Ephemeral UDP/DNS Exfiltration,4. Stateless UDP Socket Egress,ATTACK,OBSERVED,REJECTED,DETECTED,true,14
5,3878,POST_REMEDIATION,Network: Ephemeral UDP/DNS Exfiltration,3. Unauthorized DNS TXT Exfiltration,ATTACK,OBSERVED,REJECTED,DETECTED,true,14
5,3880,POST_REMEDIATION,Network: Ephemeral UDP/DNS Exfiltration,4. Stateless UDP Socket Egress,ATTACK,OBSERVED,REJECTED,DETECTED,true,14
5,3882,POST_REMEDIATION,Network: Ephemeral UDP/DNS Exfiltration,3. Unauthorized DNS TXT Exfiltration,ATTACK,OBSERVED,REJECTED,DETECTED,true,14
5,3884,POST_REMEDIATION,Network: Ephemeral UDP/DNS Exfiltration,4. Stateless UDP Socket Egress,ATTACK,OBSERVED,REJECTED,DETECTED,true,14
5,3886,POST_REMEDIATION,Network: Ephemeral UDP/DNS Exfiltration,3. Unauthorized DNS TXT Exfiltration,ATTACK,OBSERVED,REJECTED,DETECTED,true,14
5,3888,POST_REMEDIATION,Network: Ephemeral UDP/DNS Exfiltration,4. Stateless UDP Socket Egress,ATTACK,OBSERVED,REJECTED,DETECTED,true,14
5,3890,POST_REMEDIATION,Network: Ephemeral UDP/DNS Exfiltration,3. Unauthorized DNS TXT Exfiltration,ATTACK,OBSERVED,REJECTED,DETECTED,true,14
5,3892,POST_REMEDIATION,Network: Ephemeral UDP/DNS Exfiltration,4. Stateless UDP Socket Egress,ATTACK,OBSERVED,REJECTED,DETECTED,true,14
5,3894,POST_REMEDIATION,Network: Ephemeral UDP/DNS Exfiltration,3. Unauthorized DNS TXT Exfiltration,ATTACK,OBSERVED,REJECTED,DETECTED,true,14
5,3896,POST_REMEDIATION,Network: Ephemeral UDP/DNS Exfiltration,4. Stateless UDP Socket Egress,ATTACK,OBSERVED,REJECTED,DETECTED,true,14
5,3898,POST_REMEDIATION,Network: Ephemeral UDP/DNS Exfiltration,3. Unauthorized DNS TXT Exfiltration,ATTACK,OBSERVED,REJECTED,DETECTED,true,14
5,3900,POST_REMEDIATION,Network: Ephemeral UDP/DNS Exfiltration,4. Stateless UDP Socket Egress,ATTACK,OBSERVED,REJECTED,DETECTED,true,14
5,3902,POST_REMEDIATION,Network: Ephemeral UDP/DNS Exfiltration,3. Unauthorized DNS TXT Exfiltration,ATTACK,OBSERVED,REJECTED,DETECTED,true,14
5,3904,POST_REMEDIATION,Network: Ephemeral UDP/DNS Exfiltration,4. Stateless UDP Socket Egress,ATTACK,OBSERVED,REJECTED,DETECTED,true,14
5,3906,POST_REMEDIATION,Network: Ephemeral UDP/DNS Exfiltration,3. Unauthorized DNS TXT Exfiltration,ATTACK,OBSERVED,REJECTED,DETECTED,true,14
5,3908,POST_REMEDIATION,Network: Ephemeral UDP/DNS Exfiltration,4. Stateless UDP Socket Egress,ATTACK,OBSERVED,REJECTED,DETECTED,true,14
5,3910,POST_REMEDIATION,Network: Ephemeral UDP/DNS Exfiltration,3. Unauthorized DNS TXT Exfiltration,ATTACK,OBSERVED,REJECTED,DETECTED,true,14
5,3912,POST_REMEDIATION,Network: Ephemeral UDP/DNS Exfiltration,4. Stateless UDP Socket Egress,ATTACK,OBSERVED,REJECTED,DETECTED,true,14
5,3914,POST_REMEDIATION,Network: Ephemeral UDP/DNS Exfiltration,3. Unauthorized DNS TXT Exfiltration,ATTACK,OBSERVED,REJECTED,DETECTED,true,14
5,3916,POST_REMEDIATION,Network: Ephemeral UDP/DNS Exfiltration,4. Stateless UDP Socket Egress,ATTACK,OBSERVED,REJECTED,DETECTED,true,14
5,3918,POST_REMEDIATION,Network: Ephemeral UDP/DNS Exfiltration,3. Unauthorized DNS TXT Exfiltration,ATTACK,OBSERVED,REJECTED,DETECTED,true,14
5,3920,POST_REMEDIATION,Network: Ephemeral UDP/DNS Exfiltration,4. Stateless UDP Socket Egress,ATTACK,OBSERVED,REJECTED,DETECTED,true,14
5,3922,POST_REMEDIATION,Network: Ephemeral UDP/DNS Exfiltration,3. Unauthorized DNS TXT Exfiltration,ATTACK,OBSERVED,REJECTED,DETECTED,true,14
5,3924,POST_REMEDIATION,Network: Ephemeral UDP/DNS Exfiltration,4. Stateless UDP Socket Egress,ATTACK,OBSERVED,REJECTED,DETECTED,true,14
5,3926,POST_REMEDIATION,Network: Ephemeral UDP/DNS Exfiltration,3. Unauthorized DNS TXT Exfiltration,ATTACK,OBSERVED,REJECTED,DETECTED,true,14
5,3928,POST_REMEDIATION,Network: Ephemeral UDP/DNS Exfiltration,4. Stateless UDP Socket Egress,ATTACK,OBSERVED,REJECTED,DETECTED,true,14
5,3930,POST_REMEDIATION,Network: Ephemeral UDP/DNS Exfiltration,3. Unauthorized DNS TXT Exfiltration,ATTACK,OBSERVED,REJECTED,DETECTED,true,14
5,3932,POST_REMEDIATION,Network: Ephemeral UDP/DNS Exfiltration,4. Stateless UDP Socket Egress,ATTACK,OBSERVED,REJECTED,DETECTED,true,14
5,3934,POST_REMEDIATION,Network: Ephemeral UDP/DNS Exfiltration,3. Unauthorized DNS TXT Exfiltration,ATTACK,OBSERVED,REJECTED,DETECTED,true,14
5,3936,POST_REMEDIATION,Network: Ephemeral UDP/DNS Exfiltration,4. Stateless UDP Socket Egress,ATTACK,OBSERVED,REJECTED,DETECTED,true,14
5,3938,POST_REMEDIATION,Network: Ephemeral UDP/DNS Exfiltration,3. Unauthorized DNS TXT Exfiltration,ATTACK,OBSERVED,REJECTED,DETECTED,true,14
5,3940,POST_REMEDIATION,Network: Ephemeral UDP/DNS Exfiltration,4. Stateless UDP Socket Egress,ATTACK,OBSERVED,REJECTED,DETECTED,true,14
5,3942,POST_REMEDIATION,Network: Ephemeral UDP/DNS Exfiltration,3. Unauthorized DNS TXT Exfiltration,ATTACK,OBSERVED,REJECTED,DETECTED,true,14
5,3944,POST_REMEDIATION,Network: Ephemeral UDP/DNS Exfiltration,4. Stateless UDP Socket Egress,ATTACK,OBSERVED,REJECTED,DETECTED,true,14
5,3946,POST_REMEDIATION,Network: Ephemeral UDP/DNS Exfiltration,3. Unauthorized DNS TXT Exfiltration,ATTACK,OBSERVED,REJECTED,DETECTED,true,14
5,3948,POST_REMEDIATION,Network: Ephemeral UDP/DNS Exfiltration,4. Stateless UDP Socket Egress,ATTACK,OBSERVED,REJECTED,DETECTED,true,14
5,3950,POST_REMEDIATION,Network: Ephemeral UDP/DNS Exfiltration,3. Unauthorized DNS TXT Exfiltration,ATTACK,OBSERVED,REJECTED,DETECTED,true,14
5,3952,POST_REMEDIATION,Network: Ephemeral UDP/DNS Exfiltration,4. Stateless UDP Socket Egress,ATTACK,OBSERVED,REJECTED,DETECTED,true,14
5,3954,POST_REMEDIATION,Network: Ephemeral UDP/DNS Exfiltration,3. Unauthorized DNS TXT Exfiltration,ATTACK,OBSERVED,REJECTED,DETECTED,true,14
5,3956,POST_REMEDIATION,Network: Ephemeral UDP/DNS Exfiltration,4. Stateless UDP Socket Egress,ATTACK,OBSERVED,REJECTED,DETECTED,true,14
5,3958,POST_REMEDIATION,Network: Ephemeral UDP/DNS Exfiltration,3. Unauthorized DNS TXT Exfiltration,ATTACK,OBSERVED,REJECTED,DETECTED,true,14
5,3960,POST_REMEDIATION,Network: Ephemeral UDP/DNS Exfiltration,4. Stateless UDP Socket Egress,ATTACK,OBSERVED,REJECTED,DETECTED,true,14
5,3962,POST_REMEDIATION,Network: Ephemeral UDP/DNS Exfiltration,3. Unauthorized DNS TXT Exfiltration,ATTACK,OBSERVED,REJECTED,DETECTED,true,14
5,3964,POST_REMEDIATION,Network: Ephemeral UDP/DNS Exfiltration,4. Stateless UDP Socket Egress,ATTACK,OBSERVED,REJECTED,DETECTED,true,14
5,3966,POST_REMEDIATION,Network: Ephemeral UDP/DNS Exfiltration,3. Unauthorized DNS TXT Exfiltration,ATTACK,OBSERVED,REJECTED,DETECTED,true,14
5,3968,POST_REMEDIATION,Network: Ephemeral UDP/DNS Exfiltration,4. Stateless UDP Socket Egress,ATTACK,OBSERVED,REJECTED,DETECTED,true,14
5,3970,POST_REMEDIATION,Network: Ephemeral UDP/DNS Exfiltration,3. Unauthorized DNS TXT Exfiltration,ATTACK,OBSERVED,REJECTED,DETECTED,true,14
5,3972,POST_REMEDIATION,Network: Ephemeral UDP/DNS Exfiltration,4. Stateless UDP Socket Egress,ATTACK,OBSERVED,REJECTED,DETECTED,true,14
5,3974,POST_REMEDIATION,Network: Ephemeral UDP/DNS Exfiltration,3. Unauthorized DNS TXT Exfiltration,ATTACK,OBSERVED,REJECTED,DETECTED,true,14
5,3976,POST_REMEDIATION,Network: Ephemeral UDP/DNS Exfiltration,4. Stateless UDP Socket Egress,ATTACK,OBSERVED,REJECTED,DETECTED,true,14
5,3978,POST_REMEDIATION,Network: Ephemeral UDP/DNS Exfiltration,3. Unauthorized DNS TXT Exfiltration,ATTACK,OBSERVED,REJECTED,DETECTED,true,14
5,3980,POST_REMEDIATION,Network: Ephemeral UDP/DNS Exfiltration,4. Stateless UDP Socket Egress,ATTACK,OBSERVED,REJECTED,DETECTED,true,14
5,3982,POST_REMEDIATION,Network: Ephemeral UDP/DNS Exfiltration,3. Unauthorized DNS TXT Exfiltration,ATTACK,OBSERVED,REJECTED,DETECTED,true,14
5,3984,POST_REMEDIATION,Network: Ephemeral UDP/DNS Exfiltration,4. Stateless UDP Socket Egress,ATTACK,OBSERVED,REJECTED,DETECTED,true,14
5,3986,POST_REMEDIATION,Network: Ephemeral UDP/DNS Exfiltration,3. Unauthorized DNS TXT Exfiltration,ATTACK,OBSERVED,REJECTED,DETECTED,true,14
5,3988,POST_REMEDIATION,Network: Ephemeral UDP/DNS Exfiltration,4. Stateless UDP Socket Egress,ATTACK,OBSERVED,REJECTED,DETECTED,true,14
5,3990,POST_REMEDIATION,Network: Ephemeral UDP/DNS Exfiltration,3. Unauthorized DNS TXT Exfiltration,ATTACK,OBSERVED,REJECTED,DETECTED,true,14
5,3992,POST_REMEDIATION,Network: Ephemeral UDP/DNS Exfiltration,4. Stateless UDP Socket Egress,ATTACK,OBSERVED,REJECTED,DETECTED,true,14
5,3994,POST_REMEDIATION,Network: Ephemeral UDP/DNS Exfiltration,3. Unauthorized DNS TXT Exfiltration,ATTACK,OBSERVED,REJECTED,DETECTED,true,14
5,3996,POST_REMEDIATION,Network: Ephemeral UDP/DNS Exfiltration,4. Stateless UDP Socket Egress,ATTACK,OBSERVED,REJECTED,DETECTED,true,14
5,3998,POST_REMEDIATION,Network: Ephemeral UDP/DNS Exfiltration,3. Unauthorized DNS TXT Exfiltration,ATTACK,OBSERVED,REJECTED,DETECTED,true,14
5,4000,POST_REMEDIATION,Network: Ephemeral UDP/DNS Exfiltration,4. Stateless UDP Socket Egress,ATTACK,OBSERVED,REJECTED,DETECTED,true,14
