RunIndex,TrialIndex,Family,TrueLabel,PredictedVerdict,PredictedBreak,ExpectedBreak,IsCorrect,LatencyMicros
1,1,Source: Stealth Uncommitted Code,ATTACK,REJECTED,SOURCE,SOURCE,true,0
1,2,Source: Stealth Uncommitted Code,ATTACK,REJECTED,SOURCE,SOURCE,true,0
1,3,Source: Stealth Uncommitted Code,ATTACK,REJECTED,SOURCE,SOURCE,true,0
1,4,Source: Stealth Uncommitted Code,ATTACK,REJECTED,SOURCE,SOURCE,true,0
1,5,Source: Stealth Uncommitted Code,ATTACK,REJECTED,SOURCE,SOURCE,true,0
1,6,Source: Stealth Uncommitted Code,ATTACK,REJECTED,SOURCE,SOURCE,true,523
1,7,Source: Stealth Uncommitted Code,ATTACK,REJECTED,SOURCE,SOURCE,true,0
1,8,Source: Stealth Uncommitted Code,ATTACK,REJECTED,SOURCE,SOURCE,true,0
1,9,Source: Stealth Uncommitted Code,ATTACK,REJECTED,SOURCE,SOURCE,true,0
1,10,Source: Stealth Uncommitted Code,ATTACK,REJECTED,SOURCE,SOURCE,true,0
1,11,Source: Stealth Uncommitted Code,ATTACK,REJECTED,SOURCE,SOURCE,true,0
1,12,Source: Stealth Uncommitted Code,ATTACK,REJECTED,SOURCE,SOURCE,true,0
1,13,Source: Stealth Uncommitted Code,ATTACK,REJECTED,SOURCE,SOURCE,true,0
1,14,Source: Stealth Uncommitted Code,ATTACK,REJECTED,SOURCE,SOURCE,true,0
1,15,Source: Stealth Uncommitted Code,ATTACK,REJECTED,SOURCE,SOURCE,true,0
1,16,Source: Stealth Uncommitted Code,ATTACK,REJECTED,SOURCE,SOURCE,true,0
1,17,Source: Stealth Uncommitted Code,ATTACK,REJECTED,SOURCE,SOURCE,true,0
1,18,Source: Stealth Uncommitted Code,ATTACK,REJECTED,SOURCE,SOURCE,true,0
1,19,Source: Stealth Uncommitted Code,ATTACK,REJECTED,SOURCE,SOURCE,true,0
1,20,Source: Stealth Uncommitted Code,ATTACK,REJECTED,SOURCE,SOURCE,true,0
1,21,Source: Stealth Uncommitted Code,ATTACK,REJECTED,SOURCE,SOURCE,true,0
1,22,Source: Stealth Uncommitted Code,ATTACK,REJECTED,SOURCE,SOURCE,true,0
1,23,Source: Stealth Uncommitted Code,ATTACK,REJECTED,SOURCE,SOURCE,true,0
1,24,Source: Stealth Uncommitted Code,ATTACK,REJECTED,SOURCE,SOURCE,true,0
1,25,Source: Stealth Uncommitted Code,ATTACK,REJECTED,SOURCE,SOURCE,true,0
1,26,Source: Stealth Uncommitted Code,ATTACK,REJECTED,SOURCE,SOURCE,true,0
1,27,Source: Stealth Uncommitted Code,ATTACK,REJECTED,SOURCE,SOURCE,true,0
1,28,Source: Stealth Uncommitted Code,ATTACK,REJECTED,SOURCE,SOURCE,true,0
1,29,Source: Stealth Uncommitted Code,ATTACK,REJECTED,SOURCE,SOURCE,true,0
1,30,Source: Stealth Uncommitted Code,ATTACK,REJECTED,SOURCE,SOURCE,true,0
1,31,Source: Stealth Uncommitted Code,ATTACK,REJECTED,SOURCE,SOURCE,true,0
1,32,Source: Stealth Uncommitted Code,ATTACK,REJECTED,SOURCE,SOURCE,true,0
1,33,Source: Stealth Uncommitted Code,ATTACK,REJECTED,SOURCE,SOURCE,true,0
1,34,Source: Stealth Uncommitted Code,ATTACK,REJECTED,SOURCE,SOURCE,true,546
1,35,Source: Stealth Uncommitted Code,ATTACK,REJECTED,SOURCE,SOURCE,true,0
1,36,Source: Stealth Uncommitted Code,ATTACK,REJECTED,SOURCE,SOURCE,true,0
1,37,Source: Stealth Uncommitted Code,ATTACK,REJECTED,SOURCE,SOURCE,true,0
1,38,Source: Stealth Uncommitted Code,ATTACK,REJECTED,SOURCE,SOURCE,true,0
1,39,Source: Stealth Uncommitted Code,ATTACK,REJECTED,SOURCE,SOURCE,true,0
1,40,Source: Stealth Uncommitted Code,ATTACK,REJECTED,SOURCE,SOURCE,true,0
1,41,Source: Stealth Uncommitted Code,ATTACK,REJECTED,SOURCE,SOURCE,true,0
1,42,Source: Stealth Uncommitted Code,ATTACK,REJECTED,SOURCE,SOURCE,true,0
1,43,Source: Stealth Uncommitted Code,ATTACK,REJECTED,SOURCE,SOURCE,true,0
1,44,Source: Stealth Uncommitted Code,ATTACK,REJECTED,SOURCE,SOURCE,true,0
1,45,Source: Stealth Uncommitted Code,ATTACK,REJECTED,SOURCE,SOURCE,true,0
1,46,Source: Stealth Uncommitted Code,ATTACK,REJECTED,SOURCE,SOURCE,true,0
1,47,Source: Stealth Uncommitted Code,ATTACK,REJECTED,SOURCE,SOURCE,true,0
1,48,Source: Stealth Uncommitted Code,ATTACK,REJECTED,SOURCE,SOURCE,true,0
1,49,Source: Stealth Uncommitted Code,ATTACK,REJECTED,SOURCE,SOURCE,true,0
1,50,Source: Stealth Uncommitted Code,ATTACK,REJECTED,SOURCE,SOURCE,true,0
1,51,Source: Commit Author/Email Spoofing,ATTACK,TRUSTED,,SOURCE,false,0
1,52,Source: Commit Author/Email Spoofing,ATTACK,TRUSTED,,SOURCE,false,0
1,53,Source: Commit Author/Email Spoofing,ATTACK,TRUSTED,,SOURCE,false,0
1,54,Source: Commit Author/Email Spoofing,ATTACK,TRUSTED,,SOURCE,false,0
1,55,Source: Commit Author/Email Spoofing,ATTACK,TRUSTED,,SOURCE,false,0
1,56,Source: Commit Author/Email Spoofing,ATTACK,TRUSTED,,SOURCE,false,0
1,57,Source: Commit Author/Email Spoofing,ATTACK,TRUSTED,,SOURCE,false,0
1,58,Source: Commit Author/Email Spoofing,ATTACK,TRUSTED,,SOURCE,false,0
1,59,Source: Commit Author/Email Spoofing,ATTACK,TRUSTED,,SOURCE,false,0
1,60,Source: Commit Author/Email Spoofing,ATTACK,TRUSTED,,SOURCE,false,0
1,61,Source: Commit Author/Email Spoofing,ATTACK,TRUSTED,,SOURCE,false,0
1,62,Source: Commit Author/Email Spoofing,ATTACK,TRUSTED,,SOURCE,false,0
1,63,Source: Commit Author/Email Spoofing,ATTACK,TRUSTED,,SOURCE,false,0
1,64,Source: Commit Author/Email Spoofing,ATTACK,TRUSTED,,SOURCE,false,0
1,65,Source: Commit Author/Email Spoofing,ATTACK,TRUSTED,,SOURCE,false,0
1,66,Source: Commit Author/Email Spoofing,ATTACK,TRUSTED,,SOURCE,false,0
1,67,Source: Commit Author/Email Spoofing,ATTACK,TRUSTED,,SOURCE,false,0
1,68,Source: Commit Author/Email Spoofing,ATTACK,TRUSTED,,SOURCE,false,0
1,69,Source: Commit Author/Email Spoofing,ATTACK,TRUSTED,,SOURCE,false,0
1,70,Source: Commit Author/Email Spoofing,ATTACK,TRUSTED,,SOURCE,false,0
1,71,Source: Commit Author/Email Spoofing,ATTACK,TRUSTED,,SOURCE,false,0
1,72,Source: Commit Author/Email Spoofing,ATTACK,TRUSTED,,SOURCE,false,518
1,73,Source: Commit Author/Email Spoofing,ATTACK,TRUSTED,,SOURCE,false,0
1,74,Source: Commit Author/Email Spoofing,ATTACK,TRUSTED,,SOURCE,false,0
1,75,Source: Commit Author/Email Spoofing,ATTACK,TRUSTED,,SOURCE,false,0
1,76,Source: Commit Author/Email Spoofing,ATTACK,TRUSTED,,SOURCE,false,0
1,77,Source: Commit Author/Email Spoofing,ATTACK,TRUSTED,,SOURCE,false,0
1,78,Source: Commit Author/Email Spoofing,ATTACK,TRUSTED,,SOURCE,false,0
1,79,Source: Commit Author/Email Spoofing,ATTACK,TRUSTED,,SOURCE,false,0
1,80,Source: Commit Author/Email Spoofing,ATTACK,TRUSTED,,SOURCE,false,0
1,81,Source: Commit Author/Email Spoofing,ATTACK,TRUSTED,,SOURCE,false,0
1,82,Source: Commit Author/Email Spoofing,ATTACK,TRUSTED,,SOURCE,false,0
1,83,Source: Commit Author/Email Spoofing,ATTACK,TRUSTED,,SOURCE,false,0
1,84,Source: Commit Author/Email Spoofing,ATTACK,TRUSTED,,SOURCE,false,0
1,85,Source: Commit Author/Email Spoofing,ATTACK,TRUSTED,,SOURCE,false,0
1,86,Source: Commit Author/Email Spoofing,ATTACK,TRUSTED,,SOURCE,false,0
1,87,Source: Commit Author/Email Spoofing,ATTACK,TRUSTED,,SOURCE,false,0
1,88,Source: Commit Author/Email Spoofing,ATTACK,TRUSTED,,SOURCE,false,0
1,89,Source: Commit Author/Email Spoofing,ATTACK,TRUSTED,,SOURCE,false,0
1,90,Source: Commit Author/Email Spoofing,ATTACK,TRUSTED,,SOURCE,false,0
1,91,Source: Commit Author/Email Spoofing,ATTACK,TRUSTED,,SOURCE,false,0
1,92,Source: Commit Author/Email Spoofing,ATTACK,TRUSTED,,SOURCE,false,0
1,93,Source: Commit Author/Email Spoofing,ATTACK,TRUSTED,,SOURCE,false,0
1,94,Source: Commit Author/Email Spoofing,ATTACK,TRUSTED,,SOURCE,false,0
1,95,Source: Commit Author/Email Spoofing,ATTACK,TRUSTED,,SOURCE,false,0
1,96,Source: Commit Author/Email Spoofing,ATTACK,TRUSTED,,SOURCE,false,0
1,97,Source: Commit Author/Email Spoofing,ATTACK,TRUSTED,,SOURCE,false,0
1,98,Source: Commit Author/Email Spoofing,ATTACK,TRUSTED,,SOURCE,false,0
1,99,Source: Commit Author/Email Spoofing,ATTACK,TRUSTED,,SOURCE,false,0
1,100,Source: Commit Author/Email Spoofing,ATTACK,TRUSTED,,SOURCE,false,0
1,101,Dependency: Compatible Semver Substitution,ATTACK,REJECTED,DEPENDENCIES,DEPENDENCIES,true,0
1,102,Dependency: Compatible Semver Substitution,ATTACK,REJECTED,DEPENDENCIES,DEPENDENCIES,true,0
1,103,Dependency: Compatible Semver Substitution,ATTACK,REJECTED,DEPENDENCIES,DEPENDENCIES,true,0
1,104,Dependency: Compatible Semver Substitution,ATTACK,REJECTED,DEPENDENCIES,DEPENDENCIES,true,0
1,105,Dependency: Compatible Semver Substitution,ATTACK,REJECTED,DEPENDENCIES,DEPENDENCIES,true,0
1,106,Dependency: Compatible Semver Substitution,ATTACK,REJECTED,DEPENDENCIES,DEPENDENCIES,true,0
1,107,Dependency: Compatible Semver Substitution,ATTACK,REJECTED,DEPENDENCIES,DEPENDENCIES,true,0
1,108,Dependency: Compatible Semver Substitution,ATTACK,REJECTED,DEPENDENCIES,DEPENDENCIES,true,507
1,109,Dependency: Compatible Semver Substitution,ATTACK,REJECTED,DEPENDENCIES,DEPENDENCIES,true,0
1,110,Dependency: Compatible Semver Substitution,ATTACK,REJECTED,DEPENDENCIES,DEPENDENCIES,true,0
1,111,Dependency: Compatible Semver Substitution,ATTACK,REJECTED,DEPENDENCIES,DEPENDENCIES,true,0
1,112,Dependency: Compatible Semver Substitution,ATTACK,REJECTED,DEPENDENCIES,DEPENDENCIES,true,0
1,113,Dependency: Compatible Semver Substitution,ATTACK,REJECTED,DEPENDENCIES,DEPENDENCIES,true,0
1,114,Dependency: Compatible Semver Substitution,ATTACK,REJECTED,DEPENDENCIES,DEPENDENCIES,true,0
1,115,Dependency: Compatible Semver Substitution,ATTACK,REJECTED,DEPENDENCIES,DEPENDENCIES,true,0
1,116,Dependency: Compatible Semver Substitution,ATTACK,REJECTED,DEPENDENCIES,DEPENDENCIES,true,0
1,117,Dependency: Compatible Semver Substitution,ATTACK,REJECTED,DEPENDENCIES,DEPENDENCIES,true,0
1,118,Dependency: Compatible Semver Substitution,ATTACK,REJECTED,DEPENDENCIES,DEPENDENCIES,true,0
1,119,Dependency: Compatible Semver Substitution,ATTACK,REJECTED,DEPENDENCIES,DEPENDENCIES,true,0
1,120,Dependency: Compatible Semver Substitution,ATTACK,REJECTED,DEPENDENCIES,DEPENDENCIES,true,0
1,121,Dependency: Compatible Semver Substitution,ATTACK,REJECTED,DEPENDENCIES,DEPENDENCIES,true,0
1,122,Dependency: Compatible Semver Substitution,ATTACK,REJECTED,DEPENDENCIES,DEPENDENCIES,true,0
1,123,Dependency: Compatible Semver Substitution,ATTACK,REJECTED,DEPENDENCIES,DEPENDENCIES,true,0
1,124,Dependency: Compatible Semver Substitution,ATTACK,REJECTED,DEPENDENCIES,DEPENDENCIES,true,0
1,125,Dependency: Compatible Semver Substitution,ATTACK,REJECTED,DEPENDENCIES,DEPENDENCIES,true,0
1,126,Dependency: Compatible Semver Substitution,ATTACK,REJECTED,DEPENDENCIES,DEPENDENCIES,true,0
1,127,Dependency: Compatible Semver Substitution,ATTACK,REJECTED,DEPENDENCIES,DEPENDENCIES,true,0
1,128,Dependency: Compatible Semver Substitution,ATTACK,REJECTED,DEPENDENCIES,DEPENDENCIES,true,0
1,129,Dependency: Compatible Semver Substitution,ATTACK,REJECTED,DEPENDENCIES,DEPENDENCIES,true,0
1,130,Dependency: Compatible Semver Substitution,ATTACK,REJECTED,DEPENDENCIES,DEPENDENCIES,true,0
1,131,Dependency: Compatible Semver Substitution,ATTACK,REJECTED,DEPENDENCIES,DEPENDENCIES,true,0
1,132,Dependency: Compatible Semver Substitution,ATTACK,REJECTED,DEPENDENCIES,DEPENDENCIES,true,0
1,133,Dependency: Compatible Semver Substitution,ATTACK,REJECTED,DEPENDENCIES,DEPENDENCIES,true,0
1,134,Dependency: Compatible Semver Substitution,ATTACK,REJECTED,DEPENDENCIES,DEPENDENCIES,true,0
1,135,Dependency: Compatible Semver Substitution,ATTACK,REJECTED,DEPENDENCIES,DEPENDENCIES,true,0
1,136,Dependency: Compatible Semver Substitution,ATTACK,REJECTED,DEPENDENCIES,DEPENDENCIES,true,0
1,137,Dependency: Compatible Semver Substitution,ATTACK,REJECTED,DEPENDENCIES,DEPENDENCIES,true,0
1,138,Dependency: Compatible Semver Substitution,ATTACK,REJECTED,DEPENDENCIES,DEPENDENCIES,true,0
1,139,Dependency: Compatible Semver Substitution,ATTACK,REJECTED,DEPENDENCIES,DEPENDENCIES,true,0
1,140,Dependency: Compatible Semver Substitution,ATTACK,REJECTED,DEPENDENCIES,DEPENDENCIES,true,0
1,141,Dependency: Compatible Semver Substitution,ATTACK,REJECTED,DEPENDENCIES,DEPENDENCIES,true,519
1,142,Dependency: Compatible Semver Substitution,ATTACK,REJECTED,DEPENDENCIES,DEPENDENCIES,true,0
1,143,Dependency: Compatible Semver Substitution,ATTACK,REJECTED,DEPENDENCIES,DEPENDENCIES,true,0
1,144,Dependency: Compatible Semver Substitution,ATTACK,REJECTED,DEPENDENCIES,DEPENDENCIES,true,0
1,145,Dependency: Compatible Semver Substitution,ATTACK,REJECTED,DEPENDENCIES,DEPENDENCIES,true,0
1,146,Dependency: Compatible Semver Substitution,ATTACK,REJECTED,DEPENDENCIES,DEPENDENCIES,true,0
1,147,Dependency: Compatible Semver Substitution,ATTACK,REJECTED,DEPENDENCIES,DEPENDENCIES,true,0
1,148,Dependency: Compatible Semver Substitution,ATTACK,REJECTED,DEPENDENCIES,DEPENDENCIES,true,0
1,149,Dependency: Compatible Semver Substitution,ATTACK,REJECTED,DEPENDENCIES,DEPENDENCIES,true,0
1,150,Dependency: Compatible Semver Substitution,ATTACK,REJECTED,DEPENDENCIES,DEPENDENCIES,true,0
1,151,Dependency: Unapproved Mirror Registry,ATTACK,REJECTED,DEPENDENCIES,DEPENDENCIES,true,0
1,152,Dependency: Unapproved Mirror Registry,ATTACK,REJECTED,DEPENDENCIES,DEPENDENCIES,true,0
1,153,Dependency: Unapproved Mirror Registry,ATTACK,REJECTED,DEPENDENCIES,DEPENDENCIES,true,0
1,154,Dependency: Unapproved Mirror Registry,ATTACK,REJECTED,DEPENDENCIES,DEPENDENCIES,true,0
1,155,Dependency: Unapproved Mirror Registry,ATTACK,REJECTED,DEPENDENCIES,DEPENDENCIES,true,0
1,156,Dependency: Unapproved Mirror Registry,ATTACK,REJECTED,DEPENDENCIES,DEPENDENCIES,true,0
1,157,Dependency: Unapproved Mirror Registry,ATTACK,REJECTED,DEPENDENCIES,DEPENDENCIES,true,0
1,158,Dependency: Unapproved Mirror Registry,ATTACK,REJECTED,DEPENDENCIES,DEPENDENCIES,true,0
1,159,Dependency: Unapproved Mirror Registry,ATTACK,REJECTED,DEPENDENCIES,DEPENDENCIES,true,0
1,160,Dependency: Unapproved Mirror Registry,ATTACK,REJECTED,DEPENDENCIES,DEPENDENCIES,true,0
1,161,Dependency: Unapproved Mirror Registry,ATTACK,REJECTED,DEPENDENCIES,DEPENDENCIES,true,0
1,162,Dependency: Unapproved Mirror Registry,ATTACK,REJECTED,DEPENDENCIES,DEPENDENCIES,true,0
1,163,Dependency: Unapproved Mirror Registry,ATTACK,REJECTED,DEPENDENCIES,DEPENDENCIES,true,0
1,164,Dependency: Unapproved Mirror Registry,ATTACK,REJECTED,DEPENDENCIES,DEPENDENCIES,true,0
1,165,Dependency: Unapproved Mirror Registry,ATTACK,REJECTED,DEPENDENCIES,DEPENDENCIES,true,0
1,166,Dependency: Unapproved Mirror Registry,ATTACK,REJECTED,DEPENDENCIES,DEPENDENCIES,true,0
1,167,Dependency: Unapproved Mirror Registry,ATTACK,REJECTED,DEPENDENCIES,DEPENDENCIES,true,0
1,168,Dependency: Unapproved Mirror Registry,ATTACK,REJECTED,DEPENDENCIES,DEPENDENCIES,true,0
1,169,Dependency: Unapproved Mirror Registry,ATTACK,REJECTED,DEPENDENCIES,DEPENDENCIES,true,0
1,170,Dependency: Unapproved Mirror Registry,ATTACK,REJECTED,DEPENDENCIES,DEPENDENCIES,true,0
1,171,Dependency: Unapproved Mirror Registry,ATTACK,REJECTED,DEPENDENCIES,DEPENDENCIES,true,0
1,172,Dependency: Unapproved Mirror Registry,ATTACK,REJECTED,DEPENDENCIES,DEPENDENCIES,true,0
1,173,Dependency: Unapproved Mirror Registry,ATTACK,REJECTED,DEPENDENCIES,DEPENDENCIES,true,523
1,174,Dependency: Unapproved Mirror Registry,ATTACK,REJECTED,DEPENDENCIES,DEPENDENCIES,true,0
1,175,Dependency: Unapproved Mirror Registry,ATTACK,REJECTED,DEPENDENCIES,DEPENDENCIES,true,0
1,176,Dependency: Unapproved Mirror Registry,ATTACK,REJECTED,DEPENDENCIES,DEPENDENCIES,true,0
1,177,Dependency: Unapproved Mirror Registry,ATTACK,REJECTED,DEPENDENCIES,DEPENDENCIES,true,0
1,178,Dependency: Unapproved Mirror Registry,ATTACK,REJECTED,DEPENDENCIES,DEPENDENCIES,true,0
1,179,Dependency: Unapproved Mirror Registry,ATTACK,REJECTED,DEPENDENCIES,DEPENDENCIES,true,0
1,180,Dependency: Unapproved Mirror Registry,ATTACK,REJECTED,DEPENDENCIES,DEPENDENCIES,true,0
1,181,Dependency: Unapproved Mirror Registry,ATTACK,REJECTED,DEPENDENCIES,DEPENDENCIES,true,0
1,182,Dependency: Unapproved Mirror Registry,ATTACK,REJECTED,DEPENDENCIES,DEPENDENCIES,true,0
1,183,Dependency: Unapproved Mirror Registry,ATTACK,REJECTED,DEPENDENCIES,DEPENDENCIES,true,0
1,184,Dependency: Unapproved Mirror Registry,ATTACK,REJECTED,DEPENDENCIES,DEPENDENCIES,true,0
1,185,Dependency: Unapproved Mirror Registry,ATTACK,REJECTED,DEPENDENCIES,DEPENDENCIES,true,0
1,186,Dependency: Unapproved Mirror Registry,ATTACK,REJECTED,DEPENDENCIES,DEPENDENCIES,true,0
1,187,Dependency: Unapproved Mirror Registry,ATTACK,REJECTED,DEPENDENCIES,DEPENDENCIES,true,0
1,188,Dependency: Unapproved Mirror Registry,ATTACK,REJECTED,DEPENDENCIES,DEPENDENCIES,true,0
1,189,Dependency: Unapproved Mirror Registry,ATTACK,REJECTED,DEPENDENCIES,DEPENDENCIES,true,0
1,190,Dependency: Unapproved Mirror Registry,ATTACK,REJECTED,DEPENDENCIES,DEPENDENCIES,true,0
1,191,Dependency: Unapproved Mirror Registry,ATTACK,REJECTED,DEPENDENCIES,DEPENDENCIES,true,0
1,192,Dependency: Unapproved Mirror Registry,ATTACK,REJECTED,DEPENDENCIES,DEPENDENCIES,true,0
1,193,Dependency: Unapproved Mirror Registry,ATTACK,REJECTED,DEPENDENCIES,DEPENDENCIES,true,0
1,194,Dependency: Unapproved Mirror Registry,ATTACK,REJECTED,DEPENDENCIES,DEPENDENCIES,true,0
1,195,Dependency: Unapproved Mirror Registry,ATTACK,REJECTED,DEPENDENCIES,DEPENDENCIES,true,0
1,196,Dependency: Unapproved Mirror Registry,ATTACK,REJECTED,DEPENDENCIES,DEPENDENCIES,true,0
1,197,Dependency: Unapproved Mirror Registry,ATTACK,REJECTED,DEPENDENCIES,DEPENDENCIES,true,0
1,198,Dependency: Unapproved Mirror Registry,ATTACK,REJECTED,DEPENDENCIES,DEPENDENCIES,true,0
1,199,Dependency: Unapproved Mirror Registry,ATTACK,REJECTED,DEPENDENCIES,DEPENDENCIES,true,0
1,200,Dependency: Unapproved Mirror Registry,ATTACK,REJECTED,DEPENDENCIES,DEPENDENCIES,true,0
1,201,Lockfile: Missing/Stripped Hash Integrity,ATTACK,REJECTED,DEPENDENCIES,LOCKFILE,true,0
1,202,Lockfile: Missing/Stripped Hash Integrity,ATTACK,REJECTED,DEPENDENCIES,LOCKFILE,true,0
1,203,Lockfile: Missing/Stripped Hash Integrity,ATTACK,REJECTED,DEPENDENCIES,LOCKFILE,true,0
1,204,Lockfile: Missing/Stripped Hash Integrity,ATTACK,REJECTED,DEPENDENCIES,LOCKFILE,true,0
1,205,Lockfile: Missing/Stripped Hash Integrity,ATTACK,REJECTED,DEPENDENCIES,LOCKFILE,true,0
1,206,Lockfile: Missing/Stripped Hash Integrity,ATTACK,REJECTED,DEPENDENCIES,LOCKFILE,true,0
1,207,Lockfile: Missing/Stripped Hash Integrity,ATTACK,REJECTED,DEPENDENCIES,LOCKFILE,true,516
1,208,Lockfile: Missing/Stripped Hash Integrity,ATTACK,REJECTED,DEPENDENCIES,LOCKFILE,true,0
1,209,Lockfile: Missing/Stripped Hash Integrity,ATTACK,REJECTED,DEPENDENCIES,LOCKFILE,true,0
1,210,Lockfile: Missing/Stripped Hash Integrity,ATTACK,REJECTED,DEPENDENCIES,LOCKFILE,true,0
1,211,Lockfile: Missing/Stripped Hash Integrity,ATTACK,REJECTED,DEPENDENCIES,LOCKFILE,true,0
1,212,Lockfile: Missing/Stripped Hash Integrity,ATTACK,REJECTED,DEPENDENCIES,LOCKFILE,true,0
1,213,Lockfile: Missing/Stripped Hash Integrity,ATTACK,REJECTED,DEPENDENCIES,LOCKFILE,true,0
1,214,Lockfile: Missing/Stripped Hash Integrity,ATTACK,REJECTED,DEPENDENCIES,LOCKFILE,true,0
1,215,Lockfile: Missing/Stripped Hash Integrity,ATTACK,REJECTED,DEPENDENCIES,LOCKFILE,true,0
1,216,Lockfile: Missing/Stripped Hash Integrity,ATTACK,REJECTED,DEPENDENCIES,LOCKFILE,true,0
1,217,Lockfile: Missing/Stripped Hash Integrity,ATTACK,REJECTED,DEPENDENCIES,LOCKFILE,true,0
1,218,Lockfile: Missing/Stripped Hash Integrity,ATTACK,REJECTED,DEPENDENCIES,LOCKFILE,true,0
1,219,Lockfile: Missing/Stripped Hash Integrity,ATTACK,REJECTED,DEPENDENCIES,LOCKFILE,true,0
1,220,Lockfile: Missing/Stripped Hash Integrity,ATTACK,REJECTED,DEPENDENCIES,LOCKFILE,true,0
1,221,Lockfile: Missing/Stripped Hash Integrity,ATTACK,REJECTED,DEPENDENCIES,LOCKFILE,true,0
1,222,Lockfile: Missing/Stripped Hash Integrity,ATTACK,REJECTED,DEPENDENCIES,LOCKFILE,true,0
1,223,Lockfile: Missing/Stripped Hash Integrity,ATTACK,REJECTED,DEPENDENCIES,LOCKFILE,true,0
1,224,Lockfile: Missing/Stripped Hash Integrity,ATTACK,REJECTED,DEPENDENCIES,LOCKFILE,true,0
1,225,Lockfile: Missing/Stripped Hash Integrity,ATTACK,REJECTED,DEPENDENCIES,LOCKFILE,true,0
1,226,Lockfile: Missing/Stripped Hash Integrity,ATTACK,REJECTED,DEPENDENCIES,LOCKFILE,true,0
1,227,Lockfile: Missing/Stripped Hash Integrity,ATTACK,REJECTED,DEPENDENCIES,LOCKFILE,true,0
1,228,Lockfile: Missing/Stripped Hash Integrity,ATTACK,REJECTED,DEPENDENCIES,LOCKFILE,true,0
1,229,Lockfile: Missing/Stripped Hash Integrity,ATTACK,REJECTED,DEPENDENCIES,LOCKFILE,true,0
1,230,Lockfile: Missing/Stripped Hash Integrity,ATTACK,REJECTED,DEPENDENCIES,LOCKFILE,true,0
1,231,Lockfile: Missing/Stripped Hash Integrity,ATTACK,REJECTED,DEPENDENCIES,LOCKFILE,true,0
1,232,Lockfile: Missing/Stripped Hash Integrity,ATTACK,REJECTED,DEPENDENCIES,LOCKFILE,true,0
1,233,Lockfile: Missing/Stripped Hash Integrity,ATTACK,REJECTED,DEPENDENCIES,LOCKFILE,true,0
1,234,Lockfile: Missing/Stripped Hash Integrity,ATTACK,REJECTED,DEPENDENCIES,LOCKFILE,true,0
1,235,Lockfile: Missing/Stripped Hash Integrity,ATTACK,REJECTED,DEPENDENCIES,LOCKFILE,true,0
1,236,Lockfile: Missing/Stripped Hash Integrity,ATTACK,REJECTED,DEPENDENCIES,LOCKFILE,true,0
1,237,Lockfile: Missing/Stripped Hash Integrity,ATTACK,REJECTED,DEPENDENCIES,LOCKFILE,true,0
1,238,Lockfile: Missing/Stripped Hash Integrity,ATTACK,REJECTED,DEPENDENCIES,LOCKFILE,true,0
1,239,Lockfile: Missing/Stripped Hash Integrity,ATTACK,REJECTED,DEPENDENCIES,LOCKFILE,true,0
1,240,Lockfile: Missing/Stripped Hash Integrity,ATTACK,REJECTED,DEPENDENCIES,LOCKFILE,true,0
1,241,Lockfile: Missing/Stripped Hash Integrity,ATTACK,REJECTED,DEPENDENCIES,LOCKFILE,true,0
1,242,Lockfile: Missing/Stripped Hash Integrity,ATTACK,REJECTED,DEPENDENCIES,LOCKFILE,true,0
1,243,Lockfile: Missing/Stripped Hash Integrity,ATTACK,REJECTED,DEPENDENCIES,LOCKFILE,true,0
1,244,Lockfile: Missing/Stripped Hash Integrity,ATTACK,REJECTED,DEPENDENCIES,LOCKFILE,true,506
1,245,Lockfile: Missing/Stripped Hash Integrity,ATTACK,REJECTED,DEPENDENCIES,LOCKFILE,true,0
1,246,Lockfile: Missing/Stripped Hash Integrity,ATTACK,REJECTED,DEPENDENCIES,LOCKFILE,true,0
1,247,Lockfile: Missing/Stripped Hash Integrity,ATTACK,REJECTED,DEPENDENCIES,LOCKFILE,true,0
1,248,Lockfile: Missing/Stripped Hash Integrity,ATTACK,REJECTED,DEPENDENCIES,LOCKFILE,true,0
1,249,Lockfile: Missing/Stripped Hash Integrity,ATTACK,REJECTED,DEPENDENCIES,LOCKFILE,true,0
1,250,Lockfile: Missing/Stripped Hash Integrity,ATTACK,REJECTED,DEPENDENCIES,LOCKFILE,true,0
1,251,Process: Short-Lived Subprocess (Polling Evasion),ATTACK,TRUSTED,,PROCESS,false,0
1,252,Process: Short-Lived Subprocess (Polling Evasion),ATTACK,TRUSTED,,PROCESS,false,0
1,253,Process: Short-Lived Subprocess (Polling Evasion),ATTACK,TRUSTED,,PROCESS,false,0
1,254,Process: Short-Lived Subprocess (Polling Evasion),ATTACK,TRUSTED,,PROCESS,false,0
1,255,Process: Short-Lived Subprocess (Polling Evasion),ATTACK,TRUSTED,,PROCESS,false,0
1,256,Process: Short-Lived Subprocess (Polling Evasion),ATTACK,TRUSTED,,PROCESS,false,0
1,257,Process: Short-Lived Subprocess (Polling Evasion),ATTACK,TRUSTED,,PROCESS,false,0
1,258,Process: Short-Lived Subprocess (Polling Evasion),ATTACK,TRUSTED,,PROCESS,false,0
1,259,Process: Short-Lived Subprocess (Polling Evasion),ATTACK,TRUSTED,,PROCESS,false,0
1,260,Process: Short-Lived Subprocess (Polling Evasion),ATTACK,TRUSTED,,PROCESS,false,527
1,261,Process: Short-Lived Subprocess (Polling Evasion),ATTACK,TRUSTED,,PROCESS,false,0
1,262,Process: Short-Lived Subprocess (Polling Evasion),ATTACK,TRUSTED,,PROCESS,false,0
1,263,Process: Short-Lived Subprocess (Polling Evasion),ATTACK,TRUSTED,,PROCESS,false,0
1,264,Process: Short-Lived Subprocess (Polling Evasion),ATTACK,TRUSTED,,PROCESS,false,0
1,265,Process: Short-Lived Subprocess (Polling Evasion),ATTACK,TRUSTED,,PROCESS,false,0
1,266,Process: Short-Lived Subprocess (Polling Evasion),ATTACK,TRUSTED,,PROCESS,false,0
1,267,Process: Short-Lived Subprocess (Polling Evasion),ATTACK,TRUSTED,,PROCESS,false,0
1,268,Process: Short-Lived Subprocess (Polling Evasion),ATTACK,TRUSTED,,PROCESS,false,0
1,269,Process: Short-Lived Subprocess (Polling Evasion),ATTACK,TRUSTED,,PROCESS,false,0
1,270,Process: Short-Lived Subprocess (Polling Evasion),ATTACK,TRUSTED,,PROCESS,false,0
1,271,Process: Short-Lived Subprocess (Polling Evasion),ATTACK,TRUSTED,,PROCESS,false,0
1,272,Process: Short-Lived Subprocess (Polling Evasion),ATTACK,TRUSTED,,PROCESS,false,0
1,273,Process: Short-Lived Subprocess (Polling Evasion),ATTACK,TRUSTED,,PROCESS,false,0
1,274,Process: Short-Lived Subprocess (Polling Evasion),ATTACK,TRUSTED,,PROCESS,false,0
1,275,Process: Short-Lived Subprocess (Polling Evasion),ATTACK,TRUSTED,,PROCESS,false,0
1,276,Process: Short-Lived Subprocess (Polling Evasion),ATTACK,TRUSTED,,PROCESS,false,529
1,277,Process: Short-Lived Subprocess (Polling Evasion),ATTACK,TRUSTED,,PROCESS,false,0
1,278,Process: Short-Lived Subprocess (Polling Evasion),ATTACK,TRUSTED,,PROCESS,false,0
1,279,Process: Short-Lived Subprocess (Polling Evasion),ATTACK,TRUSTED,,PROCESS,false,0
1,280,Process: Short-Lived Subprocess (Polling Evasion),ATTACK,TRUSTED,,PROCESS,false,0
1,281,Process: Short-Lived Subprocess (Polling Evasion),ATTACK,TRUSTED,,PROCESS,false,0
1,282,Process: Short-Lived Subprocess (Polling Evasion),ATTACK,TRUSTED,,PROCESS,false,0
1,283,Process: Short-Lived Subprocess (Polling Evasion),ATTACK,TRUSTED,,PROCESS,false,0
1,284,Process: Short-Lived Subprocess (Polling Evasion),ATTACK,TRUSTED,,PROCESS,false,0
1,285,Process: Short-Lived Subprocess (Polling Evasion),ATTACK,TRUSTED,,PROCESS,false,0
1,286,Process: Short-Lived Subprocess (Polling Evasion),ATTACK,TRUSTED,,PROCESS,false,0
1,287,Process: Short-Lived Subprocess (Polling Evasion),ATTACK,TRUSTED,,PROCESS,false,0
1,288,Process: Short-Lived Subprocess (Polling Evasion),ATTACK,TRUSTED,,PROCESS,false,0
1,289,Process: Short-Lived Subprocess (Polling Evasion),ATTACK,TRUSTED,,PROCESS,false,0
1,290,Process: Short-Lived Subprocess (Polling Evasion),ATTACK,TRUSTED,,PROCESS,false,0
1,291,Process: Short-Lived Subprocess (Polling Evasion),ATTACK,TRUSTED,,PROCESS,false,0
1,292,Process: Short-Lived Subprocess (Polling Evasion),ATTACK,TRUSTED,,PROCESS,false,0
1,293,Process: Short-Lived Subprocess (Polling Evasion),ATTACK,TRUSTED,,PROCESS,false,0
1,294,Process: Short-Lived Subprocess (Polling Evasion),ATTACK,TRUSTED,,PROCESS,false,0
1,295,Process: Short-Lived Subprocess (Polling Evasion),ATTACK,TRUSTED,,PROCESS,false,0
1,296,Process: Short-Lived Subprocess (Polling Evasion),ATTACK,TRUSTED,,PROCESS,false,0
1,297,Process: Short-Lived Subprocess (Polling Evasion),ATTACK,TRUSTED,,PROCESS,false,0
1,298,Process: Short-Lived Subprocess (Polling Evasion),ATTACK,TRUSTED,,PROCESS,false,0
1,299,Process: Short-Lived Subprocess (Polling Evasion),ATTACK,TRUSTED,,PROCESS,false,0
1,300,Process: Short-Lived Subprocess (Polling Evasion),ATTACK,TRUSTED,,PROCESS,false,0
1,301,Process: Renamed Binary Execution (svchost/python),ATTACK,REJECTED,PROCESS,PROCESS,true,0
1,302,Process: Renamed Binary Execution (svchost/python),ATTACK,REJECTED,PROCESS,PROCESS,true,0
1,303,Process: Renamed Binary Execution (svchost/python),ATTACK,REJECTED,PROCESS,PROCESS,true,0
1,304,Process: Renamed Binary Execution (svchost/python),ATTACK,REJECTED,PROCESS,PROCESS,true,0
1,305,Process: Renamed Binary Execution (svchost/python),ATTACK,REJECTED,PROCESS,PROCESS,true,0
1,306,Process: Renamed Binary Execution (svchost/python),ATTACK,REJECTED,PROCESS,PROCESS,true,0
1,307,Process: Renamed Binary Execution (svchost/python),ATTACK,REJECTED,PROCESS,PROCESS,true,0
1,308,Process: Renamed Binary Execution (svchost/python),ATTACK,REJECTED,PROCESS,PROCESS,true,0
1,309,Process: Renamed Binary Execution (svchost/python),ATTACK,REJECTED,PROCESS,PROCESS,true,0
1,310,Process: Renamed Binary Execution (svchost/python),ATTACK,REJECTED,PROCESS,PROCESS,true,0
1,311,Process: Renamed Binary Execution (svchost/python),ATTACK,REJECTED,PROCESS,PROCESS,true,0
1,312,Process: Renamed Binary Execution (svchost/python),ATTACK,REJECTED,PROCESS,PROCESS,true,0
1,313,Process: Renamed Binary Execution (svchost/python),ATTACK,REJECTED,PROCESS,PROCESS,true,0
1,314,Process: Renamed Binary Execution (svchost/python),ATTACK,REJECTED,PROCESS,PROCESS,true,0
1,315,Process: Renamed Binary Execution (svchost/python),ATTACK,REJECTED,PROCESS,PROCESS,true,0
1,316,Process: Renamed Binary Execution (svchost/python),ATTACK,REJECTED,PROCESS,PROCESS,true,0
1,317,Process: Renamed Binary Execution (svchost/python),ATTACK,REJECTED,PROCESS,PROCESS,true,529
1,318,Process: Renamed Binary Execution (svchost/python),ATTACK,REJECTED,PROCESS,PROCESS,true,0
1,319,Process: Renamed Binary Execution (svchost/python),ATTACK,REJECTED,PROCESS,PROCESS,true,0
1,320,Process: Renamed Binary Execution (svchost/python),ATTACK,REJECTED,PROCESS,PROCESS,true,0
1,321,Process: Renamed Binary Execution (svchost/python),ATTACK,REJECTED,PROCESS,PROCESS,true,0
1,322,Process: Renamed Binary Execution (svchost/python),ATTACK,REJECTED,PROCESS,PROCESS,true,0
1,323,Process: Renamed Binary Execution (svchost/python),ATTACK,REJECTED,PROCESS,PROCESS,true,0
1,324,Process: Renamed Binary Execution (svchost/python),ATTACK,REJECTED,PROCESS,PROCESS,true,0
1,325,Process: Renamed Binary Execution (svchost/python),ATTACK,REJECTED,PROCESS,PROCESS,true,0
1,326,Process: Renamed Binary Execution (svchost/python),ATTACK,REJECTED,PROCESS,PROCESS,true,0
1,327,Process: Renamed Binary Execution (svchost/python),ATTACK,REJECTED,PROCESS,PROCESS,true,0
1,328,Process: Renamed Binary Execution (svchost/python),ATTACK,REJECTED,PROCESS,PROCESS,true,0
1,329,Process: Renamed Binary Execution (svchost/python),ATTACK,REJECTED,PROCESS,PROCESS,true,0
1,330,Process: Renamed Binary Execution (svchost/python),ATTACK,REJECTED,PROCESS,PROCESS,true,0
1,331,Process: Renamed Binary Execution (svchost/python),ATTACK,REJECTED,PROCESS,PROCESS,true,0
1,332,Process: Renamed Binary Execution (svchost/python),ATTACK,REJECTED,PROCESS,PROCESS,true,0
1,333,Process: Renamed Binary Execution (svchost/python),ATTACK,REJECTED,PROCESS,PROCESS,true,0
1,334,Process: Renamed Binary Execution (svchost/python),ATTACK,REJECTED,PROCESS,PROCESS,true,0
1,335,Process: Renamed Binary Execution (svchost/python),ATTACK,REJECTED,PROCESS,PROCESS,true,0
1,336,Process: Renamed Binary Execution (svchost/python),ATTACK,REJECTED,PROCESS,PROCESS,true,0
1,337,Process: Renamed Binary Execution (svchost/python),ATTACK,REJECTED,PROCESS,PROCESS,true,0
1,338,Process: Renamed Binary Execution (svchost/python),ATTACK,REJECTED,PROCESS,PROCESS,true,0
1,339,Process: Renamed Binary Execution (svchost/python),ATTACK,REJECTED,PROCESS,PROCESS,true,0
1,340,Process: Renamed Binary Execution (svchost/python),ATTACK,REJECTED,PROCESS,PROCESS,true,0
1,341,Process: Renamed Binary Execution (svchost/python),ATTACK,REJECTED,PROCESS,PROCESS,true,0
1,342,Process: Renamed Binary Execution (svchost/python),ATTACK,REJECTED,PROCESS,PROCESS,true,0
1,343,Process: Renamed Binary Execution (svchost/python),ATTACK,REJECTED,PROCESS,PROCESS,true,0
1,344,Process: Renamed Binary Execution (svchost/python),ATTACK,REJECTED,PROCESS,PROCESS,true,0
1,345,Process: Renamed Binary Execution (svchost/python),ATTACK,REJECTED,PROCESS,PROCESS,true,0
1,346,Process: Renamed Binary Execution (svchost/python),ATTACK,REJECTED,PROCESS,PROCESS,true,0
1,347,Process: Renamed Binary Execution (svchost/python),ATTACK,REJECTED,PROCESS,PROCESS,true,0
1,348,Process: Renamed Binary Execution (svchost/python),ATTACK,REJECTED,PROCESS,PROCESS,true,0
1,349,Process: Renamed Binary Execution (svchost/python),ATTACK,REJECTED,PROCESS,PROCESS,true,0
1,350,Process: Renamed Binary Execution (svchost/python),ATTACK,REJECTED,PROCESS,PROCESS,true,0
1,351,Filesystem: Boundary Escape (/tmp or %TEMP%),ATTACK,TRUSTED,,FILESYSTEM,false,0
1,352,Filesystem: Boundary Escape (/tmp or %TEMP%),ATTACK,TRUSTED,,FILESYSTEM,false,0
1,353,Filesystem: Boundary Escape (/tmp or %TEMP%),ATTACK,TRUSTED,,FILESYSTEM,false,0
1,354,Filesystem: Boundary Escape (/tmp or %TEMP%),ATTACK,TRUSTED,,FILESYSTEM,false,0
1,355,Filesystem: Boundary Escape (/tmp or %TEMP%),ATTACK,TRUSTED,,FILESYSTEM,false,0
1,356,Filesystem: Boundary Escape (/tmp or %TEMP%),ATTACK,TRUSTED,,FILESYSTEM,false,0
1,357,Filesystem: Boundary Escape (/tmp or %TEMP%),ATTACK,TRUSTED,,FILESYSTEM,false,0
1,358,Filesystem: Boundary Escape (/tmp or %TEMP%),ATTACK,TRUSTED,,FILESYSTEM,false,0
1,359,Filesystem: Boundary Escape (/tmp or %TEMP%),ATTACK,TRUSTED,,FILESYSTEM,false,520
1,360,Filesystem: Boundary Escape (/tmp or %TEMP%),ATTACK,TRUSTED,,FILESYSTEM,false,0
1,361,Filesystem: Boundary Escape (/tmp or %TEMP%),ATTACK,TRUSTED,,FILESYSTEM,false,0
1,362,Filesystem: Boundary Escape (/tmp or %TEMP%),ATTACK,TRUSTED,,FILESYSTEM,false,0
1,363,Filesystem: Boundary Escape (/tmp or %TEMP%),ATTACK,TRUSTED,,FILESYSTEM,false,0
1,364,Filesystem: Boundary Escape (/tmp or %TEMP%),ATTACK,TRUSTED,,FILESYSTEM,false,0
1,365,Filesystem: Boundary Escape (/tmp or %TEMP%),ATTACK,TRUSTED,,FILESYSTEM,false,0
1,366,Filesystem: Boundary Escape (/tmp or %TEMP%),ATTACK,TRUSTED,,FILESYSTEM,false,0
1,367,Filesystem: Boundary Escape (/tmp or %TEMP%),ATTACK,TRUSTED,,FILESYSTEM,false,0
1,368,Filesystem: Boundary Escape (/tmp or %TEMP%),ATTACK,TRUSTED,,FILESYSTEM,false,0
1,369,Filesystem: Boundary Escape (/tmp or %TEMP%),ATTACK,TRUSTED,,FILESYSTEM,false,0
1,370,Filesystem: Boundary Escape (/tmp or %TEMP%),ATTACK,TRUSTED,,FILESYSTEM,false,0
1,371,Filesystem: Boundary Escape (/tmp or %TEMP%),ATTACK,TRUSTED,,FILESYSTEM,false,0
1,372,Filesystem: Boundary Escape (/tmp or %TEMP%),ATTACK,TRUSTED,,FILESYSTEM,false,0
1,373,Filesystem: Boundary Escape (/tmp or %TEMP%),ATTACK,TRUSTED,,FILESYSTEM,false,0
1,374,Filesystem: Boundary Escape (/tmp or %TEMP%),ATTACK,TRUSTED,,FILESYSTEM,false,0
1,375,Filesystem: Boundary Escape (/tmp or %TEMP%),ATTACK,TRUSTED,,FILESYSTEM,false,0
1,376,Filesystem: Boundary Escape (/tmp or %TEMP%),ATTACK,TRUSTED,,FILESYSTEM,false,0
1,377,Filesystem: Boundary Escape (/tmp or %TEMP%),ATTACK,TRUSTED,,FILESYSTEM,false,0
1,378,Filesystem: Boundary Escape (/tmp or %TEMP%),ATTACK,TRUSTED,,FILESYSTEM,false,0
1,379,Filesystem: Boundary Escape (/tmp or %TEMP%),ATTACK,TRUSTED,,FILESYSTEM,false,0
1,380,Filesystem: Boundary Escape (/tmp or %TEMP%),ATTACK,TRUSTED,,FILESYSTEM,false,0
1,381,Filesystem: Boundary Escape (/tmp or %TEMP%),ATTACK,TRUSTED,,FILESYSTEM,false,0
1,382,Filesystem: Boundary Escape (/tmp or %TEMP%),ATTACK,TRUSTED,,FILESYSTEM,false,0
1,383,Filesystem: Boundary Escape (/tmp or %TEMP%),ATTACK,TRUSTED,,FILESYSTEM,false,0
1,384,Filesystem: Boundary Escape (/tmp or %TEMP%),ATTACK,TRUSTED,,FILESYSTEM,false,0
1,385,Filesystem: Boundary Escape (/tmp or %TEMP%),ATTACK,TRUSTED,,FILESYSTEM,false,0
1,386,Filesystem: Boundary Escape (/tmp or %TEMP%),ATTACK,TRUSTED,,FILESYSTEM,false,0
1,387,Filesystem: Boundary Escape (/tmp or %TEMP%),ATTACK,TRUSTED,,FILESYSTEM,false,0
1,388,Filesystem: Boundary Escape (/tmp or %TEMP%),ATTACK,TRUSTED,,FILESYSTEM,false,0
1,389,Filesystem: Boundary Escape (/tmp or %TEMP%),ATTACK,TRUSTED,,FILESYSTEM,false,0
1,390,Filesystem: Boundary Escape (/tmp or %TEMP%),ATTACK,TRUSTED,,FILESYSTEM,false,0
1,391,Filesystem: Boundary Escape (/tmp or %TEMP%),ATTACK,TRUSTED,,FILESYSTEM,false,0
1,392,Filesystem: Boundary Escape (/tmp or %TEMP%),ATTACK,TRUSTED,,FILESYSTEM,false,0
1,393,Filesystem: Boundary Escape (/tmp or %TEMP%),ATTACK,TRUSTED,,FILESYSTEM,false,0
1,394,Filesystem: Boundary Escape (/tmp or %TEMP%),ATTACK,TRUSTED,,FILESYSTEM,false,0
1,395,Filesystem: Boundary Escape (/tmp or %TEMP%),ATTACK,TRUSTED,,FILESYSTEM,false,0
1,396,Filesystem: Boundary Escape (/tmp or %TEMP%),ATTACK,TRUSTED,,FILESYSTEM,false,0
1,397,Filesystem: Boundary Escape (/tmp or %TEMP%),ATTACK,TRUSTED,,FILESYSTEM,false,0
1,398,Filesystem: Boundary Escape (/tmp or %TEMP%),ATTACK,TRUSTED,,FILESYSTEM,false,0
1,399,Filesystem: Boundary Escape (/tmp or %TEMP%),ATTACK,TRUSTED,,FILESYSTEM,false,0
1,400,Filesystem: Boundary Escape (/tmp or %TEMP%),ATTACK,TRUSTED,,FILESYSTEM,false,0
1,401,Filesystem: Payload Swap (Preserved Size/Time),ATTACK,REJECTED,FILESYSTEM,FILESYSTEM,true,0
1,402,Filesystem: Payload Swap (Preserved Size/Time),ATTACK,REJECTED,FILESYSTEM,FILESYSTEM,true,0
1,403,Filesystem: Payload Swap (Preserved Size/Time),ATTACK,REJECTED,FILESYSTEM,FILESYSTEM,true,0
1,404,Filesystem: Payload Swap (Preserved Size/Time),ATTACK,REJECTED,FILESYSTEM,FILESYSTEM,true,0
1,405,Filesystem: Payload Swap (Preserved Size/Time),ATTACK,REJECTED,FILESYSTEM,FILESYSTEM,true,0
1,406,Filesystem: Payload Swap (Preserved Size/Time),ATTACK,REJECTED,FILESYSTEM,FILESYSTEM,true,0
1,407,Filesystem: Payload Swap (Preserved Size/Time),ATTACK,REJECTED,FILESYSTEM,FILESYSTEM,true,0
1,408,Filesystem: Payload Swap (Preserved Size/Time),ATTACK,REJECTED,FILESYSTEM,FILESYSTEM,true,0
1,409,Filesystem: Payload Swap (Preserved Size/Time),ATTACK,REJECTED,FILESYSTEM,FILESYSTEM,true,0
1,410,Filesystem: Payload Swap (Preserved Size/Time),ATTACK,REJECTED,FILESYSTEM,FILESYSTEM,true,0
1,411,Filesystem: Payload Swap (Preserved Size/Time),ATTACK,REJECTED,FILESYSTEM,FILESYSTEM,true,0
1,412,Filesystem: Payload Swap (Preserved Size/Time),ATTACK,REJECTED,FILESYSTEM,FILESYSTEM,true,0
1,413,Filesystem: Payload Swap (Preserved Size/Time),ATTACK,REJECTED,FILESYSTEM,FILESYSTEM,true,0
1,414,Filesystem: Payload Swap (Preserved Size/Time),ATTACK,REJECTED,FILESYSTEM,FILESYSTEM,true,0
1,415,Filesystem: Payload Swap (Preserved Size/Time),ATTACK,REJECTED,FILESYSTEM,FILESYSTEM,true,0
1,416,Filesystem: Payload Swap (Preserved Size/Time),ATTACK,REJECTED,FILESYSTEM,FILESYSTEM,true,0
1,417,Filesystem: Payload Swap (Preserved Size/Time),ATTACK,REJECTED,FILESYSTEM,FILESYSTEM,true,0
1,418,Filesystem: Payload Swap (Preserved Size/Time),ATTACK,REJECTED,FILESYSTEM,FILESYSTEM,true,0
1,419,Filesystem: Payload Swap (Preserved Size/Time),ATTACK,REJECTED,FILESYSTEM,FILESYSTEM,true,0
1,420,Filesystem: Payload Swap (Preserved Size/Time),ATTACK,REJECTED,FILESYSTEM,FILESYSTEM,true,0
1,421,Filesystem: Payload Swap (Preserved Size/Time),ATTACK,REJECTED,FILESYSTEM,FILESYSTEM,true,0
1,422,Filesystem: Payload Swap (Preserved Size/Time),ATTACK,REJECTED,FILESYSTEM,FILESYSTEM,true,0
1,423,Filesystem: Payload Swap (Preserved Size/Time),ATTACK,REJECTED,FILESYSTEM,FILESYSTEM,true,0
1,424,Filesystem: Payload Swap (Preserved Size/Time),ATTACK,REJECTED,FILESYSTEM,FILESYSTEM,true,0
1,425,Filesystem: Payload Swap (Preserved Size/Time),ATTACK,REJECTED,FILESYSTEM,FILESYSTEM,true,0
1,426,Filesystem: Payload Swap (Preserved Size/Time),ATTACK,REJECTED,FILESYSTEM,FILESYSTEM,true,0
1,427,Filesystem: Payload Swap (Preserved Size/Time),ATTACK,REJECTED,FILESYSTEM,FILESYSTEM,true,0
1,428,Filesystem: Payload Swap (Preserved Size/Time),ATTACK,REJECTED,FILESYSTEM,FILESYSTEM,true,0
1,429,Filesystem: Payload Swap (Preserved Size/Time),ATTACK,REJECTED,FILESYSTEM,FILESYSTEM,true,0
1,430,Filesystem: Payload Swap (Preserved Size/Time),ATTACK,REJECTED,FILESYSTEM,FILESYSTEM,true,0
1,431,Filesystem: Payload Swap (Preserved Size/Time),ATTACK,REJECTED,FILESYSTEM,FILESYSTEM,true,0
1,432,Filesystem: Payload Swap (Preserved Size/Time),ATTACK,REJECTED,FILESYSTEM,FILESYSTEM,true,0
1,433,Filesystem: Payload Swap (Preserved Size/Time),ATTACK,REJECTED,FILESYSTEM,FILESYSTEM,true,0
1,434,Filesystem: Payload Swap (Preserved Size/Time),ATTACK,REJECTED,FILESYSTEM,FILESYSTEM,true,0
1,435,Filesystem: Payload Swap (Preserved Size/Time),ATTACK,REJECTED,FILESYSTEM,FILESYSTEM,true,0
1,436,Filesystem: Payload Swap (Preserved Size/Time),ATTACK,REJECTED,FILESYSTEM,FILESYSTEM,true,0
1,437,Filesystem: Payload Swap (Preserved Size/Time),ATTACK,REJECTED,FILESYSTEM,FILESYSTEM,true,0
1,438,Filesystem: Payload Swap (Preserved Size/Time),ATTACK,REJECTED,FILESYSTEM,FILESYSTEM,true,0
1,439,Filesystem: Payload Swap (Preserved Size/Time),ATTACK,REJECTED,FILESYSTEM,FILESYSTEM,true,0
1,440,Filesystem: Payload Swap (Preserved Size/Time),ATTACK,REJECTED,FILESYSTEM,FILESYSTEM,true,0
1,441,Filesystem: Payload Swap (Preserved Size/Time),ATTACK,REJECTED,FILESYSTEM,FILESYSTEM,true,0
1,442,Filesystem: Payload Swap (Preserved Size/Time),ATTACK,REJECTED,FILESYSTEM,FILESYSTEM,true,0
1,443,Filesystem: Payload Swap (Preserved Size/Time),ATTACK,REJECTED,FILESYSTEM,FILESYSTEM,true,0
1,444,Filesystem: Payload Swap (Preserved Size/Time),ATTACK,REJECTED,FILESYSTEM,FILESYSTEM,true,0
1,445,Filesystem: Payload Swap (Preserved Size/Time),ATTACK,REJECTED,FILESYSTEM,FILESYSTEM,true,0
1,446,Filesystem: Payload Swap (Preserved Size/Time),ATTACK,REJECTED,FILESYSTEM,FILESYSTEM,true,0
1,447,Filesystem: Payload Swap (Preserved Size/Time),ATTACK,REJECTED,FILESYSTEM,FILESYSTEM,true,0
1,448,Filesystem: Payload Swap (Preserved Size/Time),ATTACK,REJECTED,FILESYSTEM,FILESYSTEM,true,0
1,449,Filesystem: Payload Swap (Preserved Size/Time),ATTACK,REJECTED,FILESYSTEM,FILESYSTEM,true,0
1,450,Filesystem: Payload Swap (Preserved Size/Time),ATTACK,REJECTED,FILESYSTEM,FILESYSTEM,true,0
1,451,Network: Ephemeral UDP/DNS Exfiltration,ATTACK,TRUSTED,,NETWORK,false,0
1,452,Network: Ephemeral UDP/DNS Exfiltration,ATTACK,TRUSTED,,NETWORK,false,0
1,453,Network: Ephemeral UDP/DNS Exfiltration,ATTACK,TRUSTED,,NETWORK,false,0
1,454,Network: Ephemeral UDP/DNS Exfiltration,ATTACK,TRUSTED,,NETWORK,false,0
1,455,Network: Ephemeral UDP/DNS Exfiltration,ATTACK,TRUSTED,,NETWORK,false,0
1,456,Network: Ephemeral UDP/DNS Exfiltration,ATTACK,TRUSTED,,NETWORK,false,0
1,457,Network: Ephemeral UDP/DNS Exfiltration,ATTACK,TRUSTED,,NETWORK,false,0
1,458,Network: Ephemeral UDP/DNS Exfiltration,ATTACK,TRUSTED,,NETWORK,false,0
1,459,Network: Ephemeral UDP/DNS Exfiltration,ATTACK,TRUSTED,,NETWORK,false,0
1,460,Network: Ephemeral UDP/DNS Exfiltration,ATTACK,TRUSTED,,NETWORK,false,521
1,461,Network: Ephemeral UDP/DNS Exfiltration,ATTACK,TRUSTED,,NETWORK,false,0
1,462,Network: Ephemeral UDP/DNS Exfiltration,ATTACK,TRUSTED,,NETWORK,false,0
1,463,Network: Ephemeral UDP/DNS Exfiltration,ATTACK,TRUSTED,,NETWORK,false,0
1,464,Network: Ephemeral UDP/DNS Exfiltration,ATTACK,TRUSTED,,NETWORK,false,0
1,465,Network: Ephemeral UDP/DNS Exfiltration,ATTACK,TRUSTED,,NETWORK,false,0
1,466,Network: Ephemeral UDP/DNS Exfiltration,ATTACK,TRUSTED,,NETWORK,false,0
1,467,Network: Ephemeral UDP/DNS Exfiltration,ATTACK,TRUSTED,,NETWORK,false,0
1,468,Network: Ephemeral UDP/DNS Exfiltration,ATTACK,TRUSTED,,NETWORK,false,0
1,469,Network: Ephemeral UDP/DNS Exfiltration,ATTACK,TRUSTED,,NETWORK,false,0
1,470,Network: Ephemeral UDP/DNS Exfiltration,ATTACK,TRUSTED,,NETWORK,false,0
1,471,Network: Ephemeral UDP/DNS Exfiltration,ATTACK,TRUSTED,,NETWORK,false,0
1,472,Network: Ephemeral UDP/DNS Exfiltration,ATTACK,TRUSTED,,NETWORK,false,0
1,473,Network: Ephemeral UDP/DNS Exfiltration,ATTACK,TRUSTED,,NETWORK,false,0
1,474,Network: Ephemeral UDP/DNS Exfiltration,ATTACK,TRUSTED,,NETWORK,false,0
1,475,Network: Ephemeral UDP/DNS Exfiltration,ATTACK,TRUSTED,,NETWORK,false,0
1,476,Network: Ephemeral UDP/DNS Exfiltration,ATTACK,TRUSTED,,NETWORK,false,0
1,477,Network: Ephemeral UDP/DNS Exfiltration,ATTACK,TRUSTED,,NETWORK,false,0
1,478,Network: Ephemeral UDP/DNS Exfiltration,ATTACK,TRUSTED,,NETWORK,false,0
1,479,Network: Ephemeral UDP/DNS Exfiltration,ATTACK,TRUSTED,,NETWORK,false,0
1,480,Network: Ephemeral UDP/DNS Exfiltration,ATTACK,TRUSTED,,NETWORK,false,0
1,481,Network: Ephemeral UDP/DNS Exfiltration,ATTACK,TRUSTED,,NETWORK,false,0
1,482,Network: Ephemeral UDP/DNS Exfiltration,ATTACK,TRUSTED,,NETWORK,false,0
1,483,Network: Ephemeral UDP/DNS Exfiltration,ATTACK,TRUSTED,,NETWORK,false,0
1,484,Network: Ephemeral UDP/DNS Exfiltration,ATTACK,TRUSTED,,NETWORK,false,0
1,485,Network: Ephemeral UDP/DNS Exfiltration,ATTACK,TRUSTED,,NETWORK,false,0
1,486,Network: Ephemeral UDP/DNS Exfiltration,ATTACK,TRUSTED,,NETWORK,false,0
1,487,Network: Ephemeral UDP/DNS Exfiltration,ATTACK,TRUSTED,,NETWORK,false,0
1,488,Network: Ephemeral UDP/DNS Exfiltration,ATTACK,TRUSTED,,NETWORK,false,0
1,489,Network: Ephemeral UDP/DNS Exfiltration,ATTACK,TRUSTED,,NETWORK,false,0
1,490,Network: Ephemeral UDP/DNS Exfiltration,ATTACK,TRUSTED,,NETWORK,false,0
1,491,Network: Ephemeral UDP/DNS Exfiltration,ATTACK,TRUSTED,,NETWORK,false,0
1,492,Network: Ephemeral UDP/DNS Exfiltration,ATTACK,TRUSTED,,NETWORK,false,0
1,493,Network: Ephemeral UDP/DNS Exfiltration,ATTACK,TRUSTED,,NETWORK,false,0
1,494,Network: Ephemeral UDP/DNS Exfiltration,ATTACK,TRUSTED,,NETWORK,false,0
1,495,Network: Ephemeral UDP/DNS Exfiltration,ATTACK,TRUSTED,,NETWORK,false,0
1,496,Network: Ephemeral UDP/DNS Exfiltration,ATTACK,TRUSTED,,NETWORK,false,0
1,497,Network: Ephemeral UDP/DNS Exfiltration,ATTACK,TRUSTED,,NETWORK,false,0
1,498,Network: Ephemeral UDP/DNS Exfiltration,ATTACK,TRUSTED,,NETWORK,false,0
1,499,Network: Ephemeral UDP/DNS Exfiltration,ATTACK,TRUSTED,,NETWORK,false,0
1,500,Network: Ephemeral UDP/DNS Exfiltration,ATTACK,TRUSTED,,NETWORK,false,0
1,501,Network: Allowed CDN Subdomain Multiplexing,ATTACK,REJECTED,NETWORK,NETWORK,true,0
1,502,Network: Allowed CDN Subdomain Multiplexing,ATTACK,REJECTED,NETWORK,NETWORK,true,0
1,503,Network: Allowed CDN Subdomain Multiplexing,ATTACK,REJECTED,NETWORK,NETWORK,true,0
1,504,Network: Allowed CDN Subdomain Multiplexing,ATTACK,REJECTED,NETWORK,NETWORK,true,0
1,505,Network: Allowed CDN Subdomain Multiplexing,ATTACK,REJECTED,NETWORK,NETWORK,true,0
1,506,Network: Allowed CDN Subdomain Multiplexing,ATTACK,REJECTED,NETWORK,NETWORK,true,0
1,507,Network: Allowed CDN Subdomain Multiplexing,ATTACK,REJECTED,NETWORK,NETWORK,true,0
1,508,Network: Allowed CDN Subdomain Multiplexing,ATTACK,REJECTED,NETWORK,NETWORK,true,0
1,509,Network: Allowed CDN Subdomain Multiplexing,ATTACK,REJECTED,NETWORK,NETWORK,true,0
1,510,Network: Allowed CDN Subdomain Multiplexing,ATTACK,REJECTED,NETWORK,NETWORK,true,0
1,511,Network: Allowed CDN Subdomain Multiplexing,ATTACK,REJECTED,NETWORK,NETWORK,true,0
1,512,Network: Allowed CDN Subdomain Multiplexing,ATTACK,REJECTED,NETWORK,NETWORK,true,0
1,513,Network: Allowed CDN Subdomain Multiplexing,ATTACK,REJECTED,NETWORK,NETWORK,true,0
1,514,Network: Allowed CDN Subdomain Multiplexing,ATTACK,REJECTED,NETWORK,NETWORK,true,0
1,515,Network: Allowed CDN Subdomain Multiplexing,ATTACK,REJECTED,NETWORK,NETWORK,true,0
1,516,Network: Allowed CDN Subdomain Multiplexing,ATTACK,REJECTED,NETWORK,NETWORK,true,521
1,517,Network: Allowed CDN Subdomain Multiplexing,ATTACK,REJECTED,NETWORK,NETWORK,true,0
1,518,Network: Allowed CDN Subdomain Multiplexing,ATTACK,REJECTED,NETWORK,NETWORK,true,0
1,519,Network: Allowed CDN Subdomain Multiplexing,ATTACK,REJECTED,NETWORK,NETWORK,true,0
1,520,Network: Allowed CDN Subdomain Multiplexing,ATTACK,REJECTED,NETWORK,NETWORK,true,0
1,521,Network: Allowed CDN Subdomain Multiplexing,ATTACK,REJECTED,NETWORK,NETWORK,true,0
1,522,Network: Allowed CDN Subdomain Multiplexing,ATTACK,REJECTED,NETWORK,NETWORK,true,0
1,523,Network: Allowed CDN Subdomain Multiplexing,ATTACK,REJECTED,NETWORK,NETWORK,true,0
1,524,Network: Allowed CDN Subdomain Multiplexing,ATTACK,REJECTED,NETWORK,NETWORK,true,0
1,525,Network: Allowed CDN Subdomain Multiplexing,ATTACK,REJECTED,NETWORK,NETWORK,true,0
1,526,Network: Allowed CDN Subdomain Multiplexing,ATTACK,REJECTED,NETWORK,NETWORK,true,0
1,527,Network: Allowed CDN Subdomain Multiplexing,ATTACK,REJECTED,NETWORK,NETWORK,true,0
1,528,Network: Allowed CDN Subdomain Multiplexing,ATTACK,REJECTED,NETWORK,NETWORK,true,0
1,529,Network: Allowed CDN Subdomain Multiplexing,ATTACK,REJECTED,NETWORK,NETWORK,true,0
1,530,Network: Allowed CDN Subdomain Multiplexing,ATTACK,REJECTED,NETWORK,NETWORK,true,0
1,531,Network: Allowed CDN Subdomain Multiplexing,ATTACK,REJECTED,NETWORK,NETWORK,true,0
1,532,Network: Allowed CDN Subdomain Multiplexing,ATTACK,REJECTED,NETWORK,NETWORK,true,0
1,533,Network: Allowed CDN Subdomain Multiplexing,ATTACK,REJECTED,NETWORK,NETWORK,true,0
1,534,Network: Allowed CDN Subdomain Multiplexing,ATTACK,REJECTED,NETWORK,NETWORK,true,0
1,535,Network: Allowed CDN Subdomain Multiplexing,ATTACK,REJECTED,NETWORK,NETWORK,true,0
1,536,Network: Allowed CDN Subdomain Multiplexing,ATTACK,REJECTED,NETWORK,NETWORK,true,0
1,537,Network: Allowed CDN Subdomain Multiplexing,ATTACK,REJECTED,NETWORK,NETWORK,true,0
1,538,Network: Allowed CDN Subdomain Multiplexing,ATTACK,REJECTED,NETWORK,NETWORK,true,0
1,539,Network: Allowed CDN Subdomain Multiplexing,ATTACK,REJECTED,NETWORK,NETWORK,true,0
1,540,Network: Allowed CDN Subdomain Multiplexing,ATTACK,REJECTED,NETWORK,NETWORK,true,0
1,541,Network: Allowed CDN Subdomain Multiplexing,ATTACK,REJECTED,NETWORK,NETWORK,true,0
1,542,Network: Allowed CDN Subdomain Multiplexing,ATTACK,REJECTED,NETWORK,NETWORK,true,0
1,543,Network: Allowed CDN Subdomain Multiplexing,ATTACK,REJECTED,NETWORK,NETWORK,true,0
1,544,Network: Allowed CDN Subdomain Multiplexing,ATTACK,REJECTED,NETWORK,NETWORK,true,0
1,545,Network: Allowed CDN Subdomain Multiplexing,ATTACK,REJECTED,NETWORK,NETWORK,true,0
1,546,Network: Allowed CDN Subdomain Multiplexing,ATTACK,REJECTED,NETWORK,NETWORK,true,0
1,547,Network: Allowed CDN Subdomain Multiplexing,ATTACK,REJECTED,NETWORK,NETWORK,true,0
1,548,Network: Allowed CDN Subdomain Multiplexing,ATTACK,REJECTED,NETWORK,NETWORK,true,0
1,549,Network: Allowed CDN Subdomain Multiplexing,ATTACK,REJECTED,NETWORK,NETWORK,true,0
1,550,Network: Allowed CDN Subdomain Multiplexing,ATTACK,REJECTED,NETWORK,NETWORK,true,0
1,551,Artifact: Post-Build Binary Swap,ATTACK,REJECTED,PROVENANCE,PROVENANCE,true,0
1,552,Artifact: Post-Build Binary Swap,ATTACK,REJECTED,PROVENANCE,PROVENANCE,true,0
1,553,Artifact: Post-Build Binary Swap,ATTACK,REJECTED,PROVENANCE,PROVENANCE,true,0
1,554,Artifact: Post-Build Binary Swap,ATTACK,REJECTED,PROVENANCE,PROVENANCE,true,0
1,555,Artifact: Post-Build Binary Swap,ATTACK,REJECTED,PROVENANCE,PROVENANCE,true,0
1,556,Artifact: Post-Build Binary Swap,ATTACK,REJECTED,PROVENANCE,PROVENANCE,true,0
1,557,Artifact: Post-Build Binary Swap,ATTACK,REJECTED,PROVENANCE,PROVENANCE,true,0
1,558,Artifact: Post-Build Binary Swap,ATTACK,REJECTED,PROVENANCE,PROVENANCE,true,0
1,559,Artifact: Post-Build Binary Swap,ATTACK,REJECTED,PROVENANCE,PROVENANCE,true,0
1,560,Artifact: Post-Build Binary Swap,ATTACK,REJECTED,PROVENANCE,PROVENANCE,true,0
1,561,Artifact: Post-Build Binary Swap,ATTACK,REJECTED,PROVENANCE,PROVENANCE,true,0
1,562,Artifact: Post-Build Binary Swap,ATTACK,REJECTED,PROVENANCE,PROVENANCE,true,0
1,563,Artifact: Post-Build Binary Swap,ATTACK,REJECTED,PROVENANCE,PROVENANCE,true,0
1,564,Artifact: Post-Build Binary Swap,ATTACK,REJECTED,PROVENANCE,PROVENANCE,true,0
1,565,Artifact: Post-Build Binary Swap,ATTACK,REJECTED,PROVENANCE,PROVENANCE,true,528
1,566,Artifact: Post-Build Binary Swap,ATTACK,REJECTED,PROVENANCE,PROVENANCE,true,0
1,567,Artifact: Post-Build Binary Swap,ATTACK,REJECTED,PROVENANCE,PROVENANCE,true,0
1,568,Artifact: Post-Build Binary Swap,ATTACK,REJECTED,PROVENANCE,PROVENANCE,true,0
1,569,Artifact: Post-Build Binary Swap,ATTACK,REJECTED,PROVENANCE,PROVENANCE,true,0
1,570,Artifact: Post-Build Binary Swap,ATTACK,REJECTED,PROVENANCE,PROVENANCE,true,0
1,571,Artifact: Post-Build Binary Swap,ATTACK,REJECTED,PROVENANCE,PROVENANCE,true,0
1,572,Artifact: Post-Build Binary Swap,ATTACK,REJECTED,PROVENANCE,PROVENANCE,true,0
1,573,Artifact: Post-Build Binary Swap,ATTACK,REJECTED,PROVENANCE,PROVENANCE,true,0
1,574,Artifact: Post-Build Binary Swap,ATTACK,REJECTED,PROVENANCE,PROVENANCE,true,0
1,575,Artifact: Post-Build Binary Swap,ATTACK,REJECTED,PROVENANCE,PROVENANCE,true,0
1,576,Artifact: Post-Build Binary Swap,ATTACK,REJECTED,PROVENANCE,PROVENANCE,true,0
1,577,Artifact: Post-Build Binary Swap,ATTACK,REJECTED,PROVENANCE,PROVENANCE,true,0
1,578,Artifact: Post-Build Binary Swap,ATTACK,REJECTED,PROVENANCE,PROVENANCE,true,521
1,579,Artifact: Post-Build Binary Swap,ATTACK,REJECTED,PROVENANCE,PROVENANCE,true,0
1,580,Artifact: Post-Build Binary Swap,ATTACK,REJECTED,PROVENANCE,PROVENANCE,true,0
1,581,Artifact: Post-Build Binary Swap,ATTACK,REJECTED,PROVENANCE,PROVENANCE,true,0
1,582,Artifact: Post-Build Binary Swap,ATTACK,REJECTED,PROVENANCE,PROVENANCE,true,0
1,583,Artifact: Post-Build Binary Swap,ATTACK,REJECTED,PROVENANCE,PROVENANCE,true,0
1,584,Artifact: Post-Build Binary Swap,ATTACK,REJECTED,PROVENANCE,PROVENANCE,true,0
1,585,Artifact: Post-Build Binary Swap,ATTACK,REJECTED,PROVENANCE,PROVENANCE,true,0
1,586,Artifact: Post-Build Binary Swap,ATTACK,REJECTED,PROVENANCE,PROVENANCE,true,0
1,587,Artifact: Post-Build Binary Swap,ATTACK,REJECTED,PROVENANCE,PROVENANCE,true,0
1,588,Artifact: Post-Build Binary Swap,ATTACK,REJECTED,PROVENANCE,PROVENANCE,true,0
1,589,Artifact: Post-Build Binary Swap,ATTACK,REJECTED,PROVENANCE,PROVENANCE,true,0
1,590,Artifact: Post-Build Binary Swap,ATTACK,REJECTED,PROVENANCE,PROVENANCE,true,0
1,591,Artifact: Post-Build Binary Swap,ATTACK,REJECTED,PROVENANCE,PROVENANCE,true,0
1,592,Artifact: Post-Build Binary Swap,ATTACK,REJECTED,PROVENANCE,PROVENANCE,true,0
1,593,Artifact: Post-Build Binary Swap,ATTACK,REJECTED,PROVENANCE,PROVENANCE,true,0
1,594,Artifact: Post-Build Binary Swap,ATTACK,REJECTED,PROVENANCE,PROVENANCE,true,0
1,595,Artifact: Post-Build Binary Swap,ATTACK,REJECTED,PROVENANCE,PROVENANCE,true,0
1,596,Artifact: Post-Build Binary Swap,ATTACK,REJECTED,PROVENANCE,PROVENANCE,true,0
1,597,Artifact: Post-Build Binary Swap,ATTACK,REJECTED,PROVENANCE,PROVENANCE,true,0
1,598,Artifact: Post-Build Binary Swap,ATTACK,REJECTED,PROVENANCE,PROVENANCE,true,0
1,599,Artifact: Post-Build Binary Swap,ATTACK,REJECTED,PROVENANCE,PROVENANCE,true,0
1,600,Artifact: Post-Build Binary Swap,ATTACK,REJECTED,PROVENANCE,PROVENANCE,true,0
1,601,Artifact: Appended Trailing Overlay Payload,ATTACK,REJECTED,PROVENANCE,PROVENANCE,true,0
1,602,Artifact: Appended Trailing Overlay Payload,ATTACK,REJECTED,PROVENANCE,PROVENANCE,true,0
1,603,Artifact: Appended Trailing Overlay Payload,ATTACK,REJECTED,PROVENANCE,PROVENANCE,true,0
1,604,Artifact: Appended Trailing Overlay Payload,ATTACK,REJECTED,PROVENANCE,PROVENANCE,true,0
1,605,Artifact: Appended Trailing Overlay Payload,ATTACK,REJECTED,PROVENANCE,PROVENANCE,true,0
1,606,Artifact: Appended Trailing Overlay Payload,ATTACK,REJECTED,PROVENANCE,PROVENANCE,true,0
1,607,Artifact: Appended Trailing Overlay Payload,ATTACK,REJECTED,PROVENANCE,PROVENANCE,true,0
1,608,Artifact: Appended Trailing Overlay Payload,ATTACK,REJECTED,PROVENANCE,PROVENANCE,true,0
1,609,Artifact: Appended Trailing Overlay Payload,ATTACK,REJECTED,PROVENANCE,PROVENANCE,true,0
1,610,Artifact: Appended Trailing Overlay Payload,ATTACK,REJECTED,PROVENANCE,PROVENANCE,true,0
1,611,Artifact: Appended Trailing Overlay Payload,ATTACK,REJECTED,PROVENANCE,PROVENANCE,true,0
1,612,Artifact: Appended Trailing Overlay Payload,ATTACK,REJECTED,PROVENANCE,PROVENANCE,true,0
1,613,Artifact: Appended Trailing Overlay Payload,ATTACK,REJECTED,PROVENANCE,PROVENANCE,true,0
1,614,Artifact: Appended Trailing Overlay Payload,ATTACK,REJECTED,PROVENANCE,PROVENANCE,true,0
1,615,Artifact: Appended Trailing Overlay Payload,ATTACK,REJECTED,PROVENANCE,PROVENANCE,true,0
1,616,Artifact: Appended Trailing Overlay Payload,ATTACK,REJECTED,PROVENANCE,PROVENANCE,true,0
1,617,Artifact: Appended Trailing Overlay Payload,ATTACK,REJECTED,PROVENANCE,PROVENANCE,true,0
1,618,Artifact: Appended Trailing Overlay Payload,ATTACK,REJECTED,PROVENANCE,PROVENANCE,true,0
1,619,Artifact: Appended Trailing Overlay Payload,ATTACK,REJECTED,PROVENANCE,PROVENANCE,true,0
1,620,Artifact: Appended Trailing Overlay Payload,ATTACK,REJECTED,PROVENANCE,PROVENANCE,true,0
1,621,Artifact: Appended Trailing Overlay Payload,ATTACK,REJECTED,PROVENANCE,PROVENANCE,true,0
1,622,Artifact: Appended Trailing Overlay Payload,ATTACK,REJECTED,PROVENANCE,PROVENANCE,true,525
1,623,Artifact: Appended Trailing Overlay Payload,ATTACK,REJECTED,PROVENANCE,PROVENANCE,true,0
1,624,Artifact: Appended Trailing Overlay Payload,ATTACK,REJECTED,PROVENANCE,PROVENANCE,true,0
1,625,Artifact: Appended Trailing Overlay Payload,ATTACK,REJECTED,PROVENANCE,PROVENANCE,true,0
1,626,Artifact: Appended Trailing Overlay Payload,ATTACK,REJECTED,PROVENANCE,PROVENANCE,true,0
1,627,Artifact: Appended Trailing Overlay Payload,ATTACK,REJECTED,PROVENANCE,PROVENANCE,true,0
1,628,Artifact: Appended Trailing Overlay Payload,ATTACK,REJECTED,PROVENANCE,PROVENANCE,true,0
1,629,Artifact: Appended Trailing Overlay Payload,ATTACK,REJECTED,PROVENANCE,PROVENANCE,true,0
1,630,Artifact: Appended Trailing Overlay Payload,ATTACK,REJECTED,PROVENANCE,PROVENANCE,true,0
1,631,Artifact: Appended Trailing Overlay Payload,ATTACK,REJECTED,PROVENANCE,PROVENANCE,true,0
1,632,Artifact: Appended Trailing Overlay Payload,ATTACK,REJECTED,PROVENANCE,PROVENANCE,true,0
1,633,Artifact: Appended Trailing Overlay Payload,ATTACK,REJECTED,PROVENANCE,PROVENANCE,true,0
1,634,Artifact: Appended Trailing Overlay Payload,ATTACK,REJECTED,PROVENANCE,PROVENANCE,true,0
1,635,Artifact: Appended Trailing Overlay Payload,ATTACK,REJECTED,PROVENANCE,PROVENANCE,true,0
1,636,Artifact: Appended Trailing Overlay Payload,ATTACK,REJECTED,PROVENANCE,PROVENANCE,true,0
1,637,Artifact: Appended Trailing Overlay Payload,ATTACK,REJECTED,PROVENANCE,PROVENANCE,true,0
1,638,Artifact: Appended Trailing Overlay Payload,ATTACK,REJECTED,PROVENANCE,PROVENANCE,true,0
1,639,Artifact: Appended Trailing Overlay Payload,ATTACK,REJECTED,PROVENANCE,PROVENANCE,true,0
1,640,Artifact: Appended Trailing Overlay Payload,ATTACK,REJECTED,PROVENANCE,PROVENANCE,true,0
1,641,Artifact: Appended Trailing Overlay Payload,ATTACK,REJECTED,PROVENANCE,PROVENANCE,true,0
1,642,Artifact: Appended Trailing Overlay Payload,ATTACK,REJECTED,PROVENANCE,PROVENANCE,true,0
1,643,Artifact: Appended Trailing Overlay Payload,ATTACK,REJECTED,PROVENANCE,PROVENANCE,true,0
1,644,Artifact: Appended Trailing Overlay Payload,ATTACK,REJECTED,PROVENANCE,PROVENANCE,true,0
1,645,Artifact: Appended Trailing Overlay Payload,ATTACK,REJECTED,PROVENANCE,PROVENANCE,true,0
1,646,Artifact: Appended Trailing Overlay Payload,ATTACK,REJECTED,PROVENANCE,PROVENANCE,true,0
1,647,Artifact: Appended Trailing Overlay Payload,ATTACK,REJECTED,PROVENANCE,PROVENANCE,true,0
1,648,Artifact: Appended Trailing Overlay Payload,ATTACK,REJECTED,PROVENANCE,PROVENANCE,true,0
1,649,Artifact: Appended Trailing Overlay Payload,ATTACK,REJECTED,PROVENANCE,PROVENANCE,true,0
1,650,Artifact: Appended Trailing Overlay Payload,ATTACK,REJECTED,PROVENANCE,PROVENANCE,true,0
1,651,SBOM: Stealth Transitive Component Omission,ATTACK,REJECTED,SBOM,SBOM,true,0
1,652,SBOM: Stealth Transitive Component Omission,ATTACK,REJECTED,SBOM,SBOM,true,0
1,653,SBOM: Stealth Transitive Component Omission,ATTACK,REJECTED,SBOM,SBOM,true,0
1,654,SBOM: Stealth Transitive Component Omission,ATTACK,REJECTED,SBOM,SBOM,true,0
1,655,SBOM: Stealth Transitive Component Omission,ATTACK,REJECTED,SBOM,SBOM,true,0
1,656,SBOM: Stealth Transitive Component Omission,ATTACK,REJECTED,SBOM,SBOM,true,0
1,657,SBOM: Stealth Transitive Component Omission,ATTACK,REJECTED,SBOM,SBOM,true,0
1,658,SBOM: Stealth Transitive Component Omission,ATTACK,REJECTED,SBOM,SBOM,true,0
1,659,SBOM: Stealth Transitive Component Omission,ATTACK,REJECTED,SBOM,SBOM,true,0
1,660,SBOM: Stealth Transitive Component Omission,ATTACK,REJECTED,SBOM,SBOM,true,0
1,661,SBOM: Stealth Transitive Component Omission,ATTACK,REJECTED,SBOM,SBOM,true,0
1,662,SBOM: Stealth Transitive Component Omission,ATTACK,REJECTED,SBOM,SBOM,true,0
1,663,SBOM: Stealth Transitive Component Omission,ATTACK,REJECTED,SBOM,SBOM,true,0
1,664,SBOM: Stealth Transitive Component Omission,ATTACK,REJECTED,SBOM,SBOM,true,0
1,665,SBOM: Stealth Transitive Component Omission,ATTACK,REJECTED,SBOM,SBOM,true,0
1,666,SBOM: Stealth Transitive Component Omission,ATTACK,REJECTED,SBOM,SBOM,true,0
1,667,SBOM: Stealth Transitive Component Omission,ATTACK,REJECTED,SBOM,SBOM,true,0
1,668,SBOM: Stealth Transitive Component Omission,ATTACK,REJECTED,SBOM,SBOM,true,528
1,669,SBOM: Stealth Transitive Component Omission,ATTACK,REJECTED,SBOM,SBOM,true,0
1,670,SBOM: Stealth Transitive Component Omission,ATTACK,REJECTED,SBOM,SBOM,true,0
1,671,SBOM: Stealth Transitive Component Omission,ATTACK,REJECTED,SBOM,SBOM,true,0
1,672,SBOM: Stealth Transitive Component Omission,ATTACK,REJECTED,SBOM,SBOM,true,0
1,673,SBOM: Stealth Transitive Component Omission,ATTACK,REJECTED,SBOM,SBOM,true,0
1,674,SBOM: Stealth Transitive Component Omission,ATTACK,REJECTED,SBOM,SBOM,true,0
1,675,SBOM: Stealth Transitive Component Omission,ATTACK,REJECTED,SBOM,SBOM,true,0
1,676,SBOM: Stealth Transitive Component Omission,ATTACK,REJECTED,SBOM,SBOM,true,0
1,677,SBOM: Stealth Transitive Component Omission,ATTACK,REJECTED,SBOM,SBOM,true,0
1,678,SBOM: Stealth Transitive Component Omission,ATTACK,REJECTED,SBOM,SBOM,true,0
1,679,SBOM: Stealth Transitive Component Omission,ATTACK,REJECTED,SBOM,SBOM,true,0
1,680,SBOM: Stealth Transitive Component Omission,ATTACK,REJECTED,SBOM,SBOM,true,0
1,681,SBOM: Stealth Transitive Component Omission,ATTACK,REJECTED,SBOM,SBOM,true,0
1,682,SBOM: Stealth Transitive Component Omission,ATTACK,REJECTED,SBOM,SBOM,true,0
1,683,SBOM: Stealth Transitive Component Omission,ATTACK,REJECTED,SBOM,SBOM,true,0
1,684,SBOM: Stealth Transitive Component Omission,ATTACK,REJECTED,SBOM,SBOM,true,0
1,685,SBOM: Stealth Transitive Component Omission,ATTACK,REJECTED,SBOM,SBOM,true,0
1,686,SBOM: Stealth Transitive Component Omission,ATTACK,REJECTED,SBOM,SBOM,true,0
1,687,SBOM: Stealth Transitive Component Omission,ATTACK,REJECTED,SBOM,SBOM,true,0
1,688,SBOM: Stealth Transitive Component Omission,ATTACK,REJECTED,SBOM,SBOM,true,0
1,689,SBOM: Stealth Transitive Component Omission,ATTACK,REJECTED,SBOM,SBOM,true,0
1,690,SBOM: Stealth Transitive Component Omission,ATTACK,REJECTED,SBOM,SBOM,true,0
1,691,SBOM: Stealth Transitive Component Omission,ATTACK,REJECTED,SBOM,SBOM,true,0
1,692,SBOM: Stealth Transitive Component Omission,ATTACK,REJECTED,SBOM,SBOM,true,0
1,693,SBOM: Stealth Transitive Component Omission,ATTACK,REJECTED,SBOM,SBOM,true,0
1,694,SBOM: Stealth Transitive Component Omission,ATTACK,REJECTED,SBOM,SBOM,true,0
1,695,SBOM: Stealth Transitive Component Omission,ATTACK,REJECTED,SBOM,SBOM,true,0
1,696,SBOM: Stealth Transitive Component Omission,ATTACK,REJECTED,SBOM,SBOM,true,0
1,697,SBOM: Stealth Transitive Component Omission,ATTACK,REJECTED,SBOM,SBOM,true,0
1,698,SBOM: Stealth Transitive Component Omission,ATTACK,REJECTED,SBOM,SBOM,true,0
1,699,SBOM: Stealth Transitive Component Omission,ATTACK,REJECTED,SBOM,SBOM,true,0
1,700,SBOM: Stealth Transitive Component Omission,ATTACK,REJECTED,SBOM,SBOM,true,0
1,701,Provenance: Stale Attestation Replay Attack,ATTACK,REJECTED,PROVENANCE,PROVENANCE,true,0
1,702,Provenance: Stale Attestation Replay Attack,ATTACK,REJECTED,PROVENANCE,PROVENANCE,true,0
1,703,Provenance: Stale Attestation Replay Attack,ATTACK,REJECTED,PROVENANCE,PROVENANCE,true,0
1,704,Provenance: Stale Attestation Replay Attack,ATTACK,REJECTED,PROVENANCE,PROVENANCE,true,0
1,705,Provenance: Stale Attestation Replay Attack,ATTACK,REJECTED,PROVENANCE,PROVENANCE,true,0
1,706,Provenance: Stale Attestation Replay Attack,ATTACK,REJECTED,PROVENANCE,PROVENANCE,true,0
1,707,Provenance: Stale Attestation Replay Attack,ATTACK,REJECTED,PROVENANCE,PROVENANCE,true,0
1,708,Provenance: Stale Attestation Replay Attack,ATTACK,REJECTED,PROVENANCE,PROVENANCE,true,0
1,709,Provenance: Stale Attestation Replay Attack,ATTACK,REJECTED,PROVENANCE,PROVENANCE,true,0
1,710,Provenance: Stale Attestation Replay Attack,ATTACK,REJECTED,PROVENANCE,PROVENANCE,true,0
1,711,Provenance: Stale Attestation Replay Attack,ATTACK,REJECTED,PROVENANCE,PROVENANCE,true,0
1,712,Provenance: Stale Attestation Replay Attack,ATTACK,REJECTED,PROVENANCE,PROVENANCE,true,0
1,713,Provenance: Stale Attestation Replay Attack,ATTACK,REJECTED,PROVENANCE,PROVENANCE,true,0
1,714,Provenance: Stale Attestation Replay Attack,ATTACK,REJECTED,PROVENANCE,PROVENANCE,true,0
1,715,Provenance: Stale Attestation Replay Attack,ATTACK,REJECTED,PROVENANCE,PROVENANCE,true,0
1,716,Provenance: Stale Attestation Replay Attack,ATTACK,REJECTED,PROVENANCE,PROVENANCE,true,0
1,717,Provenance: Stale Attestation Replay Attack,ATTACK,REJECTED,PROVENANCE,PROVENANCE,true,0
1,718,Provenance: Stale Attestation Replay Attack,ATTACK,REJECTED,PROVENANCE,PROVENANCE,true,0
1,719,Provenance: Stale Attestation Replay Attack,ATTACK,REJECTED,PROVENANCE,PROVENANCE,true,521
1,720,Provenance: Stale Attestation Replay Attack,ATTACK,REJECTED,PROVENANCE,PROVENANCE,true,0
1,721,Provenance: Stale Attestation Replay Attack,ATTACK,REJECTED,PROVENANCE,PROVENANCE,true,0
1,722,Provenance: Stale Attestation Replay Attack,ATTACK,REJECTED,PROVENANCE,PROVENANCE,true,0
1,723,Provenance: Stale Attestation Replay Attack,ATTACK,REJECTED,PROVENANCE,PROVENANCE,true,0
1,724,Provenance: Stale Attestation Replay Attack,ATTACK,REJECTED,PROVENANCE,PROVENANCE,true,0
1,725,Provenance: Stale Attestation Replay Attack,ATTACK,REJECTED,PROVENANCE,PROVENANCE,true,0
1,726,Provenance: Stale Attestation Replay Attack,ATTACK,REJECTED,PROVENANCE,PROVENANCE,true,0
1,727,Provenance: Stale Attestation Replay Attack,ATTACK,REJECTED,PROVENANCE,PROVENANCE,true,0
1,728,Provenance: Stale Attestation Replay Attack,ATTACK,REJECTED,PROVENANCE,PROVENANCE,true,0
1,729,Provenance: Stale Attestation Replay Attack,ATTACK,REJECTED,PROVENANCE,PROVENANCE,true,0
1,730,Provenance: Stale Attestation Replay Attack,ATTACK,REJECTED,PROVENANCE,PROVENANCE,true,0
1,731,Provenance: Stale Attestation Replay Attack,ATTACK,REJECTED,PROVENANCE,PROVENANCE,true,0
1,732,Provenance: Stale Attestation Replay Attack,ATTACK,REJECTED,PROVENANCE,PROVENANCE,true,0
1,733,Provenance: Stale Attestation Replay Attack,ATTACK,REJECTED,PROVENANCE,PROVENANCE,true,0
1,734,Provenance: Stale Attestation Replay Attack,ATTACK,REJECTED,PROVENANCE,PROVENANCE,true,0
1,735,Provenance: Stale Attestation Replay Attack,ATTACK,REJECTED,PROVENANCE,PROVENANCE,true,0
1,736,Provenance: Stale Attestation Replay Attack,ATTACK,REJECTED,PROVENANCE,PROVENANCE,true,0
1,737,Provenance: Stale Attestation Replay Attack,ATTACK,REJECTED,PROVENANCE,PROVENANCE,true,0
1,738,Provenance: Stale Attestation Replay Attack,ATTACK,REJECTED,PROVENANCE,PROVENANCE,true,0
1,739,Provenance: Stale Attestation Replay Attack,ATTACK,REJECTED,PROVENANCE,PROVENANCE,true,0
1,740,Provenance: Stale Attestation Replay Attack,ATTACK,REJECTED,PROVENANCE,PROVENANCE,true,0
1,741,Provenance: Stale Attestation Replay Attack,ATTACK,REJECTED,PROVENANCE,PROVENANCE,true,0
1,742,Provenance: Stale Attestation Replay Attack,ATTACK,REJECTED,PROVENANCE,PROVENANCE,true,0
1,743,Provenance: Stale Attestation Replay Attack,ATTACK,REJECTED,PROVENANCE,PROVENANCE,true,0
1,744,Provenance: Stale Attestation Replay Attack,ATTACK,REJECTED,PROVENANCE,PROVENANCE,true,0
1,745,Provenance: Stale Attestation Replay Attack,ATTACK,REJECTED,PROVENANCE,PROVENANCE,true,0
1,746,Provenance: Stale Attestation Replay Attack,ATTACK,REJECTED,PROVENANCE,PROVENANCE,true,0
1,747,Provenance: Stale Attestation Replay Attack,ATTACK,REJECTED,PROVENANCE,PROVENANCE,true,0
1,748,Provenance: Stale Attestation Replay Attack,ATTACK,REJECTED,PROVENANCE,PROVENANCE,true,0
1,749,Provenance: Stale Attestation Replay Attack,ATTACK,REJECTED,PROVENANCE,PROVENANCE,true,0
1,750,Provenance: Stale Attestation Replay Attack,ATTACK,REJECTED,PROVENANCE,PROVENANCE,true,0
1,751,Provenance: Intermediate Digest Masking,ATTACK,REJECTED,PROVENANCE,PROVENANCE,true,0
1,752,Provenance: Intermediate Digest Masking,ATTACK,REJECTED,PROVENANCE,PROVENANCE,true,0
1,753,Provenance: Intermediate Digest Masking,ATTACK,REJECTED,PROVENANCE,PROVENANCE,true,0
1,754,Provenance: Intermediate Digest Masking,ATTACK,REJECTED,PROVENANCE,PROVENANCE,true,0
1,755,Provenance: Intermediate Digest Masking,ATTACK,REJECTED,PROVENANCE,PROVENANCE,true,0
1,756,Provenance: Intermediate Digest Masking,ATTACK,REJECTED,PROVENANCE,PROVENANCE,true,0
1,757,Provenance: Intermediate Digest Masking,ATTACK,REJECTED,PROVENANCE,PROVENANCE,true,0
1,758,Provenance: Intermediate Digest Masking,ATTACK,REJECTED,PROVENANCE,PROVENANCE,true,0
1,759,Provenance: Intermediate Digest Masking,ATTACK,REJECTED,PROVENANCE,PROVENANCE,true,0
1,760,Provenance: Intermediate Digest Masking,ATTACK,REJECTED,PROVENANCE,PROVENANCE,true,0
1,761,Provenance: Intermediate Digest Masking,ATTACK,REJECTED,PROVENANCE,PROVENANCE,true,0
1,762,Provenance: Intermediate Digest Masking,ATTACK,REJECTED,PROVENANCE,PROVENANCE,true,0
1,763,Provenance: Intermediate Digest Masking,ATTACK,REJECTED,PROVENANCE,PROVENANCE,true,0
1,764,Provenance: Intermediate Digest Masking,ATTACK,REJECTED,PROVENANCE,PROVENANCE,true,0
1,765,Provenance: Intermediate Digest Masking,ATTACK,REJECTED,PROVENANCE,PROVENANCE,true,507
1,766,Provenance: Intermediate Digest Masking,ATTACK,REJECTED,PROVENANCE,PROVENANCE,true,0
1,767,Provenance: Intermediate Digest Masking,ATTACK,REJECTED,PROVENANCE,PROVENANCE,true,0
1,768,Provenance: Intermediate Digest Masking,ATTACK,REJECTED,PROVENANCE,PROVENANCE,true,0
1,769,Provenance: Intermediate Digest Masking,ATTACK,REJECTED,PROVENANCE,PROVENANCE,true,0
1,770,Provenance: Intermediate Digest Masking,ATTACK,REJECTED,PROVENANCE,PROVENANCE,true,0
1,771,Provenance: Intermediate Digest Masking,ATTACK,REJECTED,PROVENANCE,PROVENANCE,true,0
1,772,Provenance: Intermediate Digest Masking,ATTACK,REJECTED,PROVENANCE,PROVENANCE,true,0
1,773,Provenance: Intermediate Digest Masking,ATTACK,REJECTED,PROVENANCE,PROVENANCE,true,0
1,774,Provenance: Intermediate Digest Masking,ATTACK,REJECTED,PROVENANCE,PROVENANCE,true,0
1,775,Provenance: Intermediate Digest Masking,ATTACK,REJECTED,PROVENANCE,PROVENANCE,true,0
1,776,Provenance: Intermediate Digest Masking,ATTACK,REJECTED,PROVENANCE,PROVENANCE,true,0
1,777,Provenance: Intermediate Digest Masking,ATTACK,REJECTED,PROVENANCE,PROVENANCE,true,0
1,778,Provenance: Intermediate Digest Masking,ATTACK,REJECTED,PROVENANCE,PROVENANCE,true,0
1,779,Provenance: Intermediate Digest Masking,ATTACK,REJECTED,PROVENANCE,PROVENANCE,true,0
1,780,Provenance: Intermediate Digest Masking,ATTACK,REJECTED,PROVENANCE,PROVENANCE,true,0
1,781,Provenance: Intermediate Digest Masking,ATTACK,REJECTED,PROVENANCE,PROVENANCE,true,0
1,782,Provenance: Intermediate Digest Masking,ATTACK,REJECTED,PROVENANCE,PROVENANCE,true,0
1,783,Provenance: Intermediate Digest Masking,ATTACK,REJECTED,PROVENANCE,PROVENANCE,true,0
1,784,Provenance: Intermediate Digest Masking,ATTACK,REJECTED,PROVENANCE,PROVENANCE,true,0
1,785,Provenance: Intermediate Digest Masking,ATTACK,REJECTED,PROVENANCE,PROVENANCE,true,0
1,786,Provenance: Intermediate Digest Masking,ATTACK,REJECTED,PROVENANCE,PROVENANCE,true,0
1,787,Provenance: Intermediate Digest Masking,ATTACK,REJECTED,PROVENANCE,PROVENANCE,true,0
1,788,Provenance: Intermediate Digest Masking,ATTACK,REJECTED,PROVENANCE,PROVENANCE,true,0
1,789,Provenance: Intermediate Digest Masking,ATTACK,REJECTED,PROVENANCE,PROVENANCE,true,0
1,790,Provenance: Intermediate Digest Masking,ATTACK,REJECTED,PROVENANCE,PROVENANCE,true,0
1,791,Provenance: Intermediate Digest Masking,ATTACK,REJECTED,PROVENANCE,PROVENANCE,true,0
1,792,Provenance: Intermediate Digest Masking,ATTACK,REJECTED,PROVENANCE,PROVENANCE,true,0
1,793,Provenance: Intermediate Digest Masking,ATTACK,REJECTED,PROVENANCE,PROVENANCE,true,0
1,794,Provenance: Intermediate Digest Masking,ATTACK,REJECTED,PROVENANCE,PROVENANCE,true,0
1,795,Provenance: Intermediate Digest Masking,ATTACK,REJECTED,PROVENANCE,PROVENANCE,true,0
1,796,Provenance: Intermediate Digest Masking,ATTACK,REJECTED,PROVENANCE,PROVENANCE,true,0
1,797,Provenance: Intermediate Digest Masking,ATTACK,REJECTED,PROVENANCE,PROVENANCE,true,0
1,798,Provenance: Intermediate Digest Masking,ATTACK,REJECTED,PROVENANCE,PROVENANCE,true,0
1,799,Provenance: Intermediate Digest Masking,ATTACK,REJECTED,PROVENANCE,PROVENANCE,true,0
1,800,Provenance: Intermediate Digest Masking,ATTACK,REJECTED,PROVENANCE,PROVENANCE,true,0
1,801,Signature: Foreign Key from Untrusted Store,ATTACK,REJECTED,SIGNATURE,SIGNATURE,true,0
1,802,Signature: Foreign Key from Untrusted Store,ATTACK,REJECTED,SIGNATURE,SIGNATURE,true,0
1,803,Signature: Foreign Key from Untrusted Store,ATTACK,REJECTED,SIGNATURE,SIGNATURE,true,0
1,804,Signature: Foreign Key from Untrusted Store,ATTACK,REJECTED,SIGNATURE,SIGNATURE,true,0
1,805,Signature: Foreign Key from Untrusted Store,ATTACK,REJECTED,SIGNATURE,SIGNATURE,true,0
1,806,Signature: Foreign Key from Untrusted Store,ATTACK,REJECTED,SIGNATURE,SIGNATURE,true,0
1,807,Signature: Foreign Key from Untrusted Store,ATTACK,REJECTED,SIGNATURE,SIGNATURE,true,0
1,808,Signature: Foreign Key from Untrusted Store,ATTACK,REJECTED,SIGNATURE,SIGNATURE,true,0
1,809,Signature: Foreign Key from Untrusted Store,ATTACK,REJECTED,SIGNATURE,SIGNATURE,true,0
1,810,Signature: Foreign Key from Untrusted Store,ATTACK,REJECTED,SIGNATURE,SIGNATURE,true,0
1,811,Signature: Foreign Key from Untrusted Store,ATTACK,REJECTED,SIGNATURE,SIGNATURE,true,0
1,812,Signature: Foreign Key from Untrusted Store,ATTACK,REJECTED,SIGNATURE,SIGNATURE,true,0
1,813,Signature: Foreign Key from Untrusted Store,ATTACK,REJECTED,SIGNATURE,SIGNATURE,true,0
1,814,Signature: Foreign Key from Untrusted Store,ATTACK,REJECTED,SIGNATURE,SIGNATURE,true,516
1,815,Signature: Foreign Key from Untrusted Store,ATTACK,REJECTED,SIGNATURE,SIGNATURE,true,0
1,816,Signature: Foreign Key from Untrusted Store,ATTACK,REJECTED,SIGNATURE,SIGNATURE,true,0
1,817,Signature: Foreign Key from Untrusted Store,ATTACK,REJECTED,SIGNATURE,SIGNATURE,true,0
1,818,Signature: Foreign Key from Untrusted Store,ATTACK,REJECTED,SIGNATURE,SIGNATURE,true,0
1,819,Signature: Foreign Key from Untrusted Store,ATTACK,REJECTED,SIGNATURE,SIGNATURE,true,0
1,820,Signature: Foreign Key from Untrusted Store,ATTACK,REJECTED,SIGNATURE,SIGNATURE,true,0
1,821,Signature: Foreign Key from Untrusted Store,ATTACK,REJECTED,SIGNATURE,SIGNATURE,true,0
1,822,Signature: Foreign Key from Untrusted Store,ATTACK,REJECTED,SIGNATURE,SIGNATURE,true,0
1,823,Signature: Foreign Key from Untrusted Store,ATTACK,REJECTED,SIGNATURE,SIGNATURE,true,0
1,824,Signature: Foreign Key from Untrusted Store,ATTACK,REJECTED,SIGNATURE,SIGNATURE,true,0
1,825,Signature: Foreign Key from Untrusted Store,ATTACK,REJECTED,SIGNATURE,SIGNATURE,true,0
1,826,Signature: Foreign Key from Untrusted Store,ATTACK,REJECTED,SIGNATURE,SIGNATURE,true,0
1,827,Signature: Foreign Key from Untrusted Store,ATTACK,REJECTED,SIGNATURE,SIGNATURE,true,0
1,828,Signature: Foreign Key from Untrusted Store,ATTACK,REJECTED,SIGNATURE,SIGNATURE,true,0
1,829,Signature: Foreign Key from Untrusted Store,ATTACK,REJECTED,SIGNATURE,SIGNATURE,true,0
1,830,Signature: Foreign Key from Untrusted Store,ATTACK,REJECTED,SIGNATURE,SIGNATURE,true,0
1,831,Signature: Foreign Key from Untrusted Store,ATTACK,REJECTED,SIGNATURE,SIGNATURE,true,0
1,832,Signature: Foreign Key from Untrusted Store,ATTACK,REJECTED,SIGNATURE,SIGNATURE,true,0
1,833,Signature: Foreign Key from Untrusted Store,ATTACK,REJECTED,SIGNATURE,SIGNATURE,true,0
1,834,Signature: Foreign Key from Untrusted Store,ATTACK,REJECTED,SIGNATURE,SIGNATURE,true,0
1,835,Signature: Foreign Key from Untrusted Store,ATTACK,REJECTED,SIGNATURE,SIGNATURE,true,0
1,836,Signature: Foreign Key from Untrusted Store,ATTACK,REJECTED,SIGNATURE,SIGNATURE,true,0
1,837,Signature: Foreign Key from Untrusted Store,ATTACK,REJECTED,SIGNATURE,SIGNATURE,true,0
1,838,Signature: Foreign Key from Untrusted Store,ATTACK,REJECTED,SIGNATURE,SIGNATURE,true,0
1,839,Signature: Foreign Key from Untrusted Store,ATTACK,REJECTED,SIGNATURE,SIGNATURE,true,0
1,840,Signature: Foreign Key from Untrusted Store,ATTACK,REJECTED,SIGNATURE,SIGNATURE,true,0
1,841,Signature: Foreign Key from Untrusted Store,ATTACK,REJECTED,SIGNATURE,SIGNATURE,true,0
1,842,Signature: Foreign Key from Untrusted Store,ATTACK,REJECTED,SIGNATURE,SIGNATURE,true,0
1,843,Signature: Foreign Key from Untrusted Store,ATTACK,REJECTED,SIGNATURE,SIGNATURE,true,0
1,844,Signature: Foreign Key from Untrusted Store,ATTACK,REJECTED,SIGNATURE,SIGNATURE,true,0
1,845,Signature: Foreign Key from Untrusted Store,ATTACK,REJECTED,SIGNATURE,SIGNATURE,true,0
1,846,Signature: Foreign Key from Untrusted Store,ATTACK,REJECTED,SIGNATURE,SIGNATURE,true,0
1,847,Signature: Foreign Key from Untrusted Store,ATTACK,REJECTED,SIGNATURE,SIGNATURE,true,0
1,848,Signature: Foreign Key from Untrusted Store,ATTACK,REJECTED,SIGNATURE,SIGNATURE,true,0
1,849,Signature: Foreign Key from Untrusted Store,ATTACK,REJECTED,SIGNATURE,SIGNATURE,true,511
1,850,Signature: Foreign Key from Untrusted Store,ATTACK,REJECTED,SIGNATURE,SIGNATURE,true,0
1,851,Temporal: Impossible Causality Inversion,ATTACK,REJECTED,PROVENANCE,PROVENANCE,true,0
1,852,Temporal: Impossible Causality Inversion,ATTACK,REJECTED,PROVENANCE,PROVENANCE,true,0
1,853,Temporal: Impossible Causality Inversion,ATTACK,REJECTED,PROVENANCE,PROVENANCE,true,0
1,854,Temporal: Impossible Causality Inversion,ATTACK,REJECTED,PROVENANCE,PROVENANCE,true,0
1,855,Temporal: Impossible Causality Inversion,ATTACK,REJECTED,PROVENANCE,PROVENANCE,true,0
1,856,Temporal: Impossible Causality Inversion,ATTACK,REJECTED,PROVENANCE,PROVENANCE,true,0
1,857,Temporal: Impossible Causality Inversion,ATTACK,REJECTED,PROVENANCE,PROVENANCE,true,0
1,858,Temporal: Impossible Causality Inversion,ATTACK,REJECTED,PROVENANCE,PROVENANCE,true,0
1,859,Temporal: Impossible Causality Inversion,ATTACK,REJECTED,PROVENANCE,PROVENANCE,true,0
1,860,Temporal: Impossible Causality Inversion,ATTACK,REJECTED,PROVENANCE,PROVENANCE,true,0
1,861,Temporal: Impossible Causality Inversion,ATTACK,REJECTED,PROVENANCE,PROVENANCE,true,0
1,862,Temporal: Impossible Causality Inversion,ATTACK,REJECTED,PROVENANCE,PROVENANCE,true,0
1,863,Temporal: Impossible Causality Inversion,ATTACK,REJECTED,PROVENANCE,PROVENANCE,true,0
1,864,Temporal: Impossible Causality Inversion,ATTACK,REJECTED,PROVENANCE,PROVENANCE,true,0
1,865,Temporal: Impossible Causality Inversion,ATTACK,REJECTED,PROVENANCE,PROVENANCE,true,0
1,866,Temporal: Impossible Causality Inversion,ATTACK,REJECTED,PROVENANCE,PROVENANCE,true,0
1,867,Temporal: Impossible Causality Inversion,ATTACK,REJECTED,PROVENANCE,PROVENANCE,true,0
1,868,Temporal: Impossible Causality Inversion,ATTACK,REJECTED,PROVENANCE,PROVENANCE,true,0
1,869,Temporal: Impossible Causality Inversion,ATTACK,REJECTED,PROVENANCE,PROVENANCE,true,0
1,870,Temporal: Impossible Causality Inversion,ATTACK,REJECTED,PROVENANCE,PROVENANCE,true,0
1,871,Temporal: Impossible Causality Inversion,ATTACK,REJECTED,PROVENANCE,PROVENANCE,true,0
1,872,Temporal: Impossible Causality Inversion,ATTACK,REJECTED,PROVENANCE,PROVENANCE,true,0
1,873,Temporal: Impossible Causality Inversion,ATTACK,REJECTED,PROVENANCE,PROVENANCE,true,0
1,874,Temporal: Impossible Causality Inversion,ATTACK,REJECTED,PROVENANCE,PROVENANCE,true,0
1,875,Temporal: Impossible Causality Inversion,ATTACK,REJECTED,PROVENANCE,PROVENANCE,true,0
1,876,Temporal: Impossible Causality Inversion,ATTACK,REJECTED,PROVENANCE,PROVENANCE,true,0
1,877,Temporal: Impossible Causality Inversion,ATTACK,REJECTED,PROVENANCE,PROVENANCE,true,0
1,878,Temporal: Impossible Causality Inversion,ATTACK,REJECTED,PROVENANCE,PROVENANCE,true,0
1,879,Temporal: Impossible Causality Inversion,ATTACK,REJECTED,PROVENANCE,PROVENANCE,true,0
1,880,Temporal: Impossible Causality Inversion,ATTACK,REJECTED,PROVENANCE,PROVENANCE,true,0
1,881,Temporal: Impossible Causality Inversion,ATTACK,REJECTED,PROVENANCE,PROVENANCE,true,0
1,882,Temporal: Impossible Causality Inversion,ATTACK,REJECTED,PROVENANCE,PROVENANCE,true,0
1,883,Temporal: Impossible Causality Inversion,ATTACK,REJECTED,PROVENANCE,PROVENANCE,true,0
1,884,Temporal: Impossible Causality Inversion,ATTACK,REJECTED,PROVENANCE,PROVENANCE,true,0
1,885,Temporal: Impossible Causality Inversion,ATTACK,REJECTED,PROVENANCE,PROVENANCE,true,0
1,886,Temporal: Impossible Causality Inversion,ATTACK,REJECTED,PROVENANCE,PROVENANCE,true,0
1,887,Temporal: Impossible Causality Inversion,ATTACK,REJECTED,PROVENANCE,PROVENANCE,true,0
1,888,Temporal: Impossible Causality Inversion,ATTACK,REJECTED,PROVENANCE,PROVENANCE,true,0
1,889,Temporal: Impossible Causality Inversion,ATTACK,REJECTED,PROVENANCE,PROVENANCE,true,0
1,890,Temporal: Impossible Causality Inversion,ATTACK,REJECTED,PROVENANCE,PROVENANCE,true,0
1,891,Temporal: Impossible Causality Inversion,ATTACK,REJECTED,PROVENANCE,PROVENANCE,true,0
1,892,Temporal: Impossible Causality Inversion,ATTACK,REJECTED,PROVENANCE,PROVENANCE,true,0
1,893,Temporal: Impossible Causality Inversion,ATTACK,REJECTED,PROVENANCE,PROVENANCE,true,0
1,894,Temporal: Impossible Causality Inversion,ATTACK,REJECTED,PROVENANCE,PROVENANCE,true,0
1,895,Temporal: Impossible Causality Inversion,ATTACK,REJECTED,PROVENANCE,PROVENANCE,true,0
1,896,Temporal: Impossible Causality Inversion,ATTACK,REJECTED,PROVENANCE,PROVENANCE,true,0
1,897,Temporal: Impossible Causality Inversion,ATTACK,REJECTED,PROVENANCE,PROVENANCE,true,1007
1,898,Temporal: Impossible Causality Inversion,ATTACK,REJECTED,PROVENANCE,PROVENANCE,true,0
1,899,Temporal: Impossible Causality Inversion,ATTACK,REJECTED,PROVENANCE,PROVENANCE,true,0
1,900,Temporal: Impossible Causality Inversion,ATTACK,REJECTED,PROVENANCE,PROVENANCE,true,0
1,901,Composed: Dual-Layer Source + Dependency Attack,ATTACK,REJECTED,SOURCE,SOURCE,true,0
1,902,Composed: Dual-Layer Source + Dependency Attack,ATTACK,REJECTED,SOURCE,SOURCE,true,0
1,903,Composed: Dual-Layer Source + Dependency Attack,ATTACK,REJECTED,SOURCE,SOURCE,true,0
1,904,Composed: Dual-Layer Source + Dependency Attack,ATTACK,REJECTED,SOURCE,SOURCE,true,0
1,905,Composed: Dual-Layer Source + Dependency Attack,ATTACK,REJECTED,SOURCE,SOURCE,true,0
1,906,Composed: Dual-Layer Source + Dependency Attack,ATTACK,REJECTED,SOURCE,SOURCE,true,0
1,907,Composed: Dual-Layer Source + Dependency Attack,ATTACK,REJECTED,SOURCE,SOURCE,true,0
1,908,Composed: Dual-Layer Source + Dependency Attack,ATTACK,REJECTED,SOURCE,SOURCE,true,0
1,909,Composed: Dual-Layer Source + Dependency Attack,ATTACK,REJECTED,SOURCE,SOURCE,true,0
1,910,Composed: Dual-Layer Source + Dependency Attack,ATTACK,REJECTED,SOURCE,SOURCE,true,0
1,911,Composed: Dual-Layer Source + Dependency Attack,ATTACK,REJECTED,SOURCE,SOURCE,true,0
1,912,Composed: Dual-Layer Source + Dependency Attack,ATTACK,REJECTED,SOURCE,SOURCE,true,0
1,913,Composed: Dual-Layer Source + Dependency Attack,ATTACK,REJECTED,SOURCE,SOURCE,true,0
1,914,Composed: Dual-Layer Source + Dependency Attack,ATTACK,REJECTED,SOURCE,SOURCE,true,0
1,915,Composed: Dual-Layer Source + Dependency Attack,ATTACK,REJECTED,SOURCE,SOURCE,true,0
1,916,Composed: Dual-Layer Source + Dependency Attack,ATTACK,REJECTED,SOURCE,SOURCE,true,0
1,917,Composed: Dual-Layer Source + Dependency Attack,ATTACK,REJECTED,SOURCE,SOURCE,true,0
1,918,Composed: Dual-Layer Source + Dependency Attack,ATTACK,REJECTED,SOURCE,SOURCE,true,0
1,919,Composed: Dual-Layer Source + Dependency Attack,ATTACK,REJECTED,SOURCE,SOURCE,true,0
1,920,Composed: Dual-Layer Source + Dependency Attack,ATTACK,REJECTED,SOURCE,SOURCE,true,0
1,921,Composed: Dual-Layer Source + Dependency Attack,ATTACK,REJECTED,SOURCE,SOURCE,true,0
1,922,Composed: Dual-Layer Source + Dependency Attack,ATTACK,REJECTED,SOURCE,SOURCE,true,0
1,923,Composed: Dual-Layer Source + Dependency Attack,ATTACK,REJECTED,SOURCE,SOURCE,true,0
1,924,Composed: Dual-Layer Source + Dependency Attack,ATTACK,REJECTED,SOURCE,SOURCE,true,0
1,925,Composed: Dual-Layer Source + Dependency Attack,ATTACK,REJECTED,SOURCE,SOURCE,true,0
1,926,Composed: Dual-Layer Source + Dependency Attack,ATTACK,REJECTED,SOURCE,SOURCE,true,0
1,927,Composed: Dual-Layer Source + Dependency Attack,ATTACK,REJECTED,SOURCE,SOURCE,true,0
1,928,Composed: Dual-Layer Source + Dependency Attack,ATTACK,REJECTED,SOURCE,SOURCE,true,0
1,929,Composed: Dual-Layer Source + Dependency Attack,ATTACK,REJECTED,SOURCE,SOURCE,true,0
1,930,Composed: Dual-Layer Source + Dependency Attack,ATTACK,REJECTED,SOURCE,SOURCE,true,0
1,931,Composed: Dual-Layer Source + Dependency Attack,ATTACK,REJECTED,SOURCE,SOURCE,true,0
1,932,Composed: Dual-Layer Source + Dependency Attack,ATTACK,REJECTED,SOURCE,SOURCE,true,0
1,933,Composed: Dual-Layer Source + Dependency Attack,ATTACK,REJECTED,SOURCE,SOURCE,true,0
1,934,Composed: Dual-Layer Source + Dependency Attack,ATTACK,REJECTED,SOURCE,SOURCE,true,0
1,935,Composed: Dual-Layer Source + Dependency Attack,ATTACK,REJECTED,SOURCE,SOURCE,true,0
1,936,Composed: Dual-Layer Source + Dependency Attack,ATTACK,REJECTED,SOURCE,SOURCE,true,0
1,937,Composed: Dual-Layer Source + Dependency Attack,ATTACK,REJECTED,SOURCE,SOURCE,true,0
1,938,Composed: Dual-Layer Source + Dependency Attack,ATTACK,REJECTED,SOURCE,SOURCE,true,0
1,939,Composed: Dual-Layer Source + Dependency Attack,ATTACK,REJECTED,SOURCE,SOURCE,true,0
1,940,Composed: Dual-Layer Source + Dependency Attack,ATTACK,REJECTED,SOURCE,SOURCE,true,0
1,941,Composed: Dual-Layer Source + Dependency Attack,ATTACK,REJECTED,SOURCE,SOURCE,true,0
1,942,Composed: Dual-Layer Source + Dependency Attack,ATTACK,REJECTED,SOURCE,SOURCE,true,0
1,943,Composed: Dual-Layer Source + Dependency Attack,ATTACK,REJECTED,SOURCE,SOURCE,true,0
1,944,Composed: Dual-Layer Source + Dependency Attack,ATTACK,REJECTED,SOURCE,SOURCE,true,0
1,945,Composed: Dual-Layer Source + Dependency Attack,ATTACK,REJECTED,SOURCE,SOURCE,true,0
1,946,Composed: Dual-Layer Source + Dependency Attack,ATTACK,REJECTED,SOURCE,SOURCE,true,0
1,947,Composed: Dual-Layer Source + Dependency Attack,ATTACK,REJECTED,SOURCE,SOURCE,true,0
1,948,Composed: Dual-Layer Source + Dependency Attack,ATTACK,REJECTED,SOURCE,SOURCE,true,0
1,949,Composed: Dual-Layer Source + Dependency Attack,ATTACK,REJECTED,SOURCE,SOURCE,true,0
1,950,Composed: Dual-Layer Source + Dependency Attack,ATTACK,REJECTED,SOURCE,SOURCE,true,0
1,951,Composed: Triple-Layer Process + Network + Binary,ATTACK,REJECTED,PROCESS,PROCESS,true,0
1,952,Composed: Triple-Layer Process + Network + Binary,ATTACK,REJECTED,PROCESS,PROCESS,true,0
1,953,Composed: Triple-Layer Process + Network + Binary,ATTACK,REJECTED,PROCESS,PROCESS,true,0
1,954,Composed: Triple-Layer Process + Network + Binary,ATTACK,REJECTED,PROCESS,PROCESS,true,0
1,955,Composed: Triple-Layer Process + Network + Binary,ATTACK,REJECTED,PROCESS,PROCESS,true,0
1,956,Composed: Triple-Layer Process + Network + Binary,ATTACK,REJECTED,PROCESS,PROCESS,true,0
1,957,Composed: Triple-Layer Process + Network + Binary,ATTACK,REJECTED,PROCESS,PROCESS,true,0
1,958,Composed: Triple-Layer Process + Network + Binary,ATTACK,REJECTED,PROCESS,PROCESS,true,0
1,959,Composed: Triple-Layer Process + Network + Binary,ATTACK,REJECTED,PROCESS,PROCESS,true,0
1,960,Composed: Triple-Layer Process + Network + Binary,ATTACK,REJECTED,PROCESS,PROCESS,true,0
1,961,Composed: Triple-Layer Process + Network + Binary,ATTACK,REJECTED,PROCESS,PROCESS,true,0
1,962,Composed: Triple-Layer Process + Network + Binary,ATTACK,REJECTED,PROCESS,PROCESS,true,0
1,963,Composed: Triple-Layer Process + Network + Binary,ATTACK,REJECTED,PROCESS,PROCESS,true,0
1,964,Composed: Triple-Layer Process + Network + Binary,ATTACK,REJECTED,PROCESS,PROCESS,true,0
1,965,Composed: Triple-Layer Process + Network + Binary,ATTACK,REJECTED,PROCESS,PROCESS,true,0
1,966,Composed: Triple-Layer Process + Network + Binary,ATTACK,REJECTED,PROCESS,PROCESS,true,0
1,967,Composed: Triple-Layer Process + Network + Binary,ATTACK,REJECTED,PROCESS,PROCESS,true,0
1,968,Composed: Triple-Layer Process + Network + Binary,ATTACK,REJECTED,PROCESS,PROCESS,true,0
1,969,Composed: Triple-Layer Process + Network + Binary,ATTACK,REJECTED,PROCESS,PROCESS,true,0
1,970,Composed: Triple-Layer Process + Network + Binary,ATTACK,REJECTED,PROCESS,PROCESS,true,0
1,971,Composed: Triple-Layer Process + Network + Binary,ATTACK,REJECTED,PROCESS,PROCESS,true,0
1,972,Composed: Triple-Layer Process + Network + Binary,ATTACK,REJECTED,PROCESS,PROCESS,true,0
1,973,Composed: Triple-Layer Process + Network + Binary,ATTACK,REJECTED,PROCESS,PROCESS,true,0
1,974,Composed: Triple-Layer Process + Network + Binary,ATTACK,REJECTED,PROCESS,PROCESS,true,0
1,975,Composed: Triple-Layer Process + Network + Binary,ATTACK,REJECTED,PROCESS,PROCESS,true,0
1,976,Composed: Triple-Layer Process + Network + Binary,ATTACK,REJECTED,PROCESS,PROCESS,true,0
1,977,Composed: Triple-Layer Process + Network + Binary,ATTACK,REJECTED,PROCESS,PROCESS,true,0
1,978,Composed: Triple-Layer Process + Network + Binary,ATTACK,REJECTED,PROCESS,PROCESS,true,0
1,979,Composed: Triple-Layer Process + Network + Binary,ATTACK,REJECTED,PROCESS,PROCESS,true,0
1,980,Composed: Triple-Layer Process + Network + Binary,ATTACK,REJECTED,PROCESS,PROCESS,true,0
1,981,Composed: Triple-Layer Process + Network + Binary,ATTACK,REJECTED,PROCESS,PROCESS,true,0
1,982,Composed: Triple-Layer Process + Network + Binary,ATTACK,REJECTED,PROCESS,PROCESS,true,0
1,983,Composed: Triple-Layer Process + Network + Binary,ATTACK,REJECTED,PROCESS,PROCESS,true,0
1,984,Composed: Triple-Layer Process + Network + Binary,ATTACK,REJECTED,PROCESS,PROCESS,true,0
1,985,Composed: Triple-Layer Process + Network + Binary,ATTACK,REJECTED,PROCESS,PROCESS,true,0
1,986,Composed: Triple-Layer Process + Network + Binary,ATTACK,REJECTED,PROCESS,PROCESS,true,0
1,987,Composed: Triple-Layer Process + Network + Binary,ATTACK,REJECTED,PROCESS,PROCESS,true,0
1,988,Composed: Triple-Layer Process + Network + Binary,ATTACK,REJECTED,PROCESS,PROCESS,true,0
1,989,Composed: Triple-Layer Process + Network + Binary,ATTACK,REJECTED,PROCESS,PROCESS,true,0
1,990,Composed: Triple-Layer Process + Network + Binary,ATTACK,REJECTED,PROCESS,PROCESS,true,0
1,991,Composed: Triple-Layer Process + Network + Binary,ATTACK,REJECTED,PROCESS,PROCESS,true,0
1,992,Composed: Triple-Layer Process + Network + Binary,ATTACK,REJECTED,PROCESS,PROCESS,true,0
1,993,Composed: Triple-Layer Process + Network + Binary,ATTACK,REJECTED,PROCESS,PROCESS,true,0
1,994,Composed: Triple-Layer Process + Network + Binary,ATTACK,REJECTED,PROCESS,PROCESS,true,0
1,995,Composed: Triple-Layer Process + Network + Binary,ATTACK,REJECTED,PROCESS,PROCESS,true,0
1,996,Composed: Triple-Layer Process + Network + Binary,ATTACK,REJECTED,PROCESS,PROCESS,true,0
1,997,Composed: Triple-Layer Process + Network + Binary,ATTACK,REJECTED,PROCESS,PROCESS,true,0
1,998,Composed: Triple-Layer Process + Network + Binary,ATTACK,REJECTED,PROCESS,PROCESS,true,0
1,999,Composed: Triple-Layer Process + Network + Binary,ATTACK,REJECTED,PROCESS,PROCESS,true,0
1,1000,Composed: Triple-Layer Process + Network + Binary,ATTACK,REJECTED,PROCESS,PROCESS,true,0
1,1001,Benign: Compiler Patch Version Bump (go1.23.5->6),BENIGN,TRUSTED,,,true,0
1,1002,Benign: Compiler Patch Version Bump (go1.23.5->6),BENIGN,TRUSTED,,,true,0
1,1003,Benign: Compiler Patch Version Bump (go1.23.5->6),BENIGN,TRUSTED,,,true,0
1,1004,Benign: Compiler Patch Version Bump (go1.23.5->6),BENIGN,TRUSTED,,,true,0
1,1005,Benign: Compiler Patch Version Bump (go1.23.5->6),BENIGN,TRUSTED,,,true,0
1,1006,Benign: Compiler Patch Version Bump (go1.23.5->6),BENIGN,TRUSTED,,,true,0
1,1007,Benign: Compiler Patch Version Bump (go1.23.5->6),BENIGN,TRUSTED,,,true,0
1,1008,Benign: Compiler Patch Version Bump (go1.23.5->6),BENIGN,TRUSTED,,,true,0
1,1009,Benign: Compiler Patch Version Bump (go1.23.5->6),BENIGN,TRUSTED,,,true,0
1,1010,Benign: Compiler Patch Version Bump (go1.23.5->6),BENIGN,TRUSTED,,,true,0
1,1011,Benign: Compiler Patch Version Bump (go1.23.5->6),BENIGN,TRUSTED,,,true,0
1,1012,Benign: Compiler Patch Version Bump (go1.23.5->6),BENIGN,TRUSTED,,,true,0
1,1013,Benign: Compiler Patch Version Bump (go1.23.5->6),BENIGN,TRUSTED,,,true,0
1,1014,Benign: Compiler Patch Version Bump (go1.23.5->6),BENIGN,TRUSTED,,,true,0
1,1015,Benign: Compiler Patch Version Bump (go1.23.5->6),BENIGN,TRUSTED,,,true,0
1,1016,Benign: Compiler Patch Version Bump (go1.23.5->6),BENIGN,TRUSTED,,,true,0
1,1017,Benign: Compiler Patch Version Bump (go1.23.5->6),BENIGN,TRUSTED,,,true,0
1,1018,Benign: Compiler Patch Version Bump (go1.23.5->6),BENIGN,TRUSTED,,,true,0
1,1019,Benign: Compiler Patch Version Bump (go1.23.5->6),BENIGN,TRUSTED,,,true,0
1,1020,Benign: Compiler Patch Version Bump (go1.23.5->6),BENIGN,TRUSTED,,,true,0
1,1021,Benign: Compiler Patch Version Bump (go1.23.5->6),BENIGN,TRUSTED,,,true,0
1,1022,Benign: Compiler Patch Version Bump (go1.23.5->6),BENIGN,TRUSTED,,,true,0
1,1023,Benign: Compiler Patch Version Bump (go1.23.5->6),BENIGN,TRUSTED,,,true,0
1,1024,Benign: Compiler Patch Version Bump (go1.23.5->6),BENIGN,TRUSTED,,,true,0
1,1025,Benign: Compiler Patch Version Bump (go1.23.5->6),BENIGN,TRUSTED,,,true,0
1,1026,Benign: Compiler Patch Version Bump (go1.23.5->6),BENIGN,TRUSTED,,,true,0
1,1027,Benign: Compiler Patch Version Bump (go1.23.5->6),BENIGN,TRUSTED,,,true,0
1,1028,Benign: Compiler Patch Version Bump (go1.23.5->6),BENIGN,TRUSTED,,,true,0
1,1029,Benign: Compiler Patch Version Bump (go1.23.5->6),BENIGN,TRUSTED,,,true,0
1,1030,Benign: Compiler Patch Version Bump (go1.23.5->6),BENIGN,TRUSTED,,,true,0
1,1031,Benign: Compiler Patch Version Bump (go1.23.5->6),BENIGN,TRUSTED,,,true,0
1,1032,Benign: Compiler Patch Version Bump (go1.23.5->6),BENIGN,TRUSTED,,,true,0
1,1033,Benign: Compiler Patch Version Bump (go1.23.5->6),BENIGN,TRUSTED,,,true,0
1,1034,Benign: Compiler Patch Version Bump (go1.23.5->6),BENIGN,TRUSTED,,,true,0
1,1035,Benign: Compiler Patch Version Bump (go1.23.5->6),BENIGN,TRUSTED,,,true,0
1,1036,Benign: Compiler Patch Version Bump (go1.23.5->6),BENIGN,TRUSTED,,,true,0
1,1037,Benign: Compiler Patch Version Bump (go1.23.5->6),BENIGN,TRUSTED,,,true,0
1,1038,Benign: Compiler Patch Version Bump (go1.23.5->6),BENIGN,TRUSTED,,,true,0
1,1039,Benign: Compiler Patch Version Bump (go1.23.5->6),BENIGN,TRUSTED,,,true,0
1,1040,Benign: Compiler Patch Version Bump (go1.23.5->6),BENIGN,TRUSTED,,,true,0
1,1041,Benign: Compiler Patch Version Bump (go1.23.5->6),BENIGN,TRUSTED,,,true,0
1,1042,Benign: Compiler Patch Version Bump (go1.23.5->6),BENIGN,TRUSTED,,,true,0
1,1043,Benign: Compiler Patch Version Bump (go1.23.5->6),BENIGN,TRUSTED,,,true,0
1,1044,Benign: Compiler Patch Version Bump (go1.23.5->6),BENIGN,TRUSTED,,,true,0
1,1045,Benign: Compiler Patch Version Bump (go1.23.5->6),BENIGN,TRUSTED,,,true,0
1,1046,Benign: Compiler Patch Version Bump (go1.23.5->6),BENIGN,TRUSTED,,,true,0
1,1047,Benign: Compiler Patch Version Bump (go1.23.5->6),BENIGN,TRUSTED,,,true,0
1,1048,Benign: Compiler Patch Version Bump (go1.23.5->6),BENIGN,TRUSTED,,,true,0
1,1049,Benign: Compiler Patch Version Bump (go1.23.5->6),BENIGN,TRUSTED,,,true,0
1,1050,Benign: Compiler Patch Version Bump (go1.23.5->6),BENIGN,TRUSTED,,,true,0
1,1051,Benign: Build Workspace Path Relocation,BENIGN,TRUSTED,,,true,0
1,1052,Benign: Build Workspace Path Relocation,BENIGN,TRUSTED,,,true,0
1,1053,Benign: Build Workspace Path Relocation,BENIGN,TRUSTED,,,true,0
1,1054,Benign: Build Workspace Path Relocation,BENIGN,TRUSTED,,,true,0
1,1055,Benign: Build Workspace Path Relocation,BENIGN,TRUSTED,,,true,0
1,1056,Benign: Build Workspace Path Relocation,BENIGN,TRUSTED,,,true,0
1,1057,Benign: Build Workspace Path Relocation,BENIGN,TRUSTED,,,true,0
1,1058,Benign: Build Workspace Path Relocation,BENIGN,TRUSTED,,,true,0
1,1059,Benign: Build Workspace Path Relocation,BENIGN,TRUSTED,,,true,0
1,1060,Benign: Build Workspace Path Relocation,BENIGN,TRUSTED,,,true,0
1,1061,Benign: Build Workspace Path Relocation,BENIGN,TRUSTED,,,true,0
1,1062,Benign: Build Workspace Path Relocation,BENIGN,TRUSTED,,,true,1876
1,1063,Benign: Build Workspace Path Relocation,BENIGN,TRUSTED,,,true,0
1,1064,Benign: Build Workspace Path Relocation,BENIGN,TRUSTED,,,true,0
1,1065,Benign: Build Workspace Path Relocation,BENIGN,TRUSTED,,,true,0
1,1066,Benign: Build Workspace Path Relocation,BENIGN,TRUSTED,,,true,0
1,1067,Benign: Build Workspace Path Relocation,BENIGN,TRUSTED,,,true,0
1,1068,Benign: Build Workspace Path Relocation,BENIGN,TRUSTED,,,true,0
1,1069,Benign: Build Workspace Path Relocation,BENIGN,TRUSTED,,,true,0
1,1070,Benign: Build Workspace Path Relocation,BENIGN,TRUSTED,,,true,0
1,1071,Benign: Build Workspace Path Relocation,BENIGN,TRUSTED,,,true,0
1,1072,Benign: Build Workspace Path Relocation,BENIGN,TRUSTED,,,true,0
1,1073,Benign: Build Workspace Path Relocation,BENIGN,TRUSTED,,,true,0
1,1074,Benign: Build Workspace Path Relocation,BENIGN,TRUSTED,,,true,0
1,1075,Benign: Build Workspace Path Relocation,BENIGN,TRUSTED,,,true,0
1,1076,Benign: Build Workspace Path Relocation,BENIGN,TRUSTED,,,true,0
1,1077,Benign: Build Workspace Path Relocation,BENIGN,TRUSTED,,,true,0
1,1078,Benign: Build Workspace Path Relocation,BENIGN,TRUSTED,,,true,0
1,1079,Benign: Build Workspace Path Relocation,BENIGN,TRUSTED,,,true,0
1,1080,Benign: Build Workspace Path Relocation,BENIGN,TRUSTED,,,true,0
1,1081,Benign: Build Workspace Path Relocation,BENIGN,TRUSTED,,,true,0
1,1082,Benign: Build Workspace Path Relocation,BENIGN,TRUSTED,,,true,0
1,1083,Benign: Build Workspace Path Relocation,BENIGN,TRUSTED,,,true,0
1,1084,Benign: Build Workspace Path Relocation,BENIGN,TRUSTED,,,true,0
1,1085,Benign: Build Workspace Path Relocation,BENIGN,TRUSTED,,,true,0
1,1086,Benign: Build Workspace Path Relocation,BENIGN,TRUSTED,,,true,0
1,1087,Benign: Build Workspace Path Relocation,BENIGN,TRUSTED,,,true,0
1,1088,Benign: Build Workspace Path Relocation,BENIGN,TRUSTED,,,true,0
1,1089,Benign: Build Workspace Path Relocation,BENIGN,TRUSTED,,,true,0
1,1090,Benign: Build Workspace Path Relocation,BENIGN,TRUSTED,,,true,0
1,1091,Benign: Build Workspace Path Relocation,BENIGN,TRUSTED,,,true,0
1,1092,Benign: Build Workspace Path Relocation,BENIGN,TRUSTED,,,true,0
1,1093,Benign: Build Workspace Path Relocation,BENIGN,TRUSTED,,,true,0
1,1094,Benign: Build Workspace Path Relocation,BENIGN,TRUSTED,,,true,0
1,1095,Benign: Build Workspace Path Relocation,BENIGN,TRUSTED,,,true,0
1,1096,Benign: Build Workspace Path Relocation,BENIGN,TRUSTED,,,true,0
1,1097,Benign: Build Workspace Path Relocation,BENIGN,TRUSTED,,,true,0
1,1098,Benign: Build Workspace Path Relocation,BENIGN,TRUSTED,,,true,0
1,1099,Benign: Build Workspace Path Relocation,BENIGN,TRUSTED,,,true,0
1,1100,Benign: Build Workspace Path Relocation,BENIGN,TRUSTED,,,true,0
1,1101,Benign: Synchronized Lockfile Version Bump,BENIGN,TRUSTED,,,true,0
1,1102,Benign: Synchronized Lockfile Version Bump,BENIGN,TRUSTED,,,true,0
1,1103,Benign: Synchronized Lockfile Version Bump,BENIGN,TRUSTED,,,true,0
1,1104,Benign: Synchronized Lockfile Version Bump,BENIGN,TRUSTED,,,true,0
1,1105,Benign: Synchronized Lockfile Version Bump,BENIGN,TRUSTED,,,true,0
1,1106,Benign: Synchronized Lockfile Version Bump,BENIGN,TRUSTED,,,true,0
1,1107,Benign: Synchronized Lockfile Version Bump,BENIGN,TRUSTED,,,true,0
1,1108,Benign: Synchronized Lockfile Version Bump,BENIGN,TRUSTED,,,true,0
1,1109,Benign: Synchronized Lockfile Version Bump,BENIGN,TRUSTED,,,true,0
1,1110,Benign: Synchronized Lockfile Version Bump,BENIGN,TRUSTED,,,true,0
1,1111,Benign: Synchronized Lockfile Version Bump,BENIGN,TRUSTED,,,true,0
1,1112,Benign: Synchronized Lockfile Version Bump,BENIGN,TRUSTED,,,true,0
1,1113,Benign: Synchronized Lockfile Version Bump,BENIGN,TRUSTED,,,true,0
1,1114,Benign: Synchronized Lockfile Version Bump,BENIGN,TRUSTED,,,true,0
1,1115,Benign: Synchronized Lockfile Version Bump,BENIGN,TRUSTED,,,true,0
1,1116,Benign: Synchronized Lockfile Version Bump,BENIGN,TRUSTED,,,true,0
1,1117,Benign: Synchronized Lockfile Version Bump,BENIGN,TRUSTED,,,true,0
1,1118,Benign: Synchronized Lockfile Version Bump,BENIGN,TRUSTED,,,true,0
1,1119,Benign: Synchronized Lockfile Version Bump,BENIGN,TRUSTED,,,true,0
1,1120,Benign: Synchronized Lockfile Version Bump,BENIGN,TRUSTED,,,true,0
1,1121,Benign: Synchronized Lockfile Version Bump,BENIGN,TRUSTED,,,true,0
1,1122,Benign: Synchronized Lockfile Version Bump,BENIGN,TRUSTED,,,true,0
1,1123,Benign: Synchronized Lockfile Version Bump,BENIGN,TRUSTED,,,true,0
1,1124,Benign: Synchronized Lockfile Version Bump,BENIGN,TRUSTED,,,true,0
1,1125,Benign: Synchronized Lockfile Version Bump,BENIGN,TRUSTED,,,true,0
1,1126,Benign: Synchronized Lockfile Version Bump,BENIGN,TRUSTED,,,true,0
1,1127,Benign: Synchronized Lockfile Version Bump,BENIGN,TRUSTED,,,true,0
1,1128,Benign: Synchronized Lockfile Version Bump,BENIGN,TRUSTED,,,true,0
1,1129,Benign: Synchronized Lockfile Version Bump,BENIGN,TRUSTED,,,true,0
1,1130,Benign: Synchronized Lockfile Version Bump,BENIGN,TRUSTED,,,true,0
1,1131,Benign: Synchronized Lockfile Version Bump,BENIGN,TRUSTED,,,true,0
1,1132,Benign: Synchronized Lockfile Version Bump,BENIGN,TRUSTED,,,true,1004
1,1133,Benign: Synchronized Lockfile Version Bump,BENIGN,TRUSTED,,,true,0
1,1134,Benign: Synchronized Lockfile Version Bump,BENIGN,TRUSTED,,,true,0
1,1135,Benign: Synchronized Lockfile Version Bump,BENIGN,TRUSTED,,,true,0
1,1136,Benign: Synchronized Lockfile Version Bump,BENIGN,TRUSTED,,,true,0
1,1137,Benign: Synchronized Lockfile Version Bump,BENIGN,TRUSTED,,,true,0
1,1138,Benign: Synchronized Lockfile Version Bump,BENIGN,TRUSTED,,,true,0
1,1139,Benign: Synchronized Lockfile Version Bump,BENIGN,TRUSTED,,,true,0
1,1140,Benign: Synchronized Lockfile Version Bump,BENIGN,TRUSTED,,,true,0
1,1141,Benign: Synchronized Lockfile Version Bump,BENIGN,TRUSTED,,,true,0
1,1142,Benign: Synchronized Lockfile Version Bump,BENIGN,TRUSTED,,,true,0
1,1143,Benign: Synchronized Lockfile Version Bump,BENIGN,TRUSTED,,,true,0
1,1144,Benign: Synchronized Lockfile Version Bump,BENIGN,TRUSTED,,,true,0
1,1145,Benign: Synchronized Lockfile Version Bump,BENIGN,TRUSTED,,,true,0
1,1146,Benign: Synchronized Lockfile Version Bump,BENIGN,TRUSTED,,,true,0
1,1147,Benign: Synchronized Lockfile Version Bump,BENIGN,TRUSTED,,,true,0
1,1148,Benign: Synchronized Lockfile Version Bump,BENIGN,TRUSTED,,,true,0
1,1149,Benign: Synchronized Lockfile Version Bump,BENIGN,TRUSTED,,,true,0
1,1150,Benign: Synchronized Lockfile Version Bump,BENIGN,TRUSTED,,,true,0
1,1151,Benign: Reordered JSON/SBOM Attribute Keys,BENIGN,TRUSTED,,,true,0
1,1152,Benign: Reordered JSON/SBOM Attribute Keys,BENIGN,TRUSTED,,,true,0
1,1153,Benign: Reordered JSON/SBOM Attribute Keys,BENIGN,TRUSTED,,,true,0
1,1154,Benign: Reordered JSON/SBOM Attribute Keys,BENIGN,TRUSTED,,,true,0
1,1155,Benign: Reordered JSON/SBOM Attribute Keys,BENIGN,TRUSTED,,,true,0
1,1156,Benign: Reordered JSON/SBOM Attribute Keys,BENIGN,TRUSTED,,,true,0
1,1157,Benign: Reordered JSON/SBOM Attribute Keys,BENIGN,TRUSTED,,,true,0
1,1158,Benign: Reordered JSON/SBOM Attribute Keys,BENIGN,TRUSTED,,,true,0
1,1159,Benign: Reordered JSON/SBOM Attribute Keys,BENIGN,TRUSTED,,,true,0
1,1160,Benign: Reordered JSON/SBOM Attribute Keys,BENIGN,TRUSTED,,,true,0
1,1161,Benign: Reordered JSON/SBOM Attribute Keys,BENIGN,TRUSTED,,,true,0
1,1162,Benign: Reordered JSON/SBOM Attribute Keys,BENIGN,TRUSTED,,,true,0
1,1163,Benign: Reordered JSON/SBOM Attribute Keys,BENIGN,TRUSTED,,,true,0
1,1164,Benign: Reordered JSON/SBOM Attribute Keys,BENIGN,TRUSTED,,,true,0
1,1165,Benign: Reordered JSON/SBOM Attribute Keys,BENIGN,TRUSTED,,,true,0
1,1166,Benign: Reordered JSON/SBOM Attribute Keys,BENIGN,TRUSTED,,,true,0
1,1167,Benign: Reordered JSON/SBOM Attribute Keys,BENIGN,TRUSTED,,,true,0
1,1168,Benign: Reordered JSON/SBOM Attribute Keys,BENIGN,TRUSTED,,,true,0
1,1169,Benign: Reordered JSON/SBOM Attribute Keys,BENIGN,TRUSTED,,,true,0
1,1170,Benign: Reordered JSON/SBOM Attribute Keys,BENIGN,TRUSTED,,,true,0
1,1171,Benign: Reordered JSON/SBOM Attribute Keys,BENIGN,TRUSTED,,,true,0
1,1172,Benign: Reordered JSON/SBOM Attribute Keys,BENIGN,TRUSTED,,,true,0
1,1173,Benign: Reordered JSON/SBOM Attribute Keys,BENIGN,TRUSTED,,,true,0
1,1174,Benign: Reordered JSON/SBOM Attribute Keys,BENIGN,TRUSTED,,,true,0
1,1175,Benign: Reordered JSON/SBOM Attribute Keys,BENIGN,TRUSTED,,,true,0
1,1176,Benign: Reordered JSON/SBOM Attribute Keys,BENIGN,TRUSTED,,,true,0
1,1177,Benign: Reordered JSON/SBOM Attribute Keys,BENIGN,TRUSTED,,,true,0
1,1178,Benign: Reordered JSON/SBOM Attribute Keys,BENIGN,TRUSTED,,,true,0
1,1179,Benign: Reordered JSON/SBOM Attribute Keys,BENIGN,TRUSTED,,,true,0
1,1180,Benign: Reordered JSON/SBOM Attribute Keys,BENIGN,TRUSTED,,,true,0
1,1181,Benign: Reordered JSON/SBOM Attribute Keys,BENIGN,TRUSTED,,,true,0
1,1182,Benign: Reordered JSON/SBOM Attribute Keys,BENIGN,TRUSTED,,,true,0
1,1183,Benign: Reordered JSON/SBOM Attribute Keys,BENIGN,TRUSTED,,,true,0
1,1184,Benign: Reordered JSON/SBOM Attribute Keys,BENIGN,TRUSTED,,,true,0
1,1185,Benign: Reordered JSON/SBOM Attribute Keys,BENIGN,TRUSTED,,,true,0
1,1186,Benign: Reordered JSON/SBOM Attribute Keys,BENIGN,TRUSTED,,,true,0
1,1187,Benign: Reordered JSON/SBOM Attribute Keys,BENIGN,TRUSTED,,,true,0
1,1188,Benign: Reordered JSON/SBOM Attribute Keys,BENIGN,TRUSTED,,,true,0
1,1189,Benign: Reordered JSON/SBOM Attribute Keys,BENIGN,TRUSTED,,,true,0
1,1190,Benign: Reordered JSON/SBOM Attribute Keys,BENIGN,TRUSTED,,,true,0
1,1191,Benign: Reordered JSON/SBOM Attribute Keys,BENIGN,TRUSTED,,,true,0
1,1192,Benign: Reordered JSON/SBOM Attribute Keys,BENIGN,TRUSTED,,,true,0
1,1193,Benign: Reordered JSON/SBOM Attribute Keys,BENIGN,TRUSTED,,,true,0
1,1194,Benign: Reordered JSON/SBOM Attribute Keys,BENIGN,TRUSTED,,,true,0
1,1195,Benign: Reordered JSON/SBOM Attribute Keys,BENIGN,TRUSTED,,,true,0
1,1196,Benign: Reordered JSON/SBOM Attribute Keys,BENIGN,TRUSTED,,,true,0
1,1197,Benign: Reordered JSON/SBOM Attribute Keys,BENIGN,TRUSTED,,,true,0
1,1198,Benign: Reordered JSON/SBOM Attribute Keys,BENIGN,TRUSTED,,,true,0
1,1199,Benign: Reordered JSON/SBOM Attribute Keys,BENIGN,TRUSTED,,,true,0
1,1200,Benign: Reordered JSON/SBOM Attribute Keys,BENIGN,TRUSTED,,,true,0
1,1201,Benign: Incremental Build with Object Cache Hit,BENIGN,TRUSTED,,,true,0
1,1202,Benign: Incremental Build with Object Cache Hit,BENIGN,TRUSTED,,,true,0
1,1203,Benign: Incremental Build with Object Cache Hit,BENIGN,TRUSTED,,,true,0
1,1204,Benign: Incremental Build with Object Cache Hit,BENIGN,TRUSTED,,,true,0
1,1205,Benign: Incremental Build with Object Cache Hit,BENIGN,TRUSTED,,,true,0
1,1206,Benign: Incremental Build with Object Cache Hit,BENIGN,TRUSTED,,,true,0
1,1207,Benign: Incremental Build with Object Cache Hit,BENIGN,TRUSTED,,,true,0
1,1208,Benign: Incremental Build with Object Cache Hit,BENIGN,TRUSTED,,,true,0
1,1209,Benign: Incremental Build with Object Cache Hit,BENIGN,TRUSTED,,,true,0
1,1210,Benign: Incremental Build with Object Cache Hit,BENIGN,TRUSTED,,,true,0
1,1211,Benign: Incremental Build with Object Cache Hit,BENIGN,TRUSTED,,,true,0
1,1212,Benign: Incremental Build with Object Cache Hit,BENIGN,TRUSTED,,,true,0
1,1213,Benign: Incremental Build with Object Cache Hit,BENIGN,TRUSTED,,,true,0
1,1214,Benign: Incremental Build with Object Cache Hit,BENIGN,TRUSTED,,,true,0
1,1215,Benign: Incremental Build with Object Cache Hit,BENIGN,TRUSTED,,,true,0
1,1216,Benign: Incremental Build with Object Cache Hit,BENIGN,TRUSTED,,,true,0
1,1217,Benign: Incremental Build with Object Cache Hit,BENIGN,TRUSTED,,,true,0
1,1218,Benign: Incremental Build with Object Cache Hit,BENIGN,TRUSTED,,,true,0
1,1219,Benign: Incremental Build with Object Cache Hit,BENIGN,TRUSTED,,,true,0
1,1220,Benign: Incremental Build with Object Cache Hit,BENIGN,TRUSTED,,,true,0
1,1221,Benign: Incremental Build with Object Cache Hit,BENIGN,TRUSTED,,,true,0
1,1222,Benign: Incremental Build with Object Cache Hit,BENIGN,TRUSTED,,,true,0
1,1223,Benign: Incremental Build with Object Cache Hit,BENIGN,TRUSTED,,,true,0
1,1224,Benign: Incremental Build with Object Cache Hit,BENIGN,TRUSTED,,,true,0
1,1225,Benign: Incremental Build with Object Cache Hit,BENIGN,TRUSTED,,,true,0
1,1226,Benign: Incremental Build with Object Cache Hit,BENIGN,TRUSTED,,,true,0
1,1227,Benign: Incremental Build with Object Cache Hit,BENIGN,TRUSTED,,,true,0
1,1228,Benign: Incremental Build with Object Cache Hit,BENIGN,TRUSTED,,,true,0
1,1229,Benign: Incremental Build with Object Cache Hit,BENIGN,TRUSTED,,,true,0
1,1230,Benign: Incremental Build with Object Cache Hit,BENIGN,TRUSTED,,,true,0
1,1231,Benign: Incremental Build with Object Cache Hit,BENIGN,TRUSTED,,,true,0
1,1232,Benign: Incremental Build with Object Cache Hit,BENIGN,TRUSTED,,,true,0
1,1233,Benign: Incremental Build with Object Cache Hit,BENIGN,TRUSTED,,,true,0
1,1234,Benign: Incremental Build with Object Cache Hit,BENIGN,TRUSTED,,,true,0
1,1235,Benign: Incremental Build with Object Cache Hit,BENIGN,TRUSTED,,,true,0
1,1236,Benign: Incremental Build with Object Cache Hit,BENIGN,TRUSTED,,,true,0
1,1237,Benign: Incremental Build with Object Cache Hit,BENIGN,TRUSTED,,,true,0
1,1238,Benign: Incremental Build with Object Cache Hit,BENIGN,TRUSTED,,,true,0
1,1239,Benign: Incremental Build with Object Cache Hit,BENIGN,TRUSTED,,,true,0
1,1240,Benign: Incremental Build with Object Cache Hit,BENIGN,TRUSTED,,,true,1302
1,1241,Benign: Incremental Build with Object Cache Hit,BENIGN,TRUSTED,,,true,0
1,1242,Benign: Incremental Build with Object Cache Hit,BENIGN,TRUSTED,,,true,0
1,1243,Benign: Incremental Build with Object Cache Hit,BENIGN,TRUSTED,,,true,0
1,1244,Benign: Incremental Build with Object Cache Hit,BENIGN,TRUSTED,,,true,0
1,1245,Benign: Incremental Build with Object Cache Hit,BENIGN,TRUSTED,,,true,0
1,1246,Benign: Incremental Build with Object Cache Hit,BENIGN,TRUSTED,,,true,0
1,1247,Benign: Incremental Build with Object Cache Hit,BENIGN,TRUSTED,,,true,0
1,1248,Benign: Incremental Build with Object Cache Hit,BENIGN,TRUSTED,,,true,0
1,1249,Benign: Incremental Build with Object Cache Hit,BENIGN,TRUSTED,,,true,0
1,1250,Benign: Incremental Build with Object Cache Hit,BENIGN,TRUSTED,,,true,0
2,1251,Source: Stealth Uncommitted Code,ATTACK,REJECTED,SOURCE,SOURCE,true,0
2,1252,Source: Stealth Uncommitted Code,ATTACK,REJECTED,SOURCE,SOURCE,true,0
2,1253,Source: Stealth Uncommitted Code,ATTACK,REJECTED,SOURCE,SOURCE,true,0
2,1254,Source: Stealth Uncommitted Code,ATTACK,REJECTED,SOURCE,SOURCE,true,0
2,1255,Source: Stealth Uncommitted Code,ATTACK,REJECTED,SOURCE,SOURCE,true,0
2,1256,Source: Stealth Uncommitted Code,ATTACK,REJECTED,SOURCE,SOURCE,true,0
2,1257,Source: Stealth Uncommitted Code,ATTACK,REJECTED,SOURCE,SOURCE,true,0
2,1258,Source: Stealth Uncommitted Code,ATTACK,REJECTED,SOURCE,SOURCE,true,0
2,1259,Source: Stealth Uncommitted Code,ATTACK,REJECTED,SOURCE,SOURCE,true,0
2,1260,Source: Stealth Uncommitted Code,ATTACK,REJECTED,SOURCE,SOURCE,true,0
2,1261,Source: Stealth Uncommitted Code,ATTACK,REJECTED,SOURCE,SOURCE,true,0
2,1262,Source: Stealth Uncommitted Code,ATTACK,REJECTED,SOURCE,SOURCE,true,0
2,1263,Source: Stealth Uncommitted Code,ATTACK,REJECTED,SOURCE,SOURCE,true,0
2,1264,Source: Stealth Uncommitted Code,ATTACK,REJECTED,SOURCE,SOURCE,true,0
2,1265,Source: Stealth Uncommitted Code,ATTACK,REJECTED,SOURCE,SOURCE,true,0
2,1266,Source: Stealth Uncommitted Code,ATTACK,REJECTED,SOURCE,SOURCE,true,0
2,1267,Source: Stealth Uncommitted Code,ATTACK,REJECTED,SOURCE,SOURCE,true,0
2,1268,Source: Stealth Uncommitted Code,ATTACK,REJECTED,SOURCE,SOURCE,true,0
2,1269,Source: Stealth Uncommitted Code,ATTACK,REJECTED,SOURCE,SOURCE,true,0
2,1270,Source: Stealth Uncommitted Code,ATTACK,REJECTED,SOURCE,SOURCE,true,0
2,1271,Source: Stealth Uncommitted Code,ATTACK,REJECTED,SOURCE,SOURCE,true,0
2,1272,Source: Stealth Uncommitted Code,ATTACK,REJECTED,SOURCE,SOURCE,true,0
2,1273,Source: Stealth Uncommitted Code,ATTACK,REJECTED,SOURCE,SOURCE,true,0
2,1274,Source: Stealth Uncommitted Code,ATTACK,REJECTED,SOURCE,SOURCE,true,0
2,1275,Source: Stealth Uncommitted Code,ATTACK,REJECTED,SOURCE,SOURCE,true,0
2,1276,Source: Stealth Uncommitted Code,ATTACK,REJECTED,SOURCE,SOURCE,true,0
2,1277,Source: Stealth Uncommitted Code,ATTACK,REJECTED,SOURCE,SOURCE,true,0
2,1278,Source: Stealth Uncommitted Code,ATTACK,REJECTED,SOURCE,SOURCE,true,0
2,1279,Source: Stealth Uncommitted Code,ATTACK,REJECTED,SOURCE,SOURCE,true,0
2,1280,Source: Stealth Uncommitted Code,ATTACK,REJECTED,SOURCE,SOURCE,true,0
2,1281,Source: Stealth Uncommitted Code,ATTACK,REJECTED,SOURCE,SOURCE,true,0
2,1282,Source: Stealth Uncommitted Code,ATTACK,REJECTED,SOURCE,SOURCE,true,0
2,1283,Source: Stealth Uncommitted Code,ATTACK,REJECTED,SOURCE,SOURCE,true,0
2,1284,Source: Stealth Uncommitted Code,ATTACK,REJECTED,SOURCE,SOURCE,true,0
2,1285,Source: Stealth Uncommitted Code,ATTACK,REJECTED,SOURCE,SOURCE,true,0
2,1286,Source: Stealth Uncommitted Code,ATTACK,REJECTED,SOURCE,SOURCE,true,0
2,1287,Source: Stealth Uncommitted Code,ATTACK,REJECTED,SOURCE,SOURCE,true,0
2,1288,Source: Stealth Uncommitted Code,ATTACK,REJECTED,SOURCE,SOURCE,true,0
2,1289,Source: Stealth Uncommitted Code,ATTACK,REJECTED,SOURCE,SOURCE,true,0
2,1290,Source: Stealth Uncommitted Code,ATTACK,REJECTED,SOURCE,SOURCE,true,0
2,1291,Source: Stealth Uncommitted Code,ATTACK,REJECTED,SOURCE,SOURCE,true,0
2,1292,Source: Stealth Uncommitted Code,ATTACK,REJECTED,SOURCE,SOURCE,true,503
2,1293,Source: Stealth Uncommitted Code,ATTACK,REJECTED,SOURCE,SOURCE,true,0
2,1294,Source: Stealth Uncommitted Code,ATTACK,REJECTED,SOURCE,SOURCE,true,0
2,1295,Source: Stealth Uncommitted Code,ATTACK,REJECTED,SOURCE,SOURCE,true,0
2,1296,Source: Stealth Uncommitted Code,ATTACK,REJECTED,SOURCE,SOURCE,true,0
2,1297,Source: Stealth Uncommitted Code,ATTACK,REJECTED,SOURCE,SOURCE,true,0
2,1298,Source: Stealth Uncommitted Code,ATTACK,REJECTED,SOURCE,SOURCE,true,0
2,1299,Source: Stealth Uncommitted Code,ATTACK,REJECTED,SOURCE,SOURCE,true,0
2,1300,Source: Stealth Uncommitted Code,ATTACK,REJECTED,SOURCE,SOURCE,true,0
2,1301,Source: Commit Author/Email Spoofing,ATTACK,TRUSTED,,SOURCE,false,0
2,1302,Source: Commit Author/Email Spoofing,ATTACK,TRUSTED,,SOURCE,false,0
2,1303,Source: Commit Author/Email Spoofing,ATTACK,TRUSTED,,SOURCE,false,0
2,1304,Source: Commit Author/Email Spoofing,ATTACK,TRUSTED,,SOURCE,false,0
2,1305,Source: Commit Author/Email Spoofing,ATTACK,TRUSTED,,SOURCE,false,0
2,1306,Source: Commit Author/Email Spoofing,ATTACK,TRUSTED,,SOURCE,false,0
2,1307,Source: Commit Author/Email Spoofing,ATTACK,TRUSTED,,SOURCE,false,0
2,1308,Source: Commit Author/Email Spoofing,ATTACK,TRUSTED,,SOURCE,false,0
2,1309,Source: Commit Author/Email Spoofing,ATTACK,TRUSTED,,SOURCE,false,0
2,1310,Source: Commit Author/Email Spoofing,ATTACK,TRUSTED,,SOURCE,false,0
2,1311,Source: Commit Author/Email Spoofing,ATTACK,TRUSTED,,SOURCE,false,0
2,1312,Source: Commit Author/Email Spoofing,ATTACK,TRUSTED,,SOURCE,false,0
2,1313,Source: Commit Author/Email Spoofing,ATTACK,TRUSTED,,SOURCE,false,0
2,1314,Source: Commit Author/Email Spoofing,ATTACK,TRUSTED,,SOURCE,false,0
2,1315,Source: Commit Author/Email Spoofing,ATTACK,TRUSTED,,SOURCE,false,0
2,1316,Source: Commit Author/Email Spoofing,ATTACK,TRUSTED,,SOURCE,false,0
2,1317,Source: Commit Author/Email Spoofing,ATTACK,TRUSTED,,SOURCE,false,0
2,1318,Source: Commit Author/Email Spoofing,ATTACK,TRUSTED,,SOURCE,false,0
2,1319,Source: Commit Author/Email Spoofing,ATTACK,TRUSTED,,SOURCE,false,0
2,1320,Source: Commit Author/Email Spoofing,ATTACK,TRUSTED,,SOURCE,false,0
2,1321,Source: Commit Author/Email Spoofing,ATTACK,TRUSTED,,SOURCE,false,0
2,1322,Source: Commit Author/Email Spoofing,ATTACK,TRUSTED,,SOURCE,false,0
2,1323,Source: Commit Author/Email Spoofing,ATTACK,TRUSTED,,SOURCE,false,0
2,1324,Source: Commit Author/Email Spoofing,ATTACK,TRUSTED,,SOURCE,false,0
2,1325,Source: Commit Author/Email Spoofing,ATTACK,TRUSTED,,SOURCE,false,0
2,1326,Source: Commit Author/Email Spoofing,ATTACK,TRUSTED,,SOURCE,false,0
2,1327,Source: Commit Author/Email Spoofing,ATTACK,TRUSTED,,SOURCE,false,0
2,1328,Source: Commit Author/Email Spoofing,ATTACK,TRUSTED,,SOURCE,false,0
2,1329,Source: Commit Author/Email Spoofing,ATTACK,TRUSTED,,SOURCE,false,0
2,1330,Source: Commit Author/Email Spoofing,ATTACK,TRUSTED,,SOURCE,false,0
2,1331,Source: Commit Author/Email Spoofing,ATTACK,TRUSTED,,SOURCE,false,0
2,1332,Source: Commit Author/Email Spoofing,ATTACK,TRUSTED,,SOURCE,false,0
2,1333,Source: Commit Author/Email Spoofing,ATTACK,TRUSTED,,SOURCE,false,0
2,1334,Source: Commit Author/Email Spoofing,ATTACK,TRUSTED,,SOURCE,false,0
2,1335,Source: Commit Author/Email Spoofing,ATTACK,TRUSTED,,SOURCE,false,0
2,1336,Source: Commit Author/Email Spoofing,ATTACK,TRUSTED,,SOURCE,false,0
2,1337,Source: Commit Author/Email Spoofing,ATTACK,TRUSTED,,SOURCE,false,0
2,1338,Source: Commit Author/Email Spoofing,ATTACK,TRUSTED,,SOURCE,false,0
2,1339,Source: Commit Author/Email Spoofing,ATTACK,TRUSTED,,SOURCE,false,0
2,1340,Source: Commit Author/Email Spoofing,ATTACK,TRUSTED,,SOURCE,false,0
2,1341,Source: Commit Author/Email Spoofing,ATTACK,TRUSTED,,SOURCE,false,0
2,1342,Source: Commit Author/Email Spoofing,ATTACK,TRUSTED,,SOURCE,false,0
2,1343,Source: Commit Author/Email Spoofing,ATTACK,TRUSTED,,SOURCE,false,0
2,1344,Source: Commit Author/Email Spoofing,ATTACK,TRUSTED,,SOURCE,false,0
2,1345,Source: Commit Author/Email Spoofing,ATTACK,TRUSTED,,SOURCE,false,0
2,1346,Source: Commit Author/Email Spoofing,ATTACK,TRUSTED,,SOURCE,false,0
2,1347,Source: Commit Author/Email Spoofing,ATTACK,TRUSTED,,SOURCE,false,0
2,1348,Source: Commit Author/Email Spoofing,ATTACK,TRUSTED,,SOURCE,false,0
2,1349,Source: Commit Author/Email Spoofing,ATTACK,TRUSTED,,SOURCE,false,0
2,1350,Source: Commit Author/Email Spoofing,ATTACK,TRUSTED,,SOURCE,false,0
2,1351,Dependency: Compatible Semver Substitution,ATTACK,REJECTED,DEPENDENCIES,DEPENDENCIES,true,0
2,1352,Dependency: Compatible Semver Substitution,ATTACK,REJECTED,DEPENDENCIES,DEPENDENCIES,true,0
2,1353,Dependency: Compatible Semver Substitution,ATTACK,REJECTED,DEPENDENCIES,DEPENDENCIES,true,0
2,1354,Dependency: Compatible Semver Substitution,ATTACK,REJECTED,DEPENDENCIES,DEPENDENCIES,true,0
2,1355,Dependency: Compatible Semver Substitution,ATTACK,REJECTED,DEPENDENCIES,DEPENDENCIES,true,0
2,1356,Dependency: Compatible Semver Substitution,ATTACK,REJECTED,DEPENDENCIES,DEPENDENCIES,true,0
2,1357,Dependency: Compatible Semver Substitution,ATTACK,REJECTED,DEPENDENCIES,DEPENDENCIES,true,0
2,1358,Dependency: Compatible Semver Substitution,ATTACK,REJECTED,DEPENDENCIES,DEPENDENCIES,true,0
2,1359,Dependency: Compatible Semver Substitution,ATTACK,REJECTED,DEPENDENCIES,DEPENDENCIES,true,0
2,1360,Dependency: Compatible Semver Substitution,ATTACK,REJECTED,DEPENDENCIES,DEPENDENCIES,true,0
2,1361,Dependency: Compatible Semver Substitution,ATTACK,REJECTED,DEPENDENCIES,DEPENDENCIES,true,0
2,1362,Dependency: Compatible Semver Substitution,ATTACK,REJECTED,DEPENDENCIES,DEPENDENCIES,true,0
2,1363,Dependency: Compatible Semver Substitution,ATTACK,REJECTED,DEPENDENCIES,DEPENDENCIES,true,0
2,1364,Dependency: Compatible Semver Substitution,ATTACK,REJECTED,DEPENDENCIES,DEPENDENCIES,true,0
2,1365,Dependency: Compatible Semver Substitution,ATTACK,REJECTED,DEPENDENCIES,DEPENDENCIES,true,0
2,1366,Dependency: Compatible Semver Substitution,ATTACK,REJECTED,DEPENDENCIES,DEPENDENCIES,true,0
2,1367,Dependency: Compatible Semver Substitution,ATTACK,REJECTED,DEPENDENCIES,DEPENDENCIES,true,0
2,1368,Dependency: Compatible Semver Substitution,ATTACK,REJECTED,DEPENDENCIES,DEPENDENCIES,true,0
2,1369,Dependency: Compatible Semver Substitution,ATTACK,REJECTED,DEPENDENCIES,DEPENDENCIES,true,0
2,1370,Dependency: Compatible Semver Substitution,ATTACK,REJECTED,DEPENDENCIES,DEPENDENCIES,true,0
2,1371,Dependency: Compatible Semver Substitution,ATTACK,REJECTED,DEPENDENCIES,DEPENDENCIES,true,0
2,1372,Dependency: Compatible Semver Substitution,ATTACK,REJECTED,DEPENDENCIES,DEPENDENCIES,true,0
2,1373,Dependency: Compatible Semver Substitution,ATTACK,REJECTED,DEPENDENCIES,DEPENDENCIES,true,0
2,1374,Dependency: Compatible Semver Substitution,ATTACK,REJECTED,DEPENDENCIES,DEPENDENCIES,true,0
2,1375,Dependency: Compatible Semver Substitution,ATTACK,REJECTED,DEPENDENCIES,DEPENDENCIES,true,0
2,1376,Dependency: Compatible Semver Substitution,ATTACK,REJECTED,DEPENDENCIES,DEPENDENCIES,true,0
2,1377,Dependency: Compatible Semver Substitution,ATTACK,REJECTED,DEPENDENCIES,DEPENDENCIES,true,0
2,1378,Dependency: Compatible Semver Substitution,ATTACK,REJECTED,DEPENDENCIES,DEPENDENCIES,true,0
2,1379,Dependency: Compatible Semver Substitution,ATTACK,REJECTED,DEPENDENCIES,DEPENDENCIES,true,0
2,1380,Dependency: Compatible Semver Substitution,ATTACK,REJECTED,DEPENDENCIES,DEPENDENCIES,true,0
2,1381,Dependency: Compatible Semver Substitution,ATTACK,REJECTED,DEPENDENCIES,DEPENDENCIES,true,0
2,1382,Dependency: Compatible Semver Substitution,ATTACK,REJECTED,DEPENDENCIES,DEPENDENCIES,true,0
2,1383,Dependency: Compatible Semver Substitution,ATTACK,REJECTED,DEPENDENCIES,DEPENDENCIES,true,0
2,1384,Dependency: Compatible Semver Substitution,ATTACK,REJECTED,DEPENDENCIES,DEPENDENCIES,true,0
2,1385,Dependency: Compatible Semver Substitution,ATTACK,REJECTED,DEPENDENCIES,DEPENDENCIES,true,0
2,1386,Dependency: Compatible Semver Substitution,ATTACK,REJECTED,DEPENDENCIES,DEPENDENCIES,true,0
2,1387,Dependency: Compatible Semver Substitution,ATTACK,REJECTED,DEPENDENCIES,DEPENDENCIES,true,0
2,1388,Dependency: Compatible Semver Substitution,ATTACK,REJECTED,DEPENDENCIES,DEPENDENCIES,true,0
2,1389,Dependency: Compatible Semver Substitution,ATTACK,REJECTED,DEPENDENCIES,DEPENDENCIES,true,0
2,1390,Dependency: Compatible Semver Substitution,ATTACK,REJECTED,DEPENDENCIES,DEPENDENCIES,true,1004
2,1391,Dependency: Compatible Semver Substitution,ATTACK,REJECTED,DEPENDENCIES,DEPENDENCIES,true,0
2,1392,Dependency: Compatible Semver Substitution,ATTACK,REJECTED,DEPENDENCIES,DEPENDENCIES,true,0
2,1393,Dependency: Compatible Semver Substitution,ATTACK,REJECTED,DEPENDENCIES,DEPENDENCIES,true,0
2,1394,Dependency: Compatible Semver Substitution,ATTACK,REJECTED,DEPENDENCIES,DEPENDENCIES,true,0
2,1395,Dependency: Compatible Semver Substitution,ATTACK,REJECTED,DEPENDENCIES,DEPENDENCIES,true,0
2,1396,Dependency: Compatible Semver Substitution,ATTACK,REJECTED,DEPENDENCIES,DEPENDENCIES,true,0
2,1397,Dependency: Compatible Semver Substitution,ATTACK,REJECTED,DEPENDENCIES,DEPENDENCIES,true,0
2,1398,Dependency: Compatible Semver Substitution,ATTACK,REJECTED,DEPENDENCIES,DEPENDENCIES,true,0
2,1399,Dependency: Compatible Semver Substitution,ATTACK,REJECTED,DEPENDENCIES,DEPENDENCIES,true,0
2,1400,Dependency: Compatible Semver Substitution,ATTACK,REJECTED,DEPENDENCIES,DEPENDENCIES,true,0
2,1401,Dependency: Unapproved Mirror Registry,ATTACK,REJECTED,DEPENDENCIES,DEPENDENCIES,true,0
2,1402,Dependency: Unapproved Mirror Registry,ATTACK,REJECTED,DEPENDENCIES,DEPENDENCIES,true,0
2,1403,Dependency: Unapproved Mirror Registry,ATTACK,REJECTED,DEPENDENCIES,DEPENDENCIES,true,0
2,1404,Dependency: Unapproved Mirror Registry,ATTACK,REJECTED,DEPENDENCIES,DEPENDENCIES,true,0
2,1405,Dependency: Unapproved Mirror Registry,ATTACK,REJECTED,DEPENDENCIES,DEPENDENCIES,true,0
2,1406,Dependency: Unapproved Mirror Registry,ATTACK,REJECTED,DEPENDENCIES,DEPENDENCIES,true,0
2,1407,Dependency: Unapproved Mirror Registry,ATTACK,REJECTED,DEPENDENCIES,DEPENDENCIES,true,0
2,1408,Dependency: Unapproved Mirror Registry,ATTACK,REJECTED,DEPENDENCIES,DEPENDENCIES,true,0
2,1409,Dependency: Unapproved Mirror Registry,ATTACK,REJECTED,DEPENDENCIES,DEPENDENCIES,true,0
2,1410,Dependency: Unapproved Mirror Registry,ATTACK,REJECTED,DEPENDENCIES,DEPENDENCIES,true,0
2,1411,Dependency: Unapproved Mirror Registry,ATTACK,REJECTED,DEPENDENCIES,DEPENDENCIES,true,0
2,1412,Dependency: Unapproved Mirror Registry,ATTACK,REJECTED,DEPENDENCIES,DEPENDENCIES,true,0
2,1413,Dependency: Unapproved Mirror Registry,ATTACK,REJECTED,DEPENDENCIES,DEPENDENCIES,true,0
2,1414,Dependency: Unapproved Mirror Registry,ATTACK,REJECTED,DEPENDENCIES,DEPENDENCIES,true,0
2,1415,Dependency: Unapproved Mirror Registry,ATTACK,REJECTED,DEPENDENCIES,DEPENDENCIES,true,0
2,1416,Dependency: Unapproved Mirror Registry,ATTACK,REJECTED,DEPENDENCIES,DEPENDENCIES,true,0
2,1417,Dependency: Unapproved Mirror Registry,ATTACK,REJECTED,DEPENDENCIES,DEPENDENCIES,true,0
2,1418,Dependency: Unapproved Mirror Registry,ATTACK,REJECTED,DEPENDENCIES,DEPENDENCIES,true,0
2,1419,Dependency: Unapproved Mirror Registry,ATTACK,REJECTED,DEPENDENCIES,DEPENDENCIES,true,0
2,1420,Dependency: Unapproved Mirror Registry,ATTACK,REJECTED,DEPENDENCIES,DEPENDENCIES,true,0
2,1421,Dependency: Unapproved Mirror Registry,ATTACK,REJECTED,DEPENDENCIES,DEPENDENCIES,true,0
2,1422,Dependency: Unapproved Mirror Registry,ATTACK,REJECTED,DEPENDENCIES,DEPENDENCIES,true,0
2,1423,Dependency: Unapproved Mirror Registry,ATTACK,REJECTED,DEPENDENCIES,DEPENDENCIES,true,0
2,1424,Dependency: Unapproved Mirror Registry,ATTACK,REJECTED,DEPENDENCIES,DEPENDENCIES,true,0
2,1425,Dependency: Unapproved Mirror Registry,ATTACK,REJECTED,DEPENDENCIES,DEPENDENCIES,true,0
2,1426,Dependency: Unapproved Mirror Registry,ATTACK,REJECTED,DEPENDENCIES,DEPENDENCIES,true,0
2,1427,Dependency: Unapproved Mirror Registry,ATTACK,REJECTED,DEPENDENCIES,DEPENDENCIES,true,0
2,1428,Dependency: Unapproved Mirror Registry,ATTACK,REJECTED,DEPENDENCIES,DEPENDENCIES,true,0
2,1429,Dependency: Unapproved Mirror Registry,ATTACK,REJECTED,DEPENDENCIES,DEPENDENCIES,true,0
2,1430,Dependency: Unapproved Mirror Registry,ATTACK,REJECTED,DEPENDENCIES,DEPENDENCIES,true,0
2,1431,Dependency: Unapproved Mirror Registry,ATTACK,REJECTED,DEPENDENCIES,DEPENDENCIES,true,0
2,1432,Dependency: Unapproved Mirror Registry,ATTACK,REJECTED,DEPENDENCIES,DEPENDENCIES,true,0
2,1433,Dependency: Unapproved Mirror Registry,ATTACK,REJECTED,DEPENDENCIES,DEPENDENCIES,true,0
2,1434,Dependency: Unapproved Mirror Registry,ATTACK,REJECTED,DEPENDENCIES,DEPENDENCIES,true,0
2,1435,Dependency: Unapproved Mirror Registry,ATTACK,REJECTED,DEPENDENCIES,DEPENDENCIES,true,0
2,1436,Dependency: Unapproved Mirror Registry,ATTACK,REJECTED,DEPENDENCIES,DEPENDENCIES,true,0
2,1437,Dependency: Unapproved Mirror Registry,ATTACK,REJECTED,DEPENDENCIES,DEPENDENCIES,true,0
2,1438,Dependency: Unapproved Mirror Registry,ATTACK,REJECTED,DEPENDENCIES,DEPENDENCIES,true,0
2,1439,Dependency: Unapproved Mirror Registry,ATTACK,REJECTED,DEPENDENCIES,DEPENDENCIES,true,0
2,1440,Dependency: Unapproved Mirror Registry,ATTACK,REJECTED,DEPENDENCIES,DEPENDENCIES,true,0
2,1441,Dependency: Unapproved Mirror Registry,ATTACK,REJECTED,DEPENDENCIES,DEPENDENCIES,true,0
2,1442,Dependency: Unapproved Mirror Registry,ATTACK,REJECTED,DEPENDENCIES,DEPENDENCIES,true,0
2,1443,Dependency: Unapproved Mirror Registry,ATTACK,REJECTED,DEPENDENCIES,DEPENDENCIES,true,0
2,1444,Dependency: Unapproved Mirror Registry,ATTACK,REJECTED,DEPENDENCIES,DEPENDENCIES,true,0
2,1445,Dependency: Unapproved Mirror Registry,ATTACK,REJECTED,DEPENDENCIES,DEPENDENCIES,true,0
2,1446,Dependency: Unapproved Mirror Registry,ATTACK,REJECTED,DEPENDENCIES,DEPENDENCIES,true,1000
2,1447,Dependency: Unapproved Mirror Registry,ATTACK,REJECTED,DEPENDENCIES,DEPENDENCIES,true,0
2,1448,Dependency: Unapproved Mirror Registry,ATTACK,REJECTED,DEPENDENCIES,DEPENDENCIES,true,0
2,1449,Dependency: Unapproved Mirror Registry,ATTACK,REJECTED,DEPENDENCIES,DEPENDENCIES,true,0
2,1450,Dependency: Unapproved Mirror Registry,ATTACK,REJECTED,DEPENDENCIES,DEPENDENCIES,true,0
2,1451,Lockfile: Missing/Stripped Hash Integrity,ATTACK,REJECTED,DEPENDENCIES,LOCKFILE,true,0
2,1452,Lockfile: Missing/Stripped Hash Integrity,ATTACK,REJECTED,DEPENDENCIES,LOCKFILE,true,0
2,1453,Lockfile: Missing/Stripped Hash Integrity,ATTACK,REJECTED,DEPENDENCIES,LOCKFILE,true,0
2,1454,Lockfile: Missing/Stripped Hash Integrity,ATTACK,REJECTED,DEPENDENCIES,LOCKFILE,true,0
2,1455,Lockfile: Missing/Stripped Hash Integrity,ATTACK,REJECTED,DEPENDENCIES,LOCKFILE,true,0
2,1456,Lockfile: Missing/Stripped Hash Integrity,ATTACK,REJECTED,DEPENDENCIES,LOCKFILE,true,0
2,1457,Lockfile: Missing/Stripped Hash Integrity,ATTACK,REJECTED,DEPENDENCIES,LOCKFILE,true,0
2,1458,Lockfile: Missing/Stripped Hash Integrity,ATTACK,REJECTED,DEPENDENCIES,LOCKFILE,true,0
2,1459,Lockfile: Missing/Stripped Hash Integrity,ATTACK,REJECTED,DEPENDENCIES,LOCKFILE,true,0
2,1460,Lockfile: Missing/Stripped Hash Integrity,ATTACK,REJECTED,DEPENDENCIES,LOCKFILE,true,0
2,1461,Lockfile: Missing/Stripped Hash Integrity,ATTACK,REJECTED,DEPENDENCIES,LOCKFILE,true,0
2,1462,Lockfile: Missing/Stripped Hash Integrity,ATTACK,REJECTED,DEPENDENCIES,LOCKFILE,true,0
2,1463,Lockfile: Missing/Stripped Hash Integrity,ATTACK,REJECTED,DEPENDENCIES,LOCKFILE,true,0
2,1464,Lockfile: Missing/Stripped Hash Integrity,ATTACK,REJECTED,DEPENDENCIES,LOCKFILE,true,0
2,1465,Lockfile: Missing/Stripped Hash Integrity,ATTACK,REJECTED,DEPENDENCIES,LOCKFILE,true,0
2,1466,Lockfile: Missing/Stripped Hash Integrity,ATTACK,REJECTED,DEPENDENCIES,LOCKFILE,true,0
2,1467,Lockfile: Missing/Stripped Hash Integrity,ATTACK,REJECTED,DEPENDENCIES,LOCKFILE,true,0
2,1468,Lockfile: Missing/Stripped Hash Integrity,ATTACK,REJECTED,DEPENDENCIES,LOCKFILE,true,0
2,1469,Lockfile: Missing/Stripped Hash Integrity,ATTACK,REJECTED,DEPENDENCIES,LOCKFILE,true,0
2,1470,Lockfile: Missing/Stripped Hash Integrity,ATTACK,REJECTED,DEPENDENCIES,LOCKFILE,true,0
2,1471,Lockfile: Missing/Stripped Hash Integrity,ATTACK,REJECTED,DEPENDENCIES,LOCKFILE,true,0
2,1472,Lockfile: Missing/Stripped Hash Integrity,ATTACK,REJECTED,DEPENDENCIES,LOCKFILE,true,0
2,1473,Lockfile: Missing/Stripped Hash Integrity,ATTACK,REJECTED,DEPENDENCIES,LOCKFILE,true,0
2,1474,Lockfile: Missing/Stripped Hash Integrity,ATTACK,REJECTED,DEPENDENCIES,LOCKFILE,true,0
2,1475,Lockfile: Missing/Stripped Hash Integrity,ATTACK,REJECTED,DEPENDENCIES,LOCKFILE,true,0
2,1476,Lockfile: Missing/Stripped Hash Integrity,ATTACK,REJECTED,DEPENDENCIES,LOCKFILE,true,0
2,1477,Lockfile: Missing/Stripped Hash Integrity,ATTACK,REJECTED,DEPENDENCIES,LOCKFILE,true,0
2,1478,Lockfile: Missing/Stripped Hash Integrity,ATTACK,REJECTED,DEPENDENCIES,LOCKFILE,true,0
2,1479,Lockfile: Missing/Stripped Hash Integrity,ATTACK,REJECTED,DEPENDENCIES,LOCKFILE,true,0
2,1480,Lockfile: Missing/Stripped Hash Integrity,ATTACK,REJECTED,DEPENDENCIES,LOCKFILE,true,0
2,1481,Lockfile: Missing/Stripped Hash Integrity,ATTACK,REJECTED,DEPENDENCIES,LOCKFILE,true,0
2,1482,Lockfile: Missing/Stripped Hash Integrity,ATTACK,REJECTED,DEPENDENCIES,LOCKFILE,true,0
2,1483,Lockfile: Missing/Stripped Hash Integrity,ATTACK,REJECTED,DEPENDENCIES,LOCKFILE,true,0
2,1484,Lockfile: Missing/Stripped Hash Integrity,ATTACK,REJECTED,DEPENDENCIES,LOCKFILE,true,0
2,1485,Lockfile: Missing/Stripped Hash Integrity,ATTACK,REJECTED,DEPENDENCIES,LOCKFILE,true,0
2,1486,Lockfile: Missing/Stripped Hash Integrity,ATTACK,REJECTED,DEPENDENCIES,LOCKFILE,true,0
2,1487,Lockfile: Missing/Stripped Hash Integrity,ATTACK,REJECTED,DEPENDENCIES,LOCKFILE,true,0
2,1488,Lockfile: Missing/Stripped Hash Integrity,ATTACK,REJECTED,DEPENDENCIES,LOCKFILE,true,0
2,1489,Lockfile: Missing/Stripped Hash Integrity,ATTACK,REJECTED,DEPENDENCIES,LOCKFILE,true,0
2,1490,Lockfile: Missing/Stripped Hash Integrity,ATTACK,REJECTED,DEPENDENCIES,LOCKFILE,true,0
2,1491,Lockfile: Missing/Stripped Hash Integrity,ATTACK,REJECTED,DEPENDENCIES,LOCKFILE,true,0
2,1492,Lockfile: Missing/Stripped Hash Integrity,ATTACK,REJECTED,DEPENDENCIES,LOCKFILE,true,0
2,1493,Lockfile: Missing/Stripped Hash Integrity,ATTACK,REJECTED,DEPENDENCIES,LOCKFILE,true,0
2,1494,Lockfile: Missing/Stripped Hash Integrity,ATTACK,REJECTED,DEPENDENCIES,LOCKFILE,true,0
2,1495,Lockfile: Missing/Stripped Hash Integrity,ATTACK,REJECTED,DEPENDENCIES,LOCKFILE,true,0
2,1496,Lockfile: Missing/Stripped Hash Integrity,ATTACK,REJECTED,DEPENDENCIES,LOCKFILE,true,0
2,1497,Lockfile: Missing/Stripped Hash Integrity,ATTACK,REJECTED,DEPENDENCIES,LOCKFILE,true,0
2,1498,Lockfile: Missing/Stripped Hash Integrity,ATTACK,REJECTED,DEPENDENCIES,LOCKFILE,true,0
2,1499,Lockfile: Missing/Stripped Hash Integrity,ATTACK,REJECTED,DEPENDENCIES,LOCKFILE,true,0
2,1500,Lockfile: Missing/Stripped Hash Integrity,ATTACK,REJECTED,DEPENDENCIES,LOCKFILE,true,0
2,1501,Process: Short-Lived Subprocess (Polling Evasion),ATTACK,TRUSTED,,PROCESS,false,0
2,1502,Process: Short-Lived Subprocess (Polling Evasion),ATTACK,TRUSTED,,PROCESS,false,0
2,1503,Process: Short-Lived Subprocess (Polling Evasion),ATTACK,TRUSTED,,PROCESS,false,0
2,1504,Process: Short-Lived Subprocess (Polling Evasion),ATTACK,TRUSTED,,PROCESS,false,0
2,1505,Process: Short-Lived Subprocess (Polling Evasion),ATTACK,TRUSTED,,PROCESS,false,0
2,1506,Process: Short-Lived Subprocess (Polling Evasion),ATTACK,TRUSTED,,PROCESS,false,0
2,1507,Process: Short-Lived Subprocess (Polling Evasion),ATTACK,TRUSTED,,PROCESS,false,0
2,1508,Process: Short-Lived Subprocess (Polling Evasion),ATTACK,TRUSTED,,PROCESS,false,0
2,1509,Process: Short-Lived Subprocess (Polling Evasion),ATTACK,TRUSTED,,PROCESS,false,0
2,1510,Process: Short-Lived Subprocess (Polling Evasion),ATTACK,TRUSTED,,PROCESS,false,0
2,1511,Process: Short-Lived Subprocess (Polling Evasion),ATTACK,TRUSTED,,PROCESS,false,0
2,1512,Process: Short-Lived Subprocess (Polling Evasion),ATTACK,TRUSTED,,PROCESS,false,0
2,1513,Process: Short-Lived Subprocess (Polling Evasion),ATTACK,TRUSTED,,PROCESS,false,0
2,1514,Process: Short-Lived Subprocess (Polling Evasion),ATTACK,TRUSTED,,PROCESS,false,0
2,1515,Process: Short-Lived Subprocess (Polling Evasion),ATTACK,TRUSTED,,PROCESS,false,0
2,1516,Process: Short-Lived Subprocess (Polling Evasion),ATTACK,TRUSTED,,PROCESS,false,0
2,1517,Process: Short-Lived Subprocess (Polling Evasion),ATTACK,TRUSTED,,PROCESS,false,0
2,1518,Process: Short-Lived Subprocess (Polling Evasion),ATTACK,TRUSTED,,PROCESS,false,0
2,1519,Process: Short-Lived Subprocess (Polling Evasion),ATTACK,TRUSTED,,PROCESS,false,0
2,1520,Process: Short-Lived Subprocess (Polling Evasion),ATTACK,TRUSTED,,PROCESS,false,0
2,1521,Process: Short-Lived Subprocess (Polling Evasion),ATTACK,TRUSTED,,PROCESS,false,0
2,1522,Process: Short-Lived Subprocess (Polling Evasion),ATTACK,TRUSTED,,PROCESS,false,0
2,1523,Process: Short-Lived Subprocess (Polling Evasion),ATTACK,TRUSTED,,PROCESS,false,0
2,1524,Process: Short-Lived Subprocess (Polling Evasion),ATTACK,TRUSTED,,PROCESS,false,0
2,1525,Process: Short-Lived Subprocess (Polling Evasion),ATTACK,TRUSTED,,PROCESS,false,0
2,1526,Process: Short-Lived Subprocess (Polling Evasion),ATTACK,TRUSTED,,PROCESS,false,0
2,1527,Process: Short-Lived Subprocess (Polling Evasion),ATTACK,TRUSTED,,PROCESS,false,0
2,1528,Process: Short-Lived Subprocess (Polling Evasion),ATTACK,TRUSTED,,PROCESS,false,0
2,1529,Process: Short-Lived Subprocess (Polling Evasion),ATTACK,TRUSTED,,PROCESS,false,0
2,1530,Process: Short-Lived Subprocess (Polling Evasion),ATTACK,TRUSTED,,PROCESS,false,0
2,1531,Process: Short-Lived Subprocess (Polling Evasion),ATTACK,TRUSTED,,PROCESS,false,0
2,1532,Process: Short-Lived Subprocess (Polling Evasion),ATTACK,TRUSTED,,PROCESS,false,0
2,1533,Process: Short-Lived Subprocess (Polling Evasion),ATTACK,TRUSTED,,PROCESS,false,0
2,1534,Process: Short-Lived Subprocess (Polling Evasion),ATTACK,TRUSTED,,PROCESS,false,0
2,1535,Process: Short-Lived Subprocess (Polling Evasion),ATTACK,TRUSTED,,PROCESS,false,0
2,1536,Process: Short-Lived Subprocess (Polling Evasion),ATTACK,TRUSTED,,PROCESS,false,0
2,1537,Process: Short-Lived Subprocess (Polling Evasion),ATTACK,TRUSTED,,PROCESS,false,0
2,1538,Process: Short-Lived Subprocess (Polling Evasion),ATTACK,TRUSTED,,PROCESS,false,0
2,1539,Process: Short-Lived Subprocess (Polling Evasion),ATTACK,TRUSTED,,PROCESS,false,0
2,1540,Process: Short-Lived Subprocess (Polling Evasion),ATTACK,TRUSTED,,PROCESS,false,0
2,1541,Process: Short-Lived Subprocess (Polling Evasion),ATTACK,TRUSTED,,PROCESS,false,0
2,1542,Process: Short-Lived Subprocess (Polling Evasion),ATTACK,TRUSTED,,PROCESS,false,0
2,1543,Process: Short-Lived Subprocess (Polling Evasion),ATTACK,TRUSTED,,PROCESS,false,0
2,1544,Process: Short-Lived Subprocess (Polling Evasion),ATTACK,TRUSTED,,PROCESS,false,0
2,1545,Process: Short-Lived Subprocess (Polling Evasion),ATTACK,TRUSTED,,PROCESS,false,0
2,1546,Process: Short-Lived Subprocess (Polling Evasion),ATTACK,TRUSTED,,PROCESS,false,0
2,1547,Process: Short-Lived Subprocess (Polling Evasion),ATTACK,TRUSTED,,PROCESS,false,0
2,1548,Process: Short-Lived Subprocess (Polling Evasion),ATTACK,TRUSTED,,PROCESS,false,0
2,1549,Process: Short-Lived Subprocess (Polling Evasion),ATTACK,TRUSTED,,PROCESS,false,0
2,1550,Process: Short-Lived Subprocess (Polling Evasion),ATTACK,TRUSTED,,PROCESS,false,0
2,1551,Process: Renamed Binary Execution (svchost/python),ATTACK,REJECTED,PROCESS,PROCESS,true,0
2,1552,Process: Renamed Binary Execution (svchost/python),ATTACK,REJECTED,PROCESS,PROCESS,true,0
2,1553,Process: Renamed Binary Execution (svchost/python),ATTACK,REJECTED,PROCESS,PROCESS,true,0
2,1554,Process: Renamed Binary Execution (svchost/python),ATTACK,REJECTED,PROCESS,PROCESS,true,0
2,1555,Process: Renamed Binary Execution (svchost/python),ATTACK,REJECTED,PROCESS,PROCESS,true,0
2,1556,Process: Renamed Binary Execution (svchost/python),ATTACK,REJECTED,PROCESS,PROCESS,true,0
2,1557,Process: Renamed Binary Execution (svchost/python),ATTACK,REJECTED,PROCESS,PROCESS,true,998
2,1558,Process: Renamed Binary Execution (svchost/python),ATTACK,REJECTED,PROCESS,PROCESS,true,0
2,1559,Process: Renamed Binary Execution (svchost/python),ATTACK,REJECTED,PROCESS,PROCESS,true,0
2,1560,Process: Renamed Binary Execution (svchost/python),ATTACK,REJECTED,PROCESS,PROCESS,true,0
2,1561,Process: Renamed Binary Execution (svchost/python),ATTACK,REJECTED,PROCESS,PROCESS,true,0
2,1562,Process: Renamed Binary Execution (svchost/python),ATTACK,REJECTED,PROCESS,PROCESS,true,0
2,1563,Process: Renamed Binary Execution (svchost/python),ATTACK,REJECTED,PROCESS,PROCESS,true,0
2,1564,Process: Renamed Binary Execution (svchost/python),ATTACK,REJECTED,PROCESS,PROCESS,true,0
2,1565,Process: Renamed Binary Execution (svchost/python),ATTACK,REJECTED,PROCESS,PROCESS,true,0
2,1566,Process: Renamed Binary Execution (svchost/python),ATTACK,REJECTED,PROCESS,PROCESS,true,0
2,1567,Process: Renamed Binary Execution (svchost/python),ATTACK,REJECTED,PROCESS,PROCESS,true,0
2,1568,Process: Renamed Binary Execution (svchost/python),ATTACK,REJECTED,PROCESS,PROCESS,true,0
2,1569,Process: Renamed Binary Execution (svchost/python),ATTACK,REJECTED,PROCESS,PROCESS,true,0
2,1570,Process: Renamed Binary Execution (svchost/python),ATTACK,REJECTED,PROCESS,PROCESS,true,0
2,1571,Process: Renamed Binary Execution (svchost/python),ATTACK,REJECTED,PROCESS,PROCESS,true,0
2,1572,Process: Renamed Binary Execution (svchost/python),ATTACK,REJECTED,PROCESS,PROCESS,true,0
2,1573,Process: Renamed Binary Execution (svchost/python),ATTACK,REJECTED,PROCESS,PROCESS,true,0
2,1574,Process: Renamed Binary Execution (svchost/python),ATTACK,REJECTED,PROCESS,PROCESS,true,0
2,1575,Process: Renamed Binary Execution (svchost/python),ATTACK,REJECTED,PROCESS,PROCESS,true,0
2,1576,Process: Renamed Binary Execution (svchost/python),ATTACK,REJECTED,PROCESS,PROCESS,true,0
2,1577,Process: Renamed Binary Execution (svchost/python),ATTACK,REJECTED,PROCESS,PROCESS,true,0
2,1578,Process: Renamed Binary Execution (svchost/python),ATTACK,REJECTED,PROCESS,PROCESS,true,0
2,1579,Process: Renamed Binary Execution (svchost/python),ATTACK,REJECTED,PROCESS,PROCESS,true,0
2,1580,Process: Renamed Binary Execution (svchost/python),ATTACK,REJECTED,PROCESS,PROCESS,true,0
2,1581,Process: Renamed Binary Execution (svchost/python),ATTACK,REJECTED,PROCESS,PROCESS,true,0
2,1582,Process: Renamed Binary Execution (svchost/python),ATTACK,REJECTED,PROCESS,PROCESS,true,0
2,1583,Process: Renamed Binary Execution (svchost/python),ATTACK,REJECTED,PROCESS,PROCESS,true,0
2,1584,Process: Renamed Binary Execution (svchost/python),ATTACK,REJECTED,PROCESS,PROCESS,true,0
2,1585,Process: Renamed Binary Execution (svchost/python),ATTACK,REJECTED,PROCESS,PROCESS,true,0
2,1586,Process: Renamed Binary Execution (svchost/python),ATTACK,REJECTED,PROCESS,PROCESS,true,0
2,1587,Process: Renamed Binary Execution (svchost/python),ATTACK,REJECTED,PROCESS,PROCESS,true,0
2,1588,Process: Renamed Binary Execution (svchost/python),ATTACK,REJECTED,PROCESS,PROCESS,true,0
2,1589,Process: Renamed Binary Execution (svchost/python),ATTACK,REJECTED,PROCESS,PROCESS,true,0
2,1590,Process: Renamed Binary Execution (svchost/python),ATTACK,REJECTED,PROCESS,PROCESS,true,0
2,1591,Process: Renamed Binary Execution (svchost/python),ATTACK,REJECTED,PROCESS,PROCESS,true,0
2,1592,Process: Renamed Binary Execution (svchost/python),ATTACK,REJECTED,PROCESS,PROCESS,true,0
2,1593,Process: Renamed Binary Execution (svchost/python),ATTACK,REJECTED,PROCESS,PROCESS,true,0
2,1594,Process: Renamed Binary Execution (svchost/python),ATTACK,REJECTED,PROCESS,PROCESS,true,0
2,1595,Process: Renamed Binary Execution (svchost/python),ATTACK,REJECTED,PROCESS,PROCESS,true,0
2,1596,Process: Renamed Binary Execution (svchost/python),ATTACK,REJECTED,PROCESS,PROCESS,true,0
2,1597,Process: Renamed Binary Execution (svchost/python),ATTACK,REJECTED,PROCESS,PROCESS,true,0
2,1598,Process: Renamed Binary Execution (svchost/python),ATTACK,REJECTED,PROCESS,PROCESS,true,0
2,1599,Process: Renamed Binary Execution (svchost/python),ATTACK,REJECTED,PROCESS,PROCESS,true,0
2,1600,Process: Renamed Binary Execution (svchost/python),ATTACK,REJECTED,PROCESS,PROCESS,true,0
2,1601,Filesystem: Boundary Escape (/tmp or %TEMP%),ATTACK,TRUSTED,,FILESYSTEM,false,0
2,1602,Filesystem: Boundary Escape (/tmp or %TEMP%),ATTACK,TRUSTED,,FILESYSTEM,false,0
2,1603,Filesystem: Boundary Escape (/tmp or %TEMP%),ATTACK,TRUSTED,,FILESYSTEM,false,0
2,1604,Filesystem: Boundary Escape (/tmp or %TEMP%),ATTACK,TRUSTED,,FILESYSTEM,false,0
2,1605,Filesystem: Boundary Escape (/tmp or %TEMP%),ATTACK,TRUSTED,,FILESYSTEM,false,0
2,1606,Filesystem: Boundary Escape (/tmp or %TEMP%),ATTACK,TRUSTED,,FILESYSTEM,false,0
2,1607,Filesystem: Boundary Escape (/tmp or %TEMP%),ATTACK,TRUSTED,,FILESYSTEM,false,502
2,1608,Filesystem: Boundary Escape (/tmp or %TEMP%),ATTACK,TRUSTED,,FILESYSTEM,false,0
2,1609,Filesystem: Boundary Escape (/tmp or %TEMP%),ATTACK,TRUSTED,,FILESYSTEM,false,0
2,1610,Filesystem: Boundary Escape (/tmp or %TEMP%),ATTACK,TRUSTED,,FILESYSTEM,false,0
2,1611,Filesystem: Boundary Escape (/tmp or %TEMP%),ATTACK,TRUSTED,,FILESYSTEM,false,0
2,1612,Filesystem: Boundary Escape (/tmp or %TEMP%),ATTACK,TRUSTED,,FILESYSTEM,false,0
2,1613,Filesystem: Boundary Escape (/tmp or %TEMP%),ATTACK,TRUSTED,,FILESYSTEM,false,0
2,1614,Filesystem: Boundary Escape (/tmp or %TEMP%),ATTACK,TRUSTED,,FILESYSTEM,false,0
2,1615,Filesystem: Boundary Escape (/tmp or %TEMP%),ATTACK,TRUSTED,,FILESYSTEM,false,0
2,1616,Filesystem: Boundary Escape (/tmp or %TEMP%),ATTACK,TRUSTED,,FILESYSTEM,false,0
2,1617,Filesystem: Boundary Escape (/tmp or %TEMP%),ATTACK,TRUSTED,,FILESYSTEM,false,0
2,1618,Filesystem: Boundary Escape (/tmp or %TEMP%),ATTACK,TRUSTED,,FILESYSTEM,false,0
2,1619,Filesystem: Boundary Escape (/tmp or %TEMP%),ATTACK,TRUSTED,,FILESYSTEM,false,0
2,1620,Filesystem: Boundary Escape (/tmp or %TEMP%),ATTACK,TRUSTED,,FILESYSTEM,false,0
2,1621,Filesystem: Boundary Escape (/tmp or %TEMP%),ATTACK,TRUSTED,,FILESYSTEM,false,0
2,1622,Filesystem: Boundary Escape (/tmp or %TEMP%),ATTACK,TRUSTED,,FILESYSTEM,false,0
2,1623,Filesystem: Boundary Escape (/tmp or %TEMP%),ATTACK,TRUSTED,,FILESYSTEM,false,0
2,1624,Filesystem: Boundary Escape (/tmp or %TEMP%),ATTACK,TRUSTED,,FILESYSTEM,false,0
2,1625,Filesystem: Boundary Escape (/tmp or %TEMP%),ATTACK,TRUSTED,,FILESYSTEM,false,0
2,1626,Filesystem: Boundary Escape (/tmp or %TEMP%),ATTACK,TRUSTED,,FILESYSTEM,false,0
2,1627,Filesystem: Boundary Escape (/tmp or %TEMP%),ATTACK,TRUSTED,,FILESYSTEM,false,0
2,1628,Filesystem: Boundary Escape (/tmp or %TEMP%),ATTACK,TRUSTED,,FILESYSTEM,false,0
2,1629,Filesystem: Boundary Escape (/tmp or %TEMP%),ATTACK,TRUSTED,,FILESYSTEM,false,0
2,1630,Filesystem: Boundary Escape (/tmp or %TEMP%),ATTACK,TRUSTED,,FILESYSTEM,false,0
2,1631,Filesystem: Boundary Escape (/tmp or %TEMP%),ATTACK,TRUSTED,,FILESYSTEM,false,0
2,1632,Filesystem: Boundary Escape (/tmp or %TEMP%),ATTACK,TRUSTED,,FILESYSTEM,false,0
2,1633,Filesystem: Boundary Escape (/tmp or %TEMP%),ATTACK,TRUSTED,,FILESYSTEM,false,0
2,1634,Filesystem: Boundary Escape (/tmp or %TEMP%),ATTACK,TRUSTED,,FILESYSTEM,false,0
2,1635,Filesystem: Boundary Escape (/tmp or %TEMP%),ATTACK,TRUSTED,,FILESYSTEM,false,0
2,1636,Filesystem: Boundary Escape (/tmp or %TEMP%),ATTACK,TRUSTED,,FILESYSTEM,false,0
2,1637,Filesystem: Boundary Escape (/tmp or %TEMP%),ATTACK,TRUSTED,,FILESYSTEM,false,0
2,1638,Filesystem: Boundary Escape (/tmp or %TEMP%),ATTACK,TRUSTED,,FILESYSTEM,false,0
2,1639,Filesystem: Boundary Escape (/tmp or %TEMP%),ATTACK,TRUSTED,,FILESYSTEM,false,0
2,1640,Filesystem: Boundary Escape (/tmp or %TEMP%),ATTACK,TRUSTED,,FILESYSTEM,false,0
2,1641,Filesystem: Boundary Escape (/tmp or %TEMP%),ATTACK,TRUSTED,,FILESYSTEM,false,0
2,1642,Filesystem: Boundary Escape (/tmp or %TEMP%),ATTACK,TRUSTED,,FILESYSTEM,false,0
2,1643,Filesystem: Boundary Escape (/tmp or %TEMP%),ATTACK,TRUSTED,,FILESYSTEM,false,0
2,1644,Filesystem: Boundary Escape (/tmp or %TEMP%),ATTACK,TRUSTED,,FILESYSTEM,false,0
2,1645,Filesystem: Boundary Escape (/tmp or %TEMP%),ATTACK,TRUSTED,,FILESYSTEM,false,0
2,1646,Filesystem: Boundary Escape (/tmp or %TEMP%),ATTACK,TRUSTED,,FILESYSTEM,false,0
2,1647,Filesystem: Boundary Escape (/tmp or %TEMP%),ATTACK,TRUSTED,,FILESYSTEM,false,0
2,1648,Filesystem: Boundary Escape (/tmp or %TEMP%),ATTACK,TRUSTED,,FILESYSTEM,false,0
2,1649,Filesystem: Boundary Escape (/tmp or %TEMP%),ATTACK,TRUSTED,,FILESYSTEM,false,0
2,1650,Filesystem: Boundary Escape (/tmp or %TEMP%),ATTACK,TRUSTED,,FILESYSTEM,false,0
2,1651,Filesystem: Payload Swap (Preserved Size/Time),ATTACK,REJECTED,FILESYSTEM,FILESYSTEM,true,0
2,1652,Filesystem: Payload Swap (Preserved Size/Time),ATTACK,REJECTED,FILESYSTEM,FILESYSTEM,true,0
2,1653,Filesystem: Payload Swap (Preserved Size/Time),ATTACK,REJECTED,FILESYSTEM,FILESYSTEM,true,0
2,1654,Filesystem: Payload Swap (Preserved Size/Time),ATTACK,REJECTED,FILESYSTEM,FILESYSTEM,true,0
2,1655,Filesystem: Payload Swap (Preserved Size/Time),ATTACK,REJECTED,FILESYSTEM,FILESYSTEM,true,0
2,1656,Filesystem: Payload Swap (Preserved Size/Time),ATTACK,REJECTED,FILESYSTEM,FILESYSTEM,true,0
2,1657,Filesystem: Payload Swap (Preserved Size/Time),ATTACK,REJECTED,FILESYSTEM,FILESYSTEM,true,0
2,1658,Filesystem: Payload Swap (Preserved Size/Time),ATTACK,REJECTED,FILESYSTEM,FILESYSTEM,true,0
2,1659,Filesystem: Payload Swap (Preserved Size/Time),ATTACK,REJECTED,FILESYSTEM,FILESYSTEM,true,0
2,1660,Filesystem: Payload Swap (Preserved Size/Time),ATTACK,REJECTED,FILESYSTEM,FILESYSTEM,true,0
2,1661,Filesystem: Payload Swap (Preserved Size/Time),ATTACK,REJECTED,FILESYSTEM,FILESYSTEM,true,0
2,1662,Filesystem: Payload Swap (Preserved Size/Time),ATTACK,REJECTED,FILESYSTEM,FILESYSTEM,true,0
2,1663,Filesystem: Payload Swap (Preserved Size/Time),ATTACK,REJECTED,FILESYSTEM,FILESYSTEM,true,0
2,1664,Filesystem: Payload Swap (Preserved Size/Time),ATTACK,REJECTED,FILESYSTEM,FILESYSTEM,true,508
2,1665,Filesystem: Payload Swap (Preserved Size/Time),ATTACK,REJECTED,FILESYSTEM,FILESYSTEM,true,0
2,1666,Filesystem: Payload Swap (Preserved Size/Time),ATTACK,REJECTED,FILESYSTEM,FILESYSTEM,true,0
2,1667,Filesystem: Payload Swap (Preserved Size/Time),ATTACK,REJECTED,FILESYSTEM,FILESYSTEM,true,0
2,1668,Filesystem: Payload Swap (Preserved Size/Time),ATTACK,REJECTED,FILESYSTEM,FILESYSTEM,true,0
2,1669,Filesystem: Payload Swap (Preserved Size/Time),ATTACK,REJECTED,FILESYSTEM,FILESYSTEM,true,0
2,1670,Filesystem: Payload Swap (Preserved Size/Time),ATTACK,REJECTED,FILESYSTEM,FILESYSTEM,true,0
2,1671,Filesystem: Payload Swap (Preserved Size/Time),ATTACK,REJECTED,FILESYSTEM,FILESYSTEM,true,0
2,1672,Filesystem: Payload Swap (Preserved Size/Time),ATTACK,REJECTED,FILESYSTEM,FILESYSTEM,true,0
2,1673,Filesystem: Payload Swap (Preserved Size/Time),ATTACK,REJECTED,FILESYSTEM,FILESYSTEM,true,0
2,1674,Filesystem: Payload Swap (Preserved Size/Time),ATTACK,REJECTED,FILESYSTEM,FILESYSTEM,true,0
2,1675,Filesystem: Payload Swap (Preserved Size/Time),ATTACK,REJECTED,FILESYSTEM,FILESYSTEM,true,0
2,1676,Filesystem: Payload Swap (Preserved Size/Time),ATTACK,REJECTED,FILESYSTEM,FILESYSTEM,true,0
2,1677,Filesystem: Payload Swap (Preserved Size/Time),ATTACK,REJECTED,FILESYSTEM,FILESYSTEM,true,0
2,1678,Filesystem: Payload Swap (Preserved Size/Time),ATTACK,REJECTED,FILESYSTEM,FILESYSTEM,true,0
2,1679,Filesystem: Payload Swap (Preserved Size/Time),ATTACK,REJECTED,FILESYSTEM,FILESYSTEM,true,0
2,1680,Filesystem: Payload Swap (Preserved Size/Time),ATTACK,REJECTED,FILESYSTEM,FILESYSTEM,true,0
2,1681,Filesystem: Payload Swap (Preserved Size/Time),ATTACK,REJECTED,FILESYSTEM,FILESYSTEM,true,0
2,1682,Filesystem: Payload Swap (Preserved Size/Time),ATTACK,REJECTED,FILESYSTEM,FILESYSTEM,true,0
2,1683,Filesystem: Payload Swap (Preserved Size/Time),ATTACK,REJECTED,FILESYSTEM,FILESYSTEM,true,0
2,1684,Filesystem: Payload Swap (Preserved Size/Time),ATTACK,REJECTED,FILESYSTEM,FILESYSTEM,true,0
2,1685,Filesystem: Payload Swap (Preserved Size/Time),ATTACK,REJECTED,FILESYSTEM,FILESYSTEM,true,0
2,1686,Filesystem: Payload Swap (Preserved Size/Time),ATTACK,REJECTED,FILESYSTEM,FILESYSTEM,true,0
2,1687,Filesystem: Payload Swap (Preserved Size/Time),ATTACK,REJECTED,FILESYSTEM,FILESYSTEM,true,0
2,1688,Filesystem: Payload Swap (Preserved Size/Time),ATTACK,REJECTED,FILESYSTEM,FILESYSTEM,true,0
2,1689,Filesystem: Payload Swap (Preserved Size/Time),ATTACK,REJECTED,FILESYSTEM,FILESYSTEM,true,0
2,1690,Filesystem: Payload Swap (Preserved Size/Time),ATTACK,REJECTED,FILESYSTEM,FILESYSTEM,true,0
2,1691,Filesystem: Payload Swap (Preserved Size/Time),ATTACK,REJECTED,FILESYSTEM,FILESYSTEM,true,0
2,1692,Filesystem: Payload Swap (Preserved Size/Time),ATTACK,REJECTED,FILESYSTEM,FILESYSTEM,true,0
2,1693,Filesystem: Payload Swap (Preserved Size/Time),ATTACK,REJECTED,FILESYSTEM,FILESYSTEM,true,0
2,1694,Filesystem: Payload Swap (Preserved Size/Time),ATTACK,REJECTED,FILESYSTEM,FILESYSTEM,true,0
2,1695,Filesystem: Payload Swap (Preserved Size/Time),ATTACK,REJECTED,FILESYSTEM,FILESYSTEM,true,0
2,1696,Filesystem: Payload Swap (Preserved Size/Time),ATTACK,REJECTED,FILESYSTEM,FILESYSTEM,true,0
2,1697,Filesystem: Payload Swap (Preserved Size/Time),ATTACK,REJECTED,FILESYSTEM,FILESYSTEM,true,0
2,1698,Filesystem: Payload Swap (Preserved Size/Time),ATTACK,REJECTED,FILESYSTEM,FILESYSTEM,true,0
2,1699,Filesystem: Payload Swap (Preserved Size/Time),ATTACK,REJECTED,FILESYSTEM,FILESYSTEM,true,0
2,1700,Filesystem: Payload Swap (Preserved Size/Time),ATTACK,REJECTED,FILESYSTEM,FILESYSTEM,true,0
2,1701,Network: Ephemeral UDP/DNS Exfiltration,ATTACK,TRUSTED,,NETWORK,false,0
2,1702,Network: Ephemeral UDP/DNS Exfiltration,ATTACK,TRUSTED,,NETWORK,false,0
2,1703,Network: Ephemeral UDP/DNS Exfiltration,ATTACK,TRUSTED,,NETWORK,false,0
2,1704,Network: Ephemeral UDP/DNS Exfiltration,ATTACK,TRUSTED,,NETWORK,false,0
2,1705,Network: Ephemeral UDP/DNS Exfiltration,ATTACK,TRUSTED,,NETWORK,false,0
2,1706,Network: Ephemeral UDP/DNS Exfiltration,ATTACK,TRUSTED,,NETWORK,false,0
2,1707,Network: Ephemeral UDP/DNS Exfiltration,ATTACK,TRUSTED,,NETWORK,false,0
2,1708,Network: Ephemeral UDP/DNS Exfiltration,ATTACK,TRUSTED,,NETWORK,false,0
2,1709,Network: Ephemeral UDP/DNS Exfiltration,ATTACK,TRUSTED,,NETWORK,false,0
2,1710,Network: Ephemeral UDP/DNS Exfiltration,ATTACK,TRUSTED,,NETWORK,false,0
2,1711,Network: Ephemeral UDP/DNS Exfiltration,ATTACK,TRUSTED,,NETWORK,false,0
2,1712,Network: Ephemeral UDP/DNS Exfiltration,ATTACK,TRUSTED,,NETWORK,false,0
2,1713,Network: Ephemeral UDP/DNS Exfiltration,ATTACK,TRUSTED,,NETWORK,false,0
2,1714,Network: Ephemeral UDP/DNS Exfiltration,ATTACK,TRUSTED,,NETWORK,false,0
2,1715,Network: Ephemeral UDP/DNS Exfiltration,ATTACK,TRUSTED,,NETWORK,false,0
2,1716,Network: Ephemeral UDP/DNS Exfiltration,ATTACK,TRUSTED,,NETWORK,false,0
2,1717,Network: Ephemeral UDP/DNS Exfiltration,ATTACK,TRUSTED,,NETWORK,false,0
2,1718,Network: Ephemeral UDP/DNS Exfiltration,ATTACK,TRUSTED,,NETWORK,false,0
2,1719,Network: Ephemeral UDP/DNS Exfiltration,ATTACK,TRUSTED,,NETWORK,false,0
2,1720,Network: Ephemeral UDP/DNS Exfiltration,ATTACK,TRUSTED,,NETWORK,false,0
2,1721,Network: Ephemeral UDP/DNS Exfiltration,ATTACK,TRUSTED,,NETWORK,false,0
2,1722,Network: Ephemeral UDP/DNS Exfiltration,ATTACK,TRUSTED,,NETWORK,false,0
2,1723,Network: Ephemeral UDP/DNS Exfiltration,ATTACK,TRUSTED,,NETWORK,false,0
2,1724,Network: Ephemeral UDP/DNS Exfiltration,ATTACK,TRUSTED,,NETWORK,false,0
2,1725,Network: Ephemeral UDP/DNS Exfiltration,ATTACK,TRUSTED,,NETWORK,false,0
2,1726,Network: Ephemeral UDP/DNS Exfiltration,ATTACK,TRUSTED,,NETWORK,false,0
2,1727,Network: Ephemeral UDP/DNS Exfiltration,ATTACK,TRUSTED,,NETWORK,false,0
2,1728,Network: Ephemeral UDP/DNS Exfiltration,ATTACK,TRUSTED,,NETWORK,false,0
2,1729,Network: Ephemeral UDP/DNS Exfiltration,ATTACK,TRUSTED,,NETWORK,false,0
2,1730,Network: Ephemeral UDP/DNS Exfiltration,ATTACK,TRUSTED,,NETWORK,false,0
2,1731,Network: Ephemeral UDP/DNS Exfiltration,ATTACK,TRUSTED,,NETWORK,false,0
2,1732,Network: Ephemeral UDP/DNS Exfiltration,ATTACK,TRUSTED,,NETWORK,false,0
2,1733,Network: Ephemeral UDP/DNS Exfiltration,ATTACK,TRUSTED,,NETWORK,false,0
2,1734,Network: Ephemeral UDP/DNS Exfiltration,ATTACK,TRUSTED,,NETWORK,false,0
2,1735,Network: Ephemeral UDP/DNS Exfiltration,ATTACK,TRUSTED,,NETWORK,false,0
2,1736,Network: Ephemeral UDP/DNS Exfiltration,ATTACK,TRUSTED,,NETWORK,false,0
2,1737,Network: Ephemeral UDP/DNS Exfiltration,ATTACK,TRUSTED,,NETWORK,false,0
2,1738,Network: Ephemeral UDP/DNS Exfiltration,ATTACK,TRUSTED,,NETWORK,false,0
2,1739,Network: Ephemeral UDP/DNS Exfiltration,ATTACK,TRUSTED,,NETWORK,false,0
2,1740,Network: Ephemeral UDP/DNS Exfiltration,ATTACK,TRUSTED,,NETWORK,false,0
2,1741,Network: Ephemeral UDP/DNS Exfiltration,ATTACK,TRUSTED,,NETWORK,false,0
2,1742,Network: Ephemeral UDP/DNS Exfiltration,ATTACK,TRUSTED,,NETWORK,false,0
2,1743,Network: Ephemeral UDP/DNS Exfiltration,ATTACK,TRUSTED,,NETWORK,false,0
2,1744,Network: Ephemeral UDP/DNS Exfiltration,ATTACK,TRUSTED,,NETWORK,false,0
2,1745,Network: Ephemeral UDP/DNS Exfiltration,ATTACK,TRUSTED,,NETWORK,false,0
2,1746,Network: Ephemeral UDP/DNS Exfiltration,ATTACK,TRUSTED,,NETWORK,false,0
2,1747,Network: Ephemeral UDP/DNS Exfiltration,ATTACK,TRUSTED,,NETWORK,false,0
2,1748,Network: Ephemeral UDP/DNS Exfiltration,ATTACK,TRUSTED,,NETWORK,false,0
2,1749,Network: Ephemeral UDP/DNS Exfiltration,ATTACK,TRUSTED,,NETWORK,false,0
2,1750,Network: Ephemeral UDP/DNS Exfiltration,ATTACK,TRUSTED,,NETWORK,false,0
2,1751,Network: Allowed CDN Subdomain Multiplexing,ATTACK,REJECTED,NETWORK,NETWORK,true,0
2,1752,Network: Allowed CDN Subdomain Multiplexing,ATTACK,REJECTED,NETWORK,NETWORK,true,0
2,1753,Network: Allowed CDN Subdomain Multiplexing,ATTACK,REJECTED,NETWORK,NETWORK,true,0
2,1754,Network: Allowed CDN Subdomain Multiplexing,ATTACK,REJECTED,NETWORK,NETWORK,true,0
2,1755,Network: Allowed CDN Subdomain Multiplexing,ATTACK,REJECTED,NETWORK,NETWORK,true,0
2,1756,Network: Allowed CDN Subdomain Multiplexing,ATTACK,REJECTED,NETWORK,NETWORK,true,0
2,1757,Network: Allowed CDN Subdomain Multiplexing,ATTACK,REJECTED,NETWORK,NETWORK,true,0
2,1758,Network: Allowed CDN Subdomain Multiplexing,ATTACK,REJECTED,NETWORK,NETWORK,true,0
2,1759,Network: Allowed CDN Subdomain Multiplexing,ATTACK,REJECTED,NETWORK,NETWORK,true,0
2,1760,Network: Allowed CDN Subdomain Multiplexing,ATTACK,REJECTED,NETWORK,NETWORK,true,0
2,1761,Network: Allowed CDN Subdomain Multiplexing,ATTACK,REJECTED,NETWORK,NETWORK,true,0
2,1762,Network: Allowed CDN Subdomain Multiplexing,ATTACK,REJECTED,NETWORK,NETWORK,true,0
2,1763,Network: Allowed CDN Subdomain Multiplexing,ATTACK,REJECTED,NETWORK,NETWORK,true,0
2,1764,Network: Allowed CDN Subdomain Multiplexing,ATTACK,REJECTED,NETWORK,NETWORK,true,0
2,1765,Network: Allowed CDN Subdomain Multiplexing,ATTACK,REJECTED,NETWORK,NETWORK,true,0
2,1766,Network: Allowed CDN Subdomain Multiplexing,ATTACK,REJECTED,NETWORK,NETWORK,true,0
2,1767,Network: Allowed CDN Subdomain Multiplexing,ATTACK,REJECTED,NETWORK,NETWORK,true,0
2,1768,Network: Allowed CDN Subdomain Multiplexing,ATTACK,REJECTED,NETWORK,NETWORK,true,0
2,1769,Network: Allowed CDN Subdomain Multiplexing,ATTACK,REJECTED,NETWORK,NETWORK,true,0
2,1770,Network: Allowed CDN Subdomain Multiplexing,ATTACK,REJECTED,NETWORK,NETWORK,true,0
2,1771,Network: Allowed CDN Subdomain Multiplexing,ATTACK,REJECTED,NETWORK,NETWORK,true,0
2,1772,Network: Allowed CDN Subdomain Multiplexing,ATTACK,REJECTED,NETWORK,NETWORK,true,0
2,1773,Network: Allowed CDN Subdomain Multiplexing,ATTACK,REJECTED,NETWORK,NETWORK,true,0
2,1774,Network: Allowed CDN Subdomain Multiplexing,ATTACK,REJECTED,NETWORK,NETWORK,true,0
2,1775,Network: Allowed CDN Subdomain Multiplexing,ATTACK,REJECTED,NETWORK,NETWORK,true,0
2,1776,Network: Allowed CDN Subdomain Multiplexing,ATTACK,REJECTED,NETWORK,NETWORK,true,0
2,1777,Network: Allowed CDN Subdomain Multiplexing,ATTACK,REJECTED,NETWORK,NETWORK,true,0
2,1778,Network: Allowed CDN Subdomain Multiplexing,ATTACK,REJECTED,NETWORK,NETWORK,true,0
2,1779,Network: Allowed CDN Subdomain Multiplexing,ATTACK,REJECTED,NETWORK,NETWORK,true,0
2,1780,Network: Allowed CDN Subdomain Multiplexing,ATTACK,REJECTED,NETWORK,NETWORK,true,0
2,1781,Network: Allowed CDN Subdomain Multiplexing,ATTACK,REJECTED,NETWORK,NETWORK,true,0
2,1782,Network: Allowed CDN Subdomain Multiplexing,ATTACK,REJECTED,NETWORK,NETWORK,true,0
2,1783,Network: Allowed CDN Subdomain Multiplexing,ATTACK,REJECTED,NETWORK,NETWORK,true,0
2,1784,Network: Allowed CDN Subdomain Multiplexing,ATTACK,REJECTED,NETWORK,NETWORK,true,1585
2,1785,Network: Allowed CDN Subdomain Multiplexing,ATTACK,REJECTED,NETWORK,NETWORK,true,0
2,1786,Network: Allowed CDN Subdomain Multiplexing,ATTACK,REJECTED,NETWORK,NETWORK,true,0
2,1787,Network: Allowed CDN Subdomain Multiplexing,ATTACK,REJECTED,NETWORK,NETWORK,true,0
2,1788,Network: Allowed CDN Subdomain Multiplexing,ATTACK,REJECTED,NETWORK,NETWORK,true,0
2,1789,Network: Allowed CDN Subdomain Multiplexing,ATTACK,REJECTED,NETWORK,NETWORK,true,0
2,1790,Network: Allowed CDN Subdomain Multiplexing,ATTACK,REJECTED,NETWORK,NETWORK,true,0
2,1791,Network: Allowed CDN Subdomain Multiplexing,ATTACK,REJECTED,NETWORK,NETWORK,true,0
2,1792,Network: Allowed CDN Subdomain Multiplexing,ATTACK,REJECTED,NETWORK,NETWORK,true,0
2,1793,Network: Allowed CDN Subdomain Multiplexing,ATTACK,REJECTED,NETWORK,NETWORK,true,0
2,1794,Network: Allowed CDN Subdomain Multiplexing,ATTACK,REJECTED,NETWORK,NETWORK,true,0
2,1795,Network: Allowed CDN Subdomain Multiplexing,ATTACK,REJECTED,NETWORK,NETWORK,true,0
2,1796,Network: Allowed CDN Subdomain Multiplexing,ATTACK,REJECTED,NETWORK,NETWORK,true,0
2,1797,Network: Allowed CDN Subdomain Multiplexing,ATTACK,REJECTED,NETWORK,NETWORK,true,0
2,1798,Network: Allowed CDN Subdomain Multiplexing,ATTACK,REJECTED,NETWORK,NETWORK,true,0
2,1799,Network: Allowed CDN Subdomain Multiplexing,ATTACK,REJECTED,NETWORK,NETWORK,true,0
2,1800,Network: Allowed CDN Subdomain Multiplexing,ATTACK,REJECTED,NETWORK,NETWORK,true,0
2,1801,Artifact: Post-Build Binary Swap,ATTACK,REJECTED,PROVENANCE,PROVENANCE,true,0
2,1802,Artifact: Post-Build Binary Swap,ATTACK,REJECTED,PROVENANCE,PROVENANCE,true,0
2,1803,Artifact: Post-Build Binary Swap,ATTACK,REJECTED,PROVENANCE,PROVENANCE,true,0
2,1804,Artifact: Post-Build Binary Swap,ATTACK,REJECTED,PROVENANCE,PROVENANCE,true,0
2,1805,Artifact: Post-Build Binary Swap,ATTACK,REJECTED,PROVENANCE,PROVENANCE,true,0
2,1806,Artifact: Post-Build Binary Swap,ATTACK,REJECTED,PROVENANCE,PROVENANCE,true,0
2,1807,Artifact: Post-Build Binary Swap,ATTACK,REJECTED,PROVENANCE,PROVENANCE,true,0
2,1808,Artifact: Post-Build Binary Swap,ATTACK,REJECTED,PROVENANCE,PROVENANCE,true,0
2,1809,Artifact: Post-Build Binary Swap,ATTACK,REJECTED,PROVENANCE,PROVENANCE,true,0
2,1810,Artifact: Post-Build Binary Swap,ATTACK,REJECTED,PROVENANCE,PROVENANCE,true,0
2,1811,Artifact: Post-Build Binary Swap,ATTACK,REJECTED,PROVENANCE,PROVENANCE,true,0
2,1812,Artifact: Post-Build Binary Swap,ATTACK,REJECTED,PROVENANCE,PROVENANCE,true,0
2,1813,Artifact: Post-Build Binary Swap,ATTACK,REJECTED,PROVENANCE,PROVENANCE,true,0
2,1814,Artifact: Post-Build Binary Swap,ATTACK,REJECTED,PROVENANCE,PROVENANCE,true,0
2,1815,Artifact: Post-Build Binary Swap,ATTACK,REJECTED,PROVENANCE,PROVENANCE,true,0
2,1816,Artifact: Post-Build Binary Swap,ATTACK,REJECTED,PROVENANCE,PROVENANCE,true,0
2,1817,Artifact: Post-Build Binary Swap,ATTACK,REJECTED,PROVENANCE,PROVENANCE,true,0
2,1818,Artifact: Post-Build Binary Swap,ATTACK,REJECTED,PROVENANCE,PROVENANCE,true,0
2,1819,Artifact: Post-Build Binary Swap,ATTACK,REJECTED,PROVENANCE,PROVENANCE,true,0
2,1820,Artifact: Post-Build Binary Swap,ATTACK,REJECTED,PROVENANCE,PROVENANCE,true,0
2,1821,Artifact: Post-Build Binary Swap,ATTACK,REJECTED,PROVENANCE,PROVENANCE,true,0
2,1822,Artifact: Post-Build Binary Swap,ATTACK,REJECTED,PROVENANCE,PROVENANCE,true,0
2,1823,Artifact: Post-Build Binary Swap,ATTACK,REJECTED,PROVENANCE,PROVENANCE,true,0
2,1824,Artifact: Post-Build Binary Swap,ATTACK,REJECTED,PROVENANCE,PROVENANCE,true,0
2,1825,Artifact: Post-Build Binary Swap,ATTACK,REJECTED,PROVENANCE,PROVENANCE,true,0
2,1826,Artifact: Post-Build Binary Swap,ATTACK,REJECTED,PROVENANCE,PROVENANCE,true,0
2,1827,Artifact: Post-Build Binary Swap,ATTACK,REJECTED,PROVENANCE,PROVENANCE,true,0
2,1828,Artifact: Post-Build Binary Swap,ATTACK,REJECTED,PROVENANCE,PROVENANCE,true,0
2,1829,Artifact: Post-Build Binary Swap,ATTACK,REJECTED,PROVENANCE,PROVENANCE,true,0
2,1830,Artifact: Post-Build Binary Swap,ATTACK,REJECTED,PROVENANCE,PROVENANCE,true,0
2,1831,Artifact: Post-Build Binary Swap,ATTACK,REJECTED,PROVENANCE,PROVENANCE,true,0
2,1832,Artifact: Post-Build Binary Swap,ATTACK,REJECTED,PROVENANCE,PROVENANCE,true,0
2,1833,Artifact: Post-Build Binary Swap,ATTACK,REJECTED,PROVENANCE,PROVENANCE,true,0
2,1834,Artifact: Post-Build Binary Swap,ATTACK,REJECTED,PROVENANCE,PROVENANCE,true,0
2,1835,Artifact: Post-Build Binary Swap,ATTACK,REJECTED,PROVENANCE,PROVENANCE,true,0
2,1836,Artifact: Post-Build Binary Swap,ATTACK,REJECTED,PROVENANCE,PROVENANCE,true,0
2,1837,Artifact: Post-Build Binary Swap,ATTACK,REJECTED,PROVENANCE,PROVENANCE,true,0
2,1838,Artifact: Post-Build Binary Swap,ATTACK,REJECTED,PROVENANCE,PROVENANCE,true,0
2,1839,Artifact: Post-Build Binary Swap,ATTACK,REJECTED,PROVENANCE,PROVENANCE,true,0
2,1840,Artifact: Post-Build Binary Swap,ATTACK,REJECTED,PROVENANCE,PROVENANCE,true,0
2,1841,Artifact: Post-Build Binary Swap,ATTACK,REJECTED,PROVENANCE,PROVENANCE,true,0
2,1842,Artifact: Post-Build Binary Swap,ATTACK,REJECTED,PROVENANCE,PROVENANCE,true,0
2,1843,Artifact: Post-Build Binary Swap,ATTACK,REJECTED,PROVENANCE,PROVENANCE,true,0
2,1844,Artifact: Post-Build Binary Swap,ATTACK,REJECTED,PROVENANCE,PROVENANCE,true,0
2,1845,Artifact: Post-Build Binary Swap,ATTACK,REJECTED,PROVENANCE,PROVENANCE,true,0
2,1846,Artifact: Post-Build Binary Swap,ATTACK,REJECTED,PROVENANCE,PROVENANCE,true,0
2,1847,Artifact: Post-Build Binary Swap,ATTACK,REJECTED,PROVENANCE,PROVENANCE,true,0
2,1848,Artifact: Post-Build Binary Swap,ATTACK,REJECTED,PROVENANCE,PROVENANCE,true,0
2,1849,Artifact: Post-Build Binary Swap,ATTACK,REJECTED,PROVENANCE,PROVENANCE,true,0
2,1850,Artifact: Post-Build Binary Swap,ATTACK,REJECTED,PROVENANCE,PROVENANCE,true,0
2,1851,Artifact: Appended Trailing Overlay Payload,ATTACK,REJECTED,PROVENANCE,PROVENANCE,true,0
2,1852,Artifact: Appended Trailing Overlay Payload,ATTACK,REJECTED,PROVENANCE,PROVENANCE,true,0
2,1853,Artifact: Appended Trailing Overlay Payload,ATTACK,REJECTED,PROVENANCE,PROVENANCE,true,0
2,1854,Artifact: Appended Trailing Overlay Payload,ATTACK,REJECTED,PROVENANCE,PROVENANCE,true,0
2,1855,Artifact: Appended Trailing Overlay Payload,ATTACK,REJECTED,PROVENANCE,PROVENANCE,true,0
2,1856,Artifact: Appended Trailing Overlay Payload,ATTACK,REJECTED,PROVENANCE,PROVENANCE,true,0
2,1857,Artifact: Appended Trailing Overlay Payload,ATTACK,REJECTED,PROVENANCE,PROVENANCE,true,0
2,1858,Artifact: Appended Trailing Overlay Payload,ATTACK,REJECTED,PROVENANCE,PROVENANCE,true,0
2,1859,Artifact: Appended Trailing Overlay Payload,ATTACK,REJECTED,PROVENANCE,PROVENANCE,true,0
2,1860,Artifact: Appended Trailing Overlay Payload,ATTACK,REJECTED,PROVENANCE,PROVENANCE,true,0
2,1861,Artifact: Appended Trailing Overlay Payload,ATTACK,REJECTED,PROVENANCE,PROVENANCE,true,0
2,1862,Artifact: Appended Trailing Overlay Payload,ATTACK,REJECTED,PROVENANCE,PROVENANCE,true,0
2,1863,Artifact: Appended Trailing Overlay Payload,ATTACK,REJECTED,PROVENANCE,PROVENANCE,true,0
2,1864,Artifact: Appended Trailing Overlay Payload,ATTACK,REJECTED,PROVENANCE,PROVENANCE,true,0
2,1865,Artifact: Appended Trailing Overlay Payload,ATTACK,REJECTED,PROVENANCE,PROVENANCE,true,0
2,1866,Artifact: Appended Trailing Overlay Payload,ATTACK,REJECTED,PROVENANCE,PROVENANCE,true,0
2,1867,Artifact: Appended Trailing Overlay Payload,ATTACK,REJECTED,PROVENANCE,PROVENANCE,true,0
2,1868,Artifact: Appended Trailing Overlay Payload,ATTACK,REJECTED,PROVENANCE,PROVENANCE,true,0
2,1869,Artifact: Appended Trailing Overlay Payload,ATTACK,REJECTED,PROVENANCE,PROVENANCE,true,0
2,1870,Artifact: Appended Trailing Overlay Payload,ATTACK,REJECTED,PROVENANCE,PROVENANCE,true,0
2,1871,Artifact: Appended Trailing Overlay Payload,ATTACK,REJECTED,PROVENANCE,PROVENANCE,true,0
2,1872,Artifact: Appended Trailing Overlay Payload,ATTACK,REJECTED,PROVENANCE,PROVENANCE,true,0
2,1873,Artifact: Appended Trailing Overlay Payload,ATTACK,REJECTED,PROVENANCE,PROVENANCE,true,1005
2,1874,Artifact: Appended Trailing Overlay Payload,ATTACK,REJECTED,PROVENANCE,PROVENANCE,true,0
2,1875,Artifact: Appended Trailing Overlay Payload,ATTACK,REJECTED,PROVENANCE,PROVENANCE,true,0
2,1876,Artifact: Appended Trailing Overlay Payload,ATTACK,REJECTED,PROVENANCE,PROVENANCE,true,0
2,1877,Artifact: Appended Trailing Overlay Payload,ATTACK,REJECTED,PROVENANCE,PROVENANCE,true,0
2,1878,Artifact: Appended Trailing Overlay Payload,ATTACK,REJECTED,PROVENANCE,PROVENANCE,true,0
2,1879,Artifact: Appended Trailing Overlay Payload,ATTACK,REJECTED,PROVENANCE,PROVENANCE,true,0
2,1880,Artifact: Appended Trailing Overlay Payload,ATTACK,REJECTED,PROVENANCE,PROVENANCE,true,0
2,1881,Artifact: Appended Trailing Overlay Payload,ATTACK,REJECTED,PROVENANCE,PROVENANCE,true,0
2,1882,Artifact: Appended Trailing Overlay Payload,ATTACK,REJECTED,PROVENANCE,PROVENANCE,true,0
2,1883,Artifact: Appended Trailing Overlay Payload,ATTACK,REJECTED,PROVENANCE,PROVENANCE,true,0
2,1884,Artifact: Appended Trailing Overlay Payload,ATTACK,REJECTED,PROVENANCE,PROVENANCE,true,0
2,1885,Artifact: Appended Trailing Overlay Payload,ATTACK,REJECTED,PROVENANCE,PROVENANCE,true,0
2,1886,Artifact: Appended Trailing Overlay Payload,ATTACK,REJECTED,PROVENANCE,PROVENANCE,true,0
2,1887,Artifact: Appended Trailing Overlay Payload,ATTACK,REJECTED,PROVENANCE,PROVENANCE,true,0
2,1888,Artifact: Appended Trailing Overlay Payload,ATTACK,REJECTED,PROVENANCE,PROVENANCE,true,0
2,1889,Artifact: Appended Trailing Overlay Payload,ATTACK,REJECTED,PROVENANCE,PROVENANCE,true,0
2,1890,Artifact: Appended Trailing Overlay Payload,ATTACK,REJECTED,PROVENANCE,PROVENANCE,true,0
2,1891,Artifact: Appended Trailing Overlay Payload,ATTACK,REJECTED,PROVENANCE,PROVENANCE,true,0
2,1892,Artifact: Appended Trailing Overlay Payload,ATTACK,REJECTED,PROVENANCE,PROVENANCE,true,0
2,1893,Artifact: Appended Trailing Overlay Payload,ATTACK,REJECTED,PROVENANCE,PROVENANCE,true,0
2,1894,Artifact: Appended Trailing Overlay Payload,ATTACK,REJECTED,PROVENANCE,PROVENANCE,true,0
2,1895,Artifact: Appended Trailing Overlay Payload,ATTACK,REJECTED,PROVENANCE,PROVENANCE,true,0
2,1896,Artifact: Appended Trailing Overlay Payload,ATTACK,REJECTED,PROVENANCE,PROVENANCE,true,0
2,1897,Artifact: Appended Trailing Overlay Payload,ATTACK,REJECTED,PROVENANCE,PROVENANCE,true,0
2,1898,Artifact: Appended Trailing Overlay Payload,ATTACK,REJECTED,PROVENANCE,PROVENANCE,true,0
2,1899,Artifact: Appended Trailing Overlay Payload,ATTACK,REJECTED,PROVENANCE,PROVENANCE,true,0
2,1900,Artifact: Appended Trailing Overlay Payload,ATTACK,REJECTED,PROVENANCE,PROVENANCE,true,0
2,1901,SBOM: Stealth Transitive Component Omission,ATTACK,REJECTED,SBOM,SBOM,true,0
2,1902,SBOM: Stealth Transitive Component Omission,ATTACK,REJECTED,SBOM,SBOM,true,0
2,1903,SBOM: Stealth Transitive Component Omission,ATTACK,REJECTED,SBOM,SBOM,true,0
2,1904,SBOM: Stealth Transitive Component Omission,ATTACK,REJECTED,SBOM,SBOM,true,0
2,1905,SBOM: Stealth Transitive Component Omission,ATTACK,REJECTED,SBOM,SBOM,true,0
2,1906,SBOM: Stealth Transitive Component Omission,ATTACK,REJECTED,SBOM,SBOM,true,0
2,1907,SBOM: Stealth Transitive Component Omission,ATTACK,REJECTED,SBOM,SBOM,true,0
2,1908,SBOM: Stealth Transitive Component Omission,ATTACK,REJECTED,SBOM,SBOM,true,0
2,1909,SBOM: Stealth Transitive Component Omission,ATTACK,REJECTED,SBOM,SBOM,true,0
2,1910,SBOM: Stealth Transitive Component Omission,ATTACK,REJECTED,SBOM,SBOM,true,0
2,1911,SBOM: Stealth Transitive Component Omission,ATTACK,REJECTED,SBOM,SBOM,true,0
2,1912,SBOM: Stealth Transitive Component Omission,ATTACK,REJECTED,SBOM,SBOM,true,0
2,1913,SBOM: Stealth Transitive Component Omission,ATTACK,REJECTED,SBOM,SBOM,true,0
2,1914,SBOM: Stealth Transitive Component Omission,ATTACK,REJECTED,SBOM,SBOM,true,0
2,1915,SBOM: Stealth Transitive Component Omission,ATTACK,REJECTED,SBOM,SBOM,true,0
2,1916,SBOM: Stealth Transitive Component Omission,ATTACK,REJECTED,SBOM,SBOM,true,0
2,1917,SBOM: Stealth Transitive Component Omission,ATTACK,REJECTED,SBOM,SBOM,true,0
2,1918,SBOM: Stealth Transitive Component Omission,ATTACK,REJECTED,SBOM,SBOM,true,0
2,1919,SBOM: Stealth Transitive Component Omission,ATTACK,REJECTED,SBOM,SBOM,true,0
2,1920,SBOM: Stealth Transitive Component Omission,ATTACK,REJECTED,SBOM,SBOM,true,0
2,1921,SBOM: Stealth Transitive Component Omission,ATTACK,REJECTED,SBOM,SBOM,true,0
2,1922,SBOM: Stealth Transitive Component Omission,ATTACK,REJECTED,SBOM,SBOM,true,0
2,1923,SBOM: Stealth Transitive Component Omission,ATTACK,REJECTED,SBOM,SBOM,true,0
2,1924,SBOM: Stealth Transitive Component Omission,ATTACK,REJECTED,SBOM,SBOM,true,0
2,1925,SBOM: Stealth Transitive Component Omission,ATTACK,REJECTED,SBOM,SBOM,true,0
2,1926,SBOM: Stealth Transitive Component Omission,ATTACK,REJECTED,SBOM,SBOM,true,0
2,1927,SBOM: Stealth Transitive Component Omission,ATTACK,REJECTED,SBOM,SBOM,true,0
2,1928,SBOM: Stealth Transitive Component Omission,ATTACK,REJECTED,SBOM,SBOM,true,0
2,1929,SBOM: Stealth Transitive Component Omission,ATTACK,REJECTED,SBOM,SBOM,true,0
2,1930,SBOM: Stealth Transitive Component Omission,ATTACK,REJECTED,SBOM,SBOM,true,0
2,1931,SBOM: Stealth Transitive Component Omission,ATTACK,REJECTED,SBOM,SBOM,true,0
2,1932,SBOM: Stealth Transitive Component Omission,ATTACK,REJECTED,SBOM,SBOM,true,0
2,1933,SBOM: Stealth Transitive Component Omission,ATTACK,REJECTED,SBOM,SBOM,true,0
2,1934,SBOM: Stealth Transitive Component Omission,ATTACK,REJECTED,SBOM,SBOM,true,0
2,1935,SBOM: Stealth Transitive Component Omission,ATTACK,REJECTED,SBOM,SBOM,true,0
2,1936,SBOM: Stealth Transitive Component Omission,ATTACK,REJECTED,SBOM,SBOM,true,0
2,1937,SBOM: Stealth Transitive Component Omission,ATTACK,REJECTED,SBOM,SBOM,true,0
2,1938,SBOM: Stealth Transitive Component Omission,ATTACK,REJECTED,SBOM,SBOM,true,0
2,1939,SBOM: Stealth Transitive Component Omission,ATTACK,REJECTED,SBOM,SBOM,true,0
2,1940,SBOM: Stealth Transitive Component Omission,ATTACK,REJECTED,SBOM,SBOM,true,0
2,1941,SBOM: Stealth Transitive Component Omission,ATTACK,REJECTED,SBOM,SBOM,true,0
2,1942,SBOM: Stealth Transitive Component Omission,ATTACK,REJECTED,SBOM,SBOM,true,0
2,1943,SBOM: Stealth Transitive Component Omission,ATTACK,REJECTED,SBOM,SBOM,true,0
2,1944,SBOM: Stealth Transitive Component Omission,ATTACK,REJECTED,SBOM,SBOM,true,0
2,1945,SBOM: Stealth Transitive Component Omission,ATTACK,REJECTED,SBOM,SBOM,true,0
2,1946,SBOM: Stealth Transitive Component Omission,ATTACK,REJECTED,SBOM,SBOM,true,0
2,1947,SBOM: Stealth Transitive Component Omission,ATTACK,REJECTED,SBOM,SBOM,true,0
2,1948,SBOM: Stealth Transitive Component Omission,ATTACK,REJECTED,SBOM,SBOM,true,0
2,1949,SBOM: Stealth Transitive Component Omission,ATTACK,REJECTED,SBOM,SBOM,true,0
2,1950,SBOM: Stealth Transitive Component Omission,ATTACK,REJECTED,SBOM,SBOM,true,0
2,1951,Provenance: Stale Attestation Replay Attack,ATTACK,REJECTED,PROVENANCE,PROVENANCE,true,0
2,1952,Provenance: Stale Attestation Replay Attack,ATTACK,REJECTED,PROVENANCE,PROVENANCE,true,0
2,1953,Provenance: Stale Attestation Replay Attack,ATTACK,REJECTED,PROVENANCE,PROVENANCE,true,0
2,1954,Provenance: Stale Attestation Replay Attack,ATTACK,REJECTED,PROVENANCE,PROVENANCE,true,0
2,1955,Provenance: Stale Attestation Replay Attack,ATTACK,REJECTED,PROVENANCE,PROVENANCE,true,0
2,1956,Provenance: Stale Attestation Replay Attack,ATTACK,REJECTED,PROVENANCE,PROVENANCE,true,0
2,1957,Provenance: Stale Attestation Replay Attack,ATTACK,REJECTED,PROVENANCE,PROVENANCE,true,0
2,1958,Provenance: Stale Attestation Replay Attack,ATTACK,REJECTED,PROVENANCE,PROVENANCE,true,1000
2,1959,Provenance: Stale Attestation Replay Attack,ATTACK,REJECTED,PROVENANCE,PROVENANCE,true,0
2,1960,Provenance: Stale Attestation Replay Attack,ATTACK,REJECTED,PROVENANCE,PROVENANCE,true,0
2,1961,Provenance: Stale Attestation Replay Attack,ATTACK,REJECTED,PROVENANCE,PROVENANCE,true,0
2,1962,Provenance: Stale Attestation Replay Attack,ATTACK,REJECTED,PROVENANCE,PROVENANCE,true,0
2,1963,Provenance: Stale Attestation Replay Attack,ATTACK,REJECTED,PROVENANCE,PROVENANCE,true,0
2,1964,Provenance: Stale Attestation Replay Attack,ATTACK,REJECTED,PROVENANCE,PROVENANCE,true,0
2,1965,Provenance: Stale Attestation Replay Attack,ATTACK,REJECTED,PROVENANCE,PROVENANCE,true,0
2,1966,Provenance: Stale Attestation Replay Attack,ATTACK,REJECTED,PROVENANCE,PROVENANCE,true,0
2,1967,Provenance: Stale Attestation Replay Attack,ATTACK,REJECTED,PROVENANCE,PROVENANCE,true,0
2,1968,Provenance: Stale Attestation Replay Attack,ATTACK,REJECTED,PROVENANCE,PROVENANCE,true,0
2,1969,Provenance: Stale Attestation Replay Attack,ATTACK,REJECTED,PROVENANCE,PROVENANCE,true,0
2,1970,Provenance: Stale Attestation Replay Attack,ATTACK,REJECTED,PROVENANCE,PROVENANCE,true,0
2,1971,Provenance: Stale Attestation Replay Attack,ATTACK,REJECTED,PROVENANCE,PROVENANCE,true,0
2,1972,Provenance: Stale Attestation Replay Attack,ATTACK,REJECTED,PROVENANCE,PROVENANCE,true,0
2,1973,Provenance: Stale Attestation Replay Attack,ATTACK,REJECTED,PROVENANCE,PROVENANCE,true,0
2,1974,Provenance: Stale Attestation Replay Attack,ATTACK,REJECTED,PROVENANCE,PROVENANCE,true,0
2,1975,Provenance: Stale Attestation Replay Attack,ATTACK,REJECTED,PROVENANCE,PROVENANCE,true,0
2,1976,Provenance: Stale Attestation Replay Attack,ATTACK,REJECTED,PROVENANCE,PROVENANCE,true,0
2,1977,Provenance: Stale Attestation Replay Attack,ATTACK,REJECTED,PROVENANCE,PROVENANCE,true,0
2,1978,Provenance: Stale Attestation Replay Attack,ATTACK,REJECTED,PROVENANCE,PROVENANCE,true,0
2,1979,Provenance: Stale Attestation Replay Attack,ATTACK,REJECTED,PROVENANCE,PROVENANCE,true,0
2,1980,Provenance: Stale Attestation Replay Attack,ATTACK,REJECTED,PROVENANCE,PROVENANCE,true,0
2,1981,Provenance: Stale Attestation Replay Attack,ATTACK,REJECTED,PROVENANCE,PROVENANCE,true,0
2,1982,Provenance: Stale Attestation Replay Attack,ATTACK,REJECTED,PROVENANCE,PROVENANCE,true,0
2,1983,Provenance: Stale Attestation Replay Attack,ATTACK,REJECTED,PROVENANCE,PROVENANCE,true,0
2,1984,Provenance: Stale Attestation Replay Attack,ATTACK,REJECTED,PROVENANCE,PROVENANCE,true,0
2,1985,Provenance: Stale Attestation Replay Attack,ATTACK,REJECTED,PROVENANCE,PROVENANCE,true,0
2,1986,Provenance: Stale Attestation Replay Attack,ATTACK,REJECTED,PROVENANCE,PROVENANCE,true,0
2,1987,Provenance: Stale Attestation Replay Attack,ATTACK,REJECTED,PROVENANCE,PROVENANCE,true,0
2,1988,Provenance: Stale Attestation Replay Attack,ATTACK,REJECTED,PROVENANCE,PROVENANCE,true,0
2,1989,Provenance: Stale Attestation Replay Attack,ATTACK,REJECTED,PROVENANCE,PROVENANCE,true,0
2,1990,Provenance: Stale Attestation Replay Attack,ATTACK,REJECTED,PROVENANCE,PROVENANCE,true,0
2,1991,Provenance: Stale Attestation Replay Attack,ATTACK,REJECTED,PROVENANCE,PROVENANCE,true,0
2,1992,Provenance: Stale Attestation Replay Attack,ATTACK,REJECTED,PROVENANCE,PROVENANCE,true,0
2,1993,Provenance: Stale Attestation Replay Attack,ATTACK,REJECTED,PROVENANCE,PROVENANCE,true,0
2,1994,Provenance: Stale Attestation Replay Attack,ATTACK,REJECTED,PROVENANCE,PROVENANCE,true,0
2,1995,Provenance: Stale Attestation Replay Attack,ATTACK,REJECTED,PROVENANCE,PROVENANCE,true,0
2,1996,Provenance: Stale Attestation Replay Attack,ATTACK,REJECTED,PROVENANCE,PROVENANCE,true,0
2,1997,Provenance: Stale Attestation Replay Attack,ATTACK,REJECTED,PROVENANCE,PROVENANCE,true,0
2,1998,Provenance: Stale Attestation Replay Attack,ATTACK,REJECTED,PROVENANCE,PROVENANCE,true,0
2,1999,Provenance: Stale Attestation Replay Attack,ATTACK,REJECTED,PROVENANCE,PROVENANCE,true,0
2,2000,Provenance: Stale Attestation Replay Attack,ATTACK,REJECTED,PROVENANCE,PROVENANCE,true,0
2,2001,Provenance: Intermediate Digest Masking,ATTACK,REJECTED,PROVENANCE,PROVENANCE,true,0
2,2002,Provenance: Intermediate Digest Masking,ATTACK,REJECTED,PROVENANCE,PROVENANCE,true,0
2,2003,Provenance: Intermediate Digest Masking,ATTACK,REJECTED,PROVENANCE,PROVENANCE,true,0
2,2004,Provenance: Intermediate Digest Masking,ATTACK,REJECTED,PROVENANCE,PROVENANCE,true,0
2,2005,Provenance: Intermediate Digest Masking,ATTACK,REJECTED,PROVENANCE,PROVENANCE,true,0
2,2006,Provenance: Intermediate Digest Masking,ATTACK,REJECTED,PROVENANCE,PROVENANCE,true,0
2,2007,Provenance: Intermediate Digest Masking,ATTACK,REJECTED,PROVENANCE,PROVENANCE,true,0
2,2008,Provenance: Intermediate Digest Masking,ATTACK,REJECTED,PROVENANCE,PROVENANCE,true,0
2,2009,Provenance: Intermediate Digest Masking,ATTACK,REJECTED,PROVENANCE,PROVENANCE,true,0
2,2010,Provenance: Intermediate Digest Masking,ATTACK,REJECTED,PROVENANCE,PROVENANCE,true,0
2,2011,Provenance: Intermediate Digest Masking,ATTACK,REJECTED,PROVENANCE,PROVENANCE,true,0
2,2012,Provenance: Intermediate Digest Masking,ATTACK,REJECTED,PROVENANCE,PROVENANCE,true,0
2,2013,Provenance: Intermediate Digest Masking,ATTACK,REJECTED,PROVENANCE,PROVENANCE,true,0
2,2014,Provenance: Intermediate Digest Masking,ATTACK,REJECTED,PROVENANCE,PROVENANCE,true,0
2,2015,Provenance: Intermediate Digest Masking,ATTACK,REJECTED,PROVENANCE,PROVENANCE,true,0
2,2016,Provenance: Intermediate Digest Masking,ATTACK,REJECTED,PROVENANCE,PROVENANCE,true,0
2,2017,Provenance: Intermediate Digest Masking,ATTACK,REJECTED,PROVENANCE,PROVENANCE,true,0
2,2018,Provenance: Intermediate Digest Masking,ATTACK,REJECTED,PROVENANCE,PROVENANCE,true,1000
2,2019,Provenance: Intermediate Digest Masking,ATTACK,REJECTED,PROVENANCE,PROVENANCE,true,0
2,2020,Provenance: Intermediate Digest Masking,ATTACK,REJECTED,PROVENANCE,PROVENANCE,true,0
2,2021,Provenance: Intermediate Digest Masking,ATTACK,REJECTED,PROVENANCE,PROVENANCE,true,0
2,2022,Provenance: Intermediate Digest Masking,ATTACK,REJECTED,PROVENANCE,PROVENANCE,true,0
2,2023,Provenance: Intermediate Digest Masking,ATTACK,REJECTED,PROVENANCE,PROVENANCE,true,0
2,2024,Provenance: Intermediate Digest Masking,ATTACK,REJECTED,PROVENANCE,PROVENANCE,true,0
2,2025,Provenance: Intermediate Digest Masking,ATTACK,REJECTED,PROVENANCE,PROVENANCE,true,0
2,2026,Provenance: Intermediate Digest Masking,ATTACK,REJECTED,PROVENANCE,PROVENANCE,true,0
2,2027,Provenance: Intermediate Digest Masking,ATTACK,REJECTED,PROVENANCE,PROVENANCE,true,0
2,2028,Provenance: Intermediate Digest Masking,ATTACK,REJECTED,PROVENANCE,PROVENANCE,true,0
2,2029,Provenance: Intermediate Digest Masking,ATTACK,REJECTED,PROVENANCE,PROVENANCE,true,0
2,2030,Provenance: Intermediate Digest Masking,ATTACK,REJECTED,PROVENANCE,PROVENANCE,true,0
2,2031,Provenance: Intermediate Digest Masking,ATTACK,REJECTED,PROVENANCE,PROVENANCE,true,0
2,2032,Provenance: Intermediate Digest Masking,ATTACK,REJECTED,PROVENANCE,PROVENANCE,true,0
2,2033,Provenance: Intermediate Digest Masking,ATTACK,REJECTED,PROVENANCE,PROVENANCE,true,0
2,2034,Provenance: Intermediate Digest Masking,ATTACK,REJECTED,PROVENANCE,PROVENANCE,true,0
2,2035,Provenance: Intermediate Digest Masking,ATTACK,REJECTED,PROVENANCE,PROVENANCE,true,0
2,2036,Provenance: Intermediate Digest Masking,ATTACK,REJECTED,PROVENANCE,PROVENANCE,true,0
2,2037,Provenance: Intermediate Digest Masking,ATTACK,REJECTED,PROVENANCE,PROVENANCE,true,0
2,2038,Provenance: Intermediate Digest Masking,ATTACK,REJECTED,PROVENANCE,PROVENANCE,true,0
2,2039,Provenance: Intermediate Digest Masking,ATTACK,REJECTED,PROVENANCE,PROVENANCE,true,0
2,2040,Provenance: Intermediate Digest Masking,ATTACK,REJECTED,PROVENANCE,PROVENANCE,true,0
2,2041,Provenance: Intermediate Digest Masking,ATTACK,REJECTED,PROVENANCE,PROVENANCE,true,0
2,2042,Provenance: Intermediate Digest Masking,ATTACK,REJECTED,PROVENANCE,PROVENANCE,true,0
2,2043,Provenance: Intermediate Digest Masking,ATTACK,REJECTED,PROVENANCE,PROVENANCE,true,0
2,2044,Provenance: Intermediate Digest Masking,ATTACK,REJECTED,PROVENANCE,PROVENANCE,true,0
2,2045,Provenance: Intermediate Digest Masking,ATTACK,REJECTED,PROVENANCE,PROVENANCE,true,0
2,2046,Provenance: Intermediate Digest Masking,ATTACK,REJECTED,PROVENANCE,PROVENANCE,true,0
2,2047,Provenance: Intermediate Digest Masking,ATTACK,REJECTED,PROVENANCE,PROVENANCE,true,0
2,2048,Provenance: Intermediate Digest Masking,ATTACK,REJECTED,PROVENANCE,PROVENANCE,true,0
2,2049,Provenance: Intermediate Digest Masking,ATTACK,REJECTED,PROVENANCE,PROVENANCE,true,0
2,2050,Provenance: Intermediate Digest Masking,ATTACK,REJECTED,PROVENANCE,PROVENANCE,true,0
2,2051,Signature: Foreign Key from Untrusted Store,ATTACK,REJECTED,SIGNATURE,SIGNATURE,true,0
2,2052,Signature: Foreign Key from Untrusted Store,ATTACK,REJECTED,SIGNATURE,SIGNATURE,true,0
2,2053,Signature: Foreign Key from Untrusted Store,ATTACK,REJECTED,SIGNATURE,SIGNATURE,true,0
2,2054,Signature: Foreign Key from Untrusted Store,ATTACK,REJECTED,SIGNATURE,SIGNATURE,true,0
2,2055,Signature: Foreign Key from Untrusted Store,ATTACK,REJECTED,SIGNATURE,SIGNATURE,true,0
2,2056,Signature: Foreign Key from Untrusted Store,ATTACK,REJECTED,SIGNATURE,SIGNATURE,true,0
2,2057,Signature: Foreign Key from Untrusted Store,ATTACK,REJECTED,SIGNATURE,SIGNATURE,true,0
2,2058,Signature: Foreign Key from Untrusted Store,ATTACK,REJECTED,SIGNATURE,SIGNATURE,true,0
2,2059,Signature: Foreign Key from Untrusted Store,ATTACK,REJECTED,SIGNATURE,SIGNATURE,true,0
2,2060,Signature: Foreign Key from Untrusted Store,ATTACK,REJECTED,SIGNATURE,SIGNATURE,true,0
2,2061,Signature: Foreign Key from Untrusted Store,ATTACK,REJECTED,SIGNATURE,SIGNATURE,true,0
2,2062,Signature: Foreign Key from Untrusted Store,ATTACK,REJECTED,SIGNATURE,SIGNATURE,true,0
2,2063,Signature: Foreign Key from Untrusted Store,ATTACK,REJECTED,SIGNATURE,SIGNATURE,true,503
2,2064,Signature: Foreign Key from Untrusted Store,ATTACK,REJECTED,SIGNATURE,SIGNATURE,true,0
2,2065,Signature: Foreign Key from Untrusted Store,ATTACK,REJECTED,SIGNATURE,SIGNATURE,true,0
2,2066,Signature: Foreign Key from Untrusted Store,ATTACK,REJECTED,SIGNATURE,SIGNATURE,true,0
2,2067,Signature: Foreign Key from Untrusted Store,ATTACK,REJECTED,SIGNATURE,SIGNATURE,true,0
2,2068,Signature: Foreign Key from Untrusted Store,ATTACK,REJECTED,SIGNATURE,SIGNATURE,true,0
2,2069,Signature: Foreign Key from Untrusted Store,ATTACK,REJECTED,SIGNATURE,SIGNATURE,true,0
2,2070,Signature: Foreign Key from Untrusted Store,ATTACK,REJECTED,SIGNATURE,SIGNATURE,true,0
2,2071,Signature: Foreign Key from Untrusted Store,ATTACK,REJECTED,SIGNATURE,SIGNATURE,true,0
2,2072,Signature: Foreign Key from Untrusted Store,ATTACK,REJECTED,SIGNATURE,SIGNATURE,true,0
2,2073,Signature: Foreign Key from Untrusted Store,ATTACK,REJECTED,SIGNATURE,SIGNATURE,true,0
2,2074,Signature: Foreign Key from Untrusted Store,ATTACK,REJECTED,SIGNATURE,SIGNATURE,true,0
2,2075,Signature: Foreign Key from Untrusted Store,ATTACK,REJECTED,SIGNATURE,SIGNATURE,true,0
2,2076,Signature: Foreign Key from Untrusted Store,ATTACK,REJECTED,SIGNATURE,SIGNATURE,true,0
2,2077,Signature: Foreign Key from Untrusted Store,ATTACK,REJECTED,SIGNATURE,SIGNATURE,true,0
2,2078,Signature: Foreign Key from Untrusted Store,ATTACK,REJECTED,SIGNATURE,SIGNATURE,true,0
2,2079,Signature: Foreign Key from Untrusted Store,ATTACK,REJECTED,SIGNATURE,SIGNATURE,true,0
2,2080,Signature: Foreign Key from Untrusted Store,ATTACK,REJECTED,SIGNATURE,SIGNATURE,true,0
2,2081,Signature: Foreign Key from Untrusted Store,ATTACK,REJECTED,SIGNATURE,SIGNATURE,true,0
2,2082,Signature: Foreign Key from Untrusted Store,ATTACK,REJECTED,SIGNATURE,SIGNATURE,true,0
2,2083,Signature: Foreign Key from Untrusted Store,ATTACK,REJECTED,SIGNATURE,SIGNATURE,true,0
2,2084,Signature: Foreign Key from Untrusted Store,ATTACK,REJECTED,SIGNATURE,SIGNATURE,true,0
2,2085,Signature: Foreign Key from Untrusted Store,ATTACK,REJECTED,SIGNATURE,SIGNATURE,true,0
2,2086,Signature: Foreign Key from Untrusted Store,ATTACK,REJECTED,SIGNATURE,SIGNATURE,true,0
2,2087,Signature: Foreign Key from Untrusted Store,ATTACK,REJECTED,SIGNATURE,SIGNATURE,true,0
2,2088,Signature: Foreign Key from Untrusted Store,ATTACK,REJECTED,SIGNATURE,SIGNATURE,true,0
2,2089,Signature: Foreign Key from Untrusted Store,ATTACK,REJECTED,SIGNATURE,SIGNATURE,true,0
2,2090,Signature: Foreign Key from Untrusted Store,ATTACK,REJECTED,SIGNATURE,SIGNATURE,true,0
2,2091,Signature: Foreign Key from Untrusted Store,ATTACK,REJECTED,SIGNATURE,SIGNATURE,true,0
2,2092,Signature: Foreign Key from Untrusted Store,ATTACK,REJECTED,SIGNATURE,SIGNATURE,true,0
2,2093,Signature: Foreign Key from Untrusted Store,ATTACK,REJECTED,SIGNATURE,SIGNATURE,true,0
2,2094,Signature: Foreign Key from Untrusted Store,ATTACK,REJECTED,SIGNATURE,SIGNATURE,true,0
2,2095,Signature: Foreign Key from Untrusted Store,ATTACK,REJECTED,SIGNATURE,SIGNATURE,true,0
2,2096,Signature: Foreign Key from Untrusted Store,ATTACK,REJECTED,SIGNATURE,SIGNATURE,true,0
2,2097,Signature: Foreign Key from Untrusted Store,ATTACK,REJECTED,SIGNATURE,SIGNATURE,true,0
2,2098,Signature: Foreign Key from Untrusted Store,ATTACK,REJECTED,SIGNATURE,SIGNATURE,true,0
2,2099,Signature: Foreign Key from Untrusted Store,ATTACK,REJECTED,SIGNATURE,SIGNATURE,true,0
2,2100,Signature: Foreign Key from Untrusted Store,ATTACK,REJECTED,SIGNATURE,SIGNATURE,true,0
2,2101,Temporal: Impossible Causality Inversion,ATTACK,REJECTED,PROVENANCE,PROVENANCE,true,0
2,2102,Temporal: Impossible Causality Inversion,ATTACK,REJECTED,PROVENANCE,PROVENANCE,true,0
2,2103,Temporal: Impossible Causality Inversion,ATTACK,REJECTED,PROVENANCE,PROVENANCE,true,0
2,2104,Temporal: Impossible Causality Inversion,ATTACK,REJECTED,PROVENANCE,PROVENANCE,true,0
2,2105,Temporal: Impossible Causality Inversion,ATTACK,REJECTED,PROVENANCE,PROVENANCE,true,0
2,2106,Temporal: Impossible Causality Inversion,ATTACK,REJECTED,PROVENANCE,PROVENANCE,true,0
2,2107,Temporal: Impossible Causality Inversion,ATTACK,REJECTED,PROVENANCE,PROVENANCE,true,0
2,2108,Temporal: Impossible Causality Inversion,ATTACK,REJECTED,PROVENANCE,PROVENANCE,true,0
2,2109,Temporal: Impossible Causality Inversion,ATTACK,REJECTED,PROVENANCE,PROVENANCE,true,0
2,2110,Temporal: Impossible Causality Inversion,ATTACK,REJECTED,PROVENANCE,PROVENANCE,true,0
2,2111,Temporal: Impossible Causality Inversion,ATTACK,REJECTED,PROVENANCE,PROVENANCE,true,0
2,2112,Temporal: Impossible Causality Inversion,ATTACK,REJECTED,PROVENANCE,PROVENANCE,true,0
2,2113,Temporal: Impossible Causality Inversion,ATTACK,REJECTED,PROVENANCE,PROVENANCE,true,0
2,2114,Temporal: Impossible Causality Inversion,ATTACK,REJECTED,PROVENANCE,PROVENANCE,true,0
2,2115,Temporal: Impossible Causality Inversion,ATTACK,REJECTED,PROVENANCE,PROVENANCE,true,0
2,2116,Temporal: Impossible Causality Inversion,ATTACK,REJECTED,PROVENANCE,PROVENANCE,true,0
2,2117,Temporal: Impossible Causality Inversion,ATTACK,REJECTED,PROVENANCE,PROVENANCE,true,0
2,2118,Temporal: Impossible Causality Inversion,ATTACK,REJECTED,PROVENANCE,PROVENANCE,true,0
2,2119,Temporal: Impossible Causality Inversion,ATTACK,REJECTED,PROVENANCE,PROVENANCE,true,0
2,2120,Temporal: Impossible Causality Inversion,ATTACK,REJECTED,PROVENANCE,PROVENANCE,true,0
2,2121,Temporal: Impossible Causality Inversion,ATTACK,REJECTED,PROVENANCE,PROVENANCE,true,0
2,2122,Temporal: Impossible Causality Inversion,ATTACK,REJECTED,PROVENANCE,PROVENANCE,true,0
2,2123,Temporal: Impossible Causality Inversion,ATTACK,REJECTED,PROVENANCE,PROVENANCE,true,0
2,2124,Temporal: Impossible Causality Inversion,ATTACK,REJECTED,PROVENANCE,PROVENANCE,true,0
2,2125,Temporal: Impossible Causality Inversion,ATTACK,REJECTED,PROVENANCE,PROVENANCE,true,0
2,2126,Temporal: Impossible Causality Inversion,ATTACK,REJECTED,PROVENANCE,PROVENANCE,true,0
2,2127,Temporal: Impossible Causality Inversion,ATTACK,REJECTED,PROVENANCE,PROVENANCE,true,0
2,2128,Temporal: Impossible Causality Inversion,ATTACK,REJECTED,PROVENANCE,PROVENANCE,true,0
2,2129,Temporal: Impossible Causality Inversion,ATTACK,REJECTED,PROVENANCE,PROVENANCE,true,0
2,2130,Temporal: Impossible Causality Inversion,ATTACK,REJECTED,PROVENANCE,PROVENANCE,true,0
2,2131,Temporal: Impossible Causality Inversion,ATTACK,REJECTED,PROVENANCE,PROVENANCE,true,0
2,2132,Temporal: Impossible Causality Inversion,ATTACK,REJECTED,PROVENANCE,PROVENANCE,true,0
2,2133,Temporal: Impossible Causality Inversion,ATTACK,REJECTED,PROVENANCE,PROVENANCE,true,0
2,2134,Temporal: Impossible Causality Inversion,ATTACK,REJECTED,PROVENANCE,PROVENANCE,true,0
2,2135,Temporal: Impossible Causality Inversion,ATTACK,REJECTED,PROVENANCE,PROVENANCE,true,0
2,2136,Temporal: Impossible Causality Inversion,ATTACK,REJECTED,PROVENANCE,PROVENANCE,true,0
2,2137,Temporal: Impossible Causality Inversion,ATTACK,REJECTED,PROVENANCE,PROVENANCE,true,0
2,2138,Temporal: Impossible Causality Inversion,ATTACK,REJECTED,PROVENANCE,PROVENANCE,true,0
2,2139,Temporal: Impossible Causality Inversion,ATTACK,REJECTED,PROVENANCE,PROVENANCE,true,0
2,2140,Temporal: Impossible Causality Inversion,ATTACK,REJECTED,PROVENANCE,PROVENANCE,true,0
2,2141,Temporal: Impossible Causality Inversion,ATTACK,REJECTED,PROVENANCE,PROVENANCE,true,0
2,2142,Temporal: Impossible Causality Inversion,ATTACK,REJECTED,PROVENANCE,PROVENANCE,true,0
2,2143,Temporal: Impossible Causality Inversion,ATTACK,REJECTED,PROVENANCE,PROVENANCE,true,0
2,2144,Temporal: Impossible Causality Inversion,ATTACK,REJECTED,PROVENANCE,PROVENANCE,true,0
2,2145,Temporal: Impossible Causality Inversion,ATTACK,REJECTED,PROVENANCE,PROVENANCE,true,0
2,2146,Temporal: Impossible Causality Inversion,ATTACK,REJECTED,PROVENANCE,PROVENANCE,true,0
2,2147,Temporal: Impossible Causality Inversion,ATTACK,REJECTED,PROVENANCE,PROVENANCE,true,0
2,2148,Temporal: Impossible Causality Inversion,ATTACK,REJECTED,PROVENANCE,PROVENANCE,true,1004
2,2149,Temporal: Impossible Causality Inversion,ATTACK,REJECTED,PROVENANCE,PROVENANCE,true,0
2,2150,Temporal: Impossible Causality Inversion,ATTACK,REJECTED,PROVENANCE,PROVENANCE,true,0
2,2151,Composed: Dual-Layer Source + Dependency Attack,ATTACK,REJECTED,SOURCE,SOURCE,true,0
2,2152,Composed: Dual-Layer Source + Dependency Attack,ATTACK,REJECTED,SOURCE,SOURCE,true,0
2,2153,Composed: Dual-Layer Source + Dependency Attack,ATTACK,REJECTED,SOURCE,SOURCE,true,0
2,2154,Composed: Dual-Layer Source + Dependency Attack,ATTACK,REJECTED,SOURCE,SOURCE,true,0
2,2155,Composed: Dual-Layer Source + Dependency Attack,ATTACK,REJECTED,SOURCE,SOURCE,true,0
2,2156,Composed: Dual-Layer Source + Dependency Attack,ATTACK,REJECTED,SOURCE,SOURCE,true,0
2,2157,Composed: Dual-Layer Source + Dependency Attack,ATTACK,REJECTED,SOURCE,SOURCE,true,0
2,2158,Composed: Dual-Layer Source + Dependency Attack,ATTACK,REJECTED,SOURCE,SOURCE,true,0
2,2159,Composed: Dual-Layer Source + Dependency Attack,ATTACK,REJECTED,SOURCE,SOURCE,true,0
2,2160,Composed: Dual-Layer Source + Dependency Attack,ATTACK,REJECTED,SOURCE,SOURCE,true,0
2,2161,Composed: Dual-Layer Source + Dependency Attack,ATTACK,REJECTED,SOURCE,SOURCE,true,0
2,2162,Composed: Dual-Layer Source + Dependency Attack,ATTACK,REJECTED,SOURCE,SOURCE,true,0
2,2163,Composed: Dual-Layer Source + Dependency Attack,ATTACK,REJECTED,SOURCE,SOURCE,true,0
2,2164,Composed: Dual-Layer Source + Dependency Attack,ATTACK,REJECTED,SOURCE,SOURCE,true,0
2,2165,Composed: Dual-Layer Source + Dependency Attack,ATTACK,REJECTED,SOURCE,SOURCE,true,0
2,2166,Composed: Dual-Layer Source + Dependency Attack,ATTACK,REJECTED,SOURCE,SOURCE,true,0
2,2167,Composed: Dual-Layer Source + Dependency Attack,ATTACK,REJECTED,SOURCE,SOURCE,true,0
2,2168,Composed: Dual-Layer Source + Dependency Attack,ATTACK,REJECTED,SOURCE,SOURCE,true,0
2,2169,Composed: Dual-Layer Source + Dependency Attack,ATTACK,REJECTED,SOURCE,SOURCE,true,0
2,2170,Composed: Dual-Layer Source + Dependency Attack,ATTACK,REJECTED,SOURCE,SOURCE,true,0
2,2171,Composed: Dual-Layer Source + Dependency Attack,ATTACK,REJECTED,SOURCE,SOURCE,true,0
2,2172,Composed: Dual-Layer Source + Dependency Attack,ATTACK,REJECTED,SOURCE,SOURCE,true,0
2,2173,Composed: Dual-Layer Source + Dependency Attack,ATTACK,REJECTED,SOURCE,SOURCE,true,0
2,2174,Composed: Dual-Layer Source + Dependency Attack,ATTACK,REJECTED,SOURCE,SOURCE,true,0
2,2175,Composed: Dual-Layer Source + Dependency Attack,ATTACK,REJECTED,SOURCE,SOURCE,true,0
2,2176,Composed: Dual-Layer Source + Dependency Attack,ATTACK,REJECTED,SOURCE,SOURCE,true,0
2,2177,Composed: Dual-Layer Source + Dependency Attack,ATTACK,REJECTED,SOURCE,SOURCE,true,0
2,2178,Composed: Dual-Layer Source + Dependency Attack,ATTACK,REJECTED,SOURCE,SOURCE,true,0
2,2179,Composed: Dual-Layer Source + Dependency Attack,ATTACK,REJECTED,SOURCE,SOURCE,true,0
2,2180,Composed: Dual-Layer Source + Dependency Attack,ATTACK,REJECTED,SOURCE,SOURCE,true,0
2,2181,Composed: Dual-Layer Source + Dependency Attack,ATTACK,REJECTED,SOURCE,SOURCE,true,0
2,2182,Composed: Dual-Layer Source + Dependency Attack,ATTACK,REJECTED,SOURCE,SOURCE,true,0
2,2183,Composed: Dual-Layer Source + Dependency Attack,ATTACK,REJECTED,SOURCE,SOURCE,true,0
2,2184,Composed: Dual-Layer Source + Dependency Attack,ATTACK,REJECTED,SOURCE,SOURCE,true,0
2,2185,Composed: Dual-Layer Source + Dependency Attack,ATTACK,REJECTED,SOURCE,SOURCE,true,0
2,2186,Composed: Dual-Layer Source + Dependency Attack,ATTACK,REJECTED,SOURCE,SOURCE,true,0
2,2187,Composed: Dual-Layer Source + Dependency Attack,ATTACK,REJECTED,SOURCE,SOURCE,true,0
2,2188,Composed: Dual-Layer Source + Dependency Attack,ATTACK,REJECTED,SOURCE,SOURCE,true,0
2,2189,Composed: Dual-Layer Source + Dependency Attack,ATTACK,REJECTED,SOURCE,SOURCE,true,0
2,2190,Composed: Dual-Layer Source + Dependency Attack,ATTACK,REJECTED,SOURCE,SOURCE,true,0
2,2191,Composed: Dual-Layer Source + Dependency Attack,ATTACK,REJECTED,SOURCE,SOURCE,true,0
2,2192,Composed: Dual-Layer Source + Dependency Attack,ATTACK,REJECTED,SOURCE,SOURCE,true,0
2,2193,Composed: Dual-Layer Source + Dependency Attack,ATTACK,REJECTED,SOURCE,SOURCE,true,0
2,2194,Composed: Dual-Layer Source + Dependency Attack,ATTACK,REJECTED,SOURCE,SOURCE,true,0
2,2195,Composed: Dual-Layer Source + Dependency Attack,ATTACK,REJECTED,SOURCE,SOURCE,true,0
2,2196,Composed: Dual-Layer Source + Dependency Attack,ATTACK,REJECTED,SOURCE,SOURCE,true,0
2,2197,Composed: Dual-Layer Source + Dependency Attack,ATTACK,REJECTED,SOURCE,SOURCE,true,0
2,2198,Composed: Dual-Layer Source + Dependency Attack,ATTACK,REJECTED,SOURCE,SOURCE,true,0
2,2199,Composed: Dual-Layer Source + Dependency Attack,ATTACK,REJECTED,SOURCE,SOURCE,true,0
2,2200,Composed: Dual-Layer Source + Dependency Attack,ATTACK,REJECTED,SOURCE,SOURCE,true,0
2,2201,Composed: Triple-Layer Process + Network + Binary,ATTACK,REJECTED,PROCESS,PROCESS,true,0
2,2202,Composed: Triple-Layer Process + Network + Binary,ATTACK,REJECTED,PROCESS,PROCESS,true,0
2,2203,Composed: Triple-Layer Process + Network + Binary,ATTACK,REJECTED,PROCESS,PROCESS,true,0
2,2204,Composed: Triple-Layer Process + Network + Binary,ATTACK,REJECTED,PROCESS,PROCESS,true,0
2,2205,Composed: Triple-Layer Process + Network + Binary,ATTACK,REJECTED,PROCESS,PROCESS,true,0
2,2206,Composed: Triple-Layer Process + Network + Binary,ATTACK,REJECTED,PROCESS,PROCESS,true,0
2,2207,Composed: Triple-Layer Process + Network + Binary,ATTACK,REJECTED,PROCESS,PROCESS,true,0
2,2208,Composed: Triple-Layer Process + Network + Binary,ATTACK,REJECTED,PROCESS,PROCESS,true,0
2,2209,Composed: Triple-Layer Process + Network + Binary,ATTACK,REJECTED,PROCESS,PROCESS,true,0
2,2210,Composed: Triple-Layer Process + Network + Binary,ATTACK,REJECTED,PROCESS,PROCESS,true,0
2,2211,Composed: Triple-Layer Process + Network + Binary,ATTACK,REJECTED,PROCESS,PROCESS,true,0
2,2212,Composed: Triple-Layer Process + Network + Binary,ATTACK,REJECTED,PROCESS,PROCESS,true,0
2,2213,Composed: Triple-Layer Process + Network + Binary,ATTACK,REJECTED,PROCESS,PROCESS,true,0
2,2214,Composed: Triple-Layer Process + Network + Binary,ATTACK,REJECTED,PROCESS,PROCESS,true,0
2,2215,Composed: Triple-Layer Process + Network + Binary,ATTACK,REJECTED,PROCESS,PROCESS,true,0
2,2216,Composed: Triple-Layer Process + Network + Binary,ATTACK,REJECTED,PROCESS,PROCESS,true,0
2,2217,Composed: Triple-Layer Process + Network + Binary,ATTACK,REJECTED,PROCESS,PROCESS,true,0
2,2218,Composed: Triple-Layer Process + Network + Binary,ATTACK,REJECTED,PROCESS,PROCESS,true,0
2,2219,Composed: Triple-Layer Process + Network + Binary,ATTACK,REJECTED,PROCESS,PROCESS,true,0
2,2220,Composed: Triple-Layer Process + Network + Binary,ATTACK,REJECTED,PROCESS,PROCESS,true,1000
2,2221,Composed: Triple-Layer Process + Network + Binary,ATTACK,REJECTED,PROCESS,PROCESS,true,0
2,2222,Composed: Triple-Layer Process + Network + Binary,ATTACK,REJECTED,PROCESS,PROCESS,true,0
2,2223,Composed: Triple-Layer Process + Network + Binary,ATTACK,REJECTED,PROCESS,PROCESS,true,0
2,2224,Composed: Triple-Layer Process + Network + Binary,ATTACK,REJECTED,PROCESS,PROCESS,true,0
2,2225,Composed: Triple-Layer Process + Network + Binary,ATTACK,REJECTED,PROCESS,PROCESS,true,0
2,2226,Composed: Triple-Layer Process + Network + Binary,ATTACK,REJECTED,PROCESS,PROCESS,true,0
2,2227,Composed: Triple-Layer Process + Network + Binary,ATTACK,REJECTED,PROCESS,PROCESS,true,0
2,2228,Composed: Triple-Layer Process + Network + Binary,ATTACK,REJECTED,PROCESS,PROCESS,true,0
2,2229,Composed: Triple-Layer Process + Network + Binary,ATTACK,REJECTED,PROCESS,PROCESS,true,0
2,2230,Composed: Triple-Layer Process + Network + Binary,ATTACK,REJECTED,PROCESS,PROCESS,true,0
2,2231,Composed: Triple-Layer Process + Network + Binary,ATTACK,REJECTED,PROCESS,PROCESS,true,0
2,2232,Composed: Triple-Layer Process + Network + Binary,ATTACK,REJECTED,PROCESS,PROCESS,true,0
2,2233,Composed: Triple-Layer Process + Network + Binary,ATTACK,REJECTED,PROCESS,PROCESS,true,0
2,2234,Composed: Triple-Layer Process + Network + Binary,ATTACK,REJECTED,PROCESS,PROCESS,true,0
2,2235,Composed: Triple-Layer Process + Network + Binary,ATTACK,REJECTED,PROCESS,PROCESS,true,0
2,2236,Composed: Triple-Layer Process + Network + Binary,ATTACK,REJECTED,PROCESS,PROCESS,true,0
2,2237,Composed: Triple-Layer Process + Network + Binary,ATTACK,REJECTED,PROCESS,PROCESS,true,0
2,2238,Composed: Triple-Layer Process + Network + Binary,ATTACK,REJECTED,PROCESS,PROCESS,true,0
2,2239,Composed: Triple-Layer Process + Network + Binary,ATTACK,REJECTED,PROCESS,PROCESS,true,0
2,2240,Composed: Triple-Layer Process + Network + Binary,ATTACK,REJECTED,PROCESS,PROCESS,true,0
2,2241,Composed: Triple-Layer Process + Network + Binary,ATTACK,REJECTED,PROCESS,PROCESS,true,0
2,2242,Composed: Triple-Layer Process + Network + Binary,ATTACK,REJECTED,PROCESS,PROCESS,true,0
2,2243,Composed: Triple-Layer Process + Network + Binary,ATTACK,REJECTED,PROCESS,PROCESS,true,0
2,2244,Composed: Triple-Layer Process + Network + Binary,ATTACK,REJECTED,PROCESS,PROCESS,true,0
2,2245,Composed: Triple-Layer Process + Network + Binary,ATTACK,REJECTED,PROCESS,PROCESS,true,0
2,2246,Composed: Triple-Layer Process + Network + Binary,ATTACK,REJECTED,PROCESS,PROCESS,true,0
2,2247,Composed: Triple-Layer Process + Network + Binary,ATTACK,REJECTED,PROCESS,PROCESS,true,0
2,2248,Composed: Triple-Layer Process + Network + Binary,ATTACK,REJECTED,PROCESS,PROCESS,true,0
2,2249,Composed: Triple-Layer Process + Network + Binary,ATTACK,REJECTED,PROCESS,PROCESS,true,0
2,2250,Composed: Triple-Layer Process + Network + Binary,ATTACK,REJECTED,PROCESS,PROCESS,true,0
2,2251,Benign: Compiler Patch Version Bump (go1.23.5->6),BENIGN,TRUSTED,,,true,0
2,2252,Benign: Compiler Patch Version Bump (go1.23.5->6),BENIGN,TRUSTED,,,true,0
2,2253,Benign: Compiler Patch Version Bump (go1.23.5->6),BENIGN,TRUSTED,,,true,0
2,2254,Benign: Compiler Patch Version Bump (go1.23.5->6),BENIGN,TRUSTED,,,true,0
2,2255,Benign: Compiler Patch Version Bump (go1.23.5->6),BENIGN,TRUSTED,,,true,0
2,2256,Benign: Compiler Patch Version Bump (go1.23.5->6),BENIGN,TRUSTED,,,true,0
2,2257,Benign: Compiler Patch Version Bump (go1.23.5->6),BENIGN,TRUSTED,,,true,0
2,2258,Benign: Compiler Patch Version Bump (go1.23.5->6),BENIGN,TRUSTED,,,true,0
2,2259,Benign: Compiler Patch Version Bump (go1.23.5->6),BENIGN,TRUSTED,,,true,0
2,2260,Benign: Compiler Patch Version Bump (go1.23.5->6),BENIGN,TRUSTED,,,true,0
2,2261,Benign: Compiler Patch Version Bump (go1.23.5->6),BENIGN,TRUSTED,,,true,0
2,2262,Benign: Compiler Patch Version Bump (go1.23.5->6),BENIGN,TRUSTED,,,true,0
2,2263,Benign: Compiler Patch Version Bump (go1.23.5->6),BENIGN,TRUSTED,,,true,0
2,2264,Benign: Compiler Patch Version Bump (go1.23.5->6),BENIGN,TRUSTED,,,true,0
2,2265,Benign: Compiler Patch Version Bump (go1.23.5->6),BENIGN,TRUSTED,,,true,0
2,2266,Benign: Compiler Patch Version Bump (go1.23.5->6),BENIGN,TRUSTED,,,true,0
2,2267,Benign: Compiler Patch Version Bump (go1.23.5->6),BENIGN,TRUSTED,,,true,0
2,2268,Benign: Compiler Patch Version Bump (go1.23.5->6),BENIGN,TRUSTED,,,true,0
2,2269,Benign: Compiler Patch Version Bump (go1.23.5->6),BENIGN,TRUSTED,,,true,0
2,2270,Benign: Compiler Patch Version Bump (go1.23.5->6),BENIGN,TRUSTED,,,true,0
2,2271,Benign: Compiler Patch Version Bump (go1.23.5->6),BENIGN,TRUSTED,,,true,0
2,2272,Benign: Compiler Patch Version Bump (go1.23.5->6),BENIGN,TRUSTED,,,true,0
2,2273,Benign: Compiler Patch Version Bump (go1.23.5->6),BENIGN,TRUSTED,,,true,0
2,2274,Benign: Compiler Patch Version Bump (go1.23.5->6),BENIGN,TRUSTED,,,true,0
2,2275,Benign: Compiler Patch Version Bump (go1.23.5->6),BENIGN,TRUSTED,,,true,0
2,2276,Benign: Compiler Patch Version Bump (go1.23.5->6),BENIGN,TRUSTED,,,true,0
2,2277,Benign: Compiler Patch Version Bump (go1.23.5->6),BENIGN,TRUSTED,,,true,0
2,2278,Benign: Compiler Patch Version Bump (go1.23.5->6),BENIGN,TRUSTED,,,true,0
2,2279,Benign: Compiler Patch Version Bump (go1.23.5->6),BENIGN,TRUSTED,,,true,0
2,2280,Benign: Compiler Patch Version Bump (go1.23.5->6),BENIGN,TRUSTED,,,true,0
2,2281,Benign: Compiler Patch Version Bump (go1.23.5->6),BENIGN,TRUSTED,,,true,0
2,2282,Benign: Compiler Patch Version Bump (go1.23.5->6),BENIGN,TRUSTED,,,true,0
2,2283,Benign: Compiler Patch Version Bump (go1.23.5->6),BENIGN,TRUSTED,,,true,0
2,2284,Benign: Compiler Patch Version Bump (go1.23.5->6),BENIGN,TRUSTED,,,true,0
2,2285,Benign: Compiler Patch Version Bump (go1.23.5->6),BENIGN,TRUSTED,,,true,0
2,2286,Benign: Compiler Patch Version Bump (go1.23.5->6),BENIGN,TRUSTED,,,true,0
2,2287,Benign: Compiler Patch Version Bump (go1.23.5->6),BENIGN,TRUSTED,,,true,0
2,2288,Benign: Compiler Patch Version Bump (go1.23.5->6),BENIGN,TRUSTED,,,true,0
2,2289,Benign: Compiler Patch Version Bump (go1.23.5->6),BENIGN,TRUSTED,,,true,0
2,2290,Benign: Compiler Patch Version Bump (go1.23.5->6),BENIGN,TRUSTED,,,true,0
2,2291,Benign: Compiler Patch Version Bump (go1.23.5->6),BENIGN,TRUSTED,,,true,0
2,2292,Benign: Compiler Patch Version Bump (go1.23.5->6),BENIGN,TRUSTED,,,true,0
2,2293,Benign: Compiler Patch Version Bump (go1.23.5->6),BENIGN,TRUSTED,,,true,0
2,2294,Benign: Compiler Patch Version Bump (go1.23.5->6),BENIGN,TRUSTED,,,true,0
2,2295,Benign: Compiler Patch Version Bump (go1.23.5->6),BENIGN,TRUSTED,,,true,0
2,2296,Benign: Compiler Patch Version Bump (go1.23.5->6),BENIGN,TRUSTED,,,true,0
2,2297,Benign: Compiler Patch Version Bump (go1.23.5->6),BENIGN,TRUSTED,,,true,0
2,2298,Benign: Compiler Patch Version Bump (go1.23.5->6),BENIGN,TRUSTED,,,true,0
2,2299,Benign: Compiler Patch Version Bump (go1.23.5->6),BENIGN,TRUSTED,,,true,0
2,2300,Benign: Compiler Patch Version Bump (go1.23.5->6),BENIGN,TRUSTED,,,true,0
2,2301,Benign: Build Workspace Path Relocation,BENIGN,TRUSTED,,,true,0
2,2302,Benign: Build Workspace Path Relocation,BENIGN,TRUSTED,,,true,0
2,2303,Benign: Build Workspace Path Relocation,BENIGN,TRUSTED,,,true,0
2,2304,Benign: Build Workspace Path Relocation,BENIGN,TRUSTED,,,true,0
2,2305,Benign: Build Workspace Path Relocation,BENIGN,TRUSTED,,,true,0
2,2306,Benign: Build Workspace Path Relocation,BENIGN,TRUSTED,,,true,0
2,2307,Benign: Build Workspace Path Relocation,BENIGN,TRUSTED,,,true,0
2,2308,Benign: Build Workspace Path Relocation,BENIGN,TRUSTED,,,true,0
2,2309,Benign: Build Workspace Path Relocation,BENIGN,TRUSTED,,,true,0
2,2310,Benign: Build Workspace Path Relocation,BENIGN,TRUSTED,,,true,0
2,2311,Benign: Build Workspace Path Relocation,BENIGN,TRUSTED,,,true,0
2,2312,Benign: Build Workspace Path Relocation,BENIGN,TRUSTED,,,true,0
2,2313,Benign: Build Workspace Path Relocation,BENIGN,TRUSTED,,,true,0
2,2314,Benign: Build Workspace Path Relocation,BENIGN,TRUSTED,,,true,0
2,2315,Benign: Build Workspace Path Relocation,BENIGN,TRUSTED,,,true,0
2,2316,Benign: Build Workspace Path Relocation,BENIGN,TRUSTED,,,true,0
2,2317,Benign: Build Workspace Path Relocation,BENIGN,TRUSTED,,,true,0
2,2318,Benign: Build Workspace Path Relocation,BENIGN,TRUSTED,,,true,0
2,2319,Benign: Build Workspace Path Relocation,BENIGN,TRUSTED,,,true,0
2,2320,Benign: Build Workspace Path Relocation,BENIGN,TRUSTED,,,true,0
2,2321,Benign: Build Workspace Path Relocation,BENIGN,TRUSTED,,,true,0
2,2322,Benign: Build Workspace Path Relocation,BENIGN,TRUSTED,,,true,0
2,2323,Benign: Build Workspace Path Relocation,BENIGN,TRUSTED,,,true,0
2,2324,Benign: Build Workspace Path Relocation,BENIGN,TRUSTED,,,true,0
2,2325,Benign: Build Workspace Path Relocation,BENIGN,TRUSTED,,,true,0
2,2326,Benign: Build Workspace Path Relocation,BENIGN,TRUSTED,,,true,0
2,2327,Benign: Build Workspace Path Relocation,BENIGN,TRUSTED,,,true,0
2,2328,Benign: Build Workspace Path Relocation,BENIGN,TRUSTED,,,true,0
2,2329,Benign: Build Workspace Path Relocation,BENIGN,TRUSTED,,,true,999
2,2330,Benign: Build Workspace Path Relocation,BENIGN,TRUSTED,,,true,0
2,2331,Benign: Build Workspace Path Relocation,BENIGN,TRUSTED,,,true,0
2,2332,Benign: Build Workspace Path Relocation,BENIGN,TRUSTED,,,true,0
2,2333,Benign: Build Workspace Path Relocation,BENIGN,TRUSTED,,,true,0
2,2334,Benign: Build Workspace Path Relocation,BENIGN,TRUSTED,,,true,0
2,2335,Benign: Build Workspace Path Relocation,BENIGN,TRUSTED,,,true,0
2,2336,Benign: Build Workspace Path Relocation,BENIGN,TRUSTED,,,true,0
2,2337,Benign: Build Workspace Path Relocation,BENIGN,TRUSTED,,,true,0
2,2338,Benign: Build Workspace Path Relocation,BENIGN,TRUSTED,,,true,0
2,2339,Benign: Build Workspace Path Relocation,BENIGN,TRUSTED,,,true,0
2,2340,Benign: Build Workspace Path Relocation,BENIGN,TRUSTED,,,true,0
2,2341,Benign: Build Workspace Path Relocation,BENIGN,TRUSTED,,,true,0
2,2342,Benign: Build Workspace Path Relocation,BENIGN,TRUSTED,,,true,0
2,2343,Benign: Build Workspace Path Relocation,BENIGN,TRUSTED,,,true,0
2,2344,Benign: Build Workspace Path Relocation,BENIGN,TRUSTED,,,true,0
2,2345,Benign: Build Workspace Path Relocation,BENIGN,TRUSTED,,,true,0
2,2346,Benign: Build Workspace Path Relocation,BENIGN,TRUSTED,,,true,0
2,2347,Benign: Build Workspace Path Relocation,BENIGN,TRUSTED,,,true,0
2,2348,Benign: Build Workspace Path Relocation,BENIGN,TRUSTED,,,true,0
2,2349,Benign: Build Workspace Path Relocation,BENIGN,TRUSTED,,,true,0
2,2350,Benign: Build Workspace Path Relocation,BENIGN,TRUSTED,,,true,0
2,2351,Benign: Synchronized Lockfile Version Bump,BENIGN,TRUSTED,,,true,0
2,2352,Benign: Synchronized Lockfile Version Bump,BENIGN,TRUSTED,,,true,0
2,2353,Benign: Synchronized Lockfile Version Bump,BENIGN,TRUSTED,,,true,0
2,2354,Benign: Synchronized Lockfile Version Bump,BENIGN,TRUSTED,,,true,0
2,2355,Benign: Synchronized Lockfile Version Bump,BENIGN,TRUSTED,,,true,0
2,2356,Benign: Synchronized Lockfile Version Bump,BENIGN,TRUSTED,,,true,0
2,2357,Benign: Synchronized Lockfile Version Bump,BENIGN,TRUSTED,,,true,0
2,2358,Benign: Synchronized Lockfile Version Bump,BENIGN,TRUSTED,,,true,0
2,2359,Benign: Synchronized Lockfile Version Bump,BENIGN,TRUSTED,,,true,0
2,2360,Benign: Synchronized Lockfile Version Bump,BENIGN,TRUSTED,,,true,0
2,2361,Benign: Synchronized Lockfile Version Bump,BENIGN,TRUSTED,,,true,0
2,2362,Benign: Synchronized Lockfile Version Bump,BENIGN,TRUSTED,,,true,0
2,2363,Benign: Synchronized Lockfile Version Bump,BENIGN,TRUSTED,,,true,0
2,2364,Benign: Synchronized Lockfile Version Bump,BENIGN,TRUSTED,,,true,0
2,2365,Benign: Synchronized Lockfile Version Bump,BENIGN,TRUSTED,,,true,0
2,2366,Benign: Synchronized Lockfile Version Bump,BENIGN,TRUSTED,,,true,0
2,2367,Benign: Synchronized Lockfile Version Bump,BENIGN,TRUSTED,,,true,0
2,2368,Benign: Synchronized Lockfile Version Bump,BENIGN,TRUSTED,,,true,0
2,2369,Benign: Synchronized Lockfile Version Bump,BENIGN,TRUSTED,,,true,0
2,2370,Benign: Synchronized Lockfile Version Bump,BENIGN,TRUSTED,,,true,0
2,2371,Benign: Synchronized Lockfile Version Bump,BENIGN,TRUSTED,,,true,0
2,2372,Benign: Synchronized Lockfile Version Bump,BENIGN,TRUSTED,,,true,0
2,2373,Benign: Synchronized Lockfile Version Bump,BENIGN,TRUSTED,,,true,0
2,2374,Benign: Synchronized Lockfile Version Bump,BENIGN,TRUSTED,,,true,0
2,2375,Benign: Synchronized Lockfile Version Bump,BENIGN,TRUSTED,,,true,0
2,2376,Benign: Synchronized Lockfile Version Bump,BENIGN,TRUSTED,,,true,0
2,2377,Benign: Synchronized Lockfile Version Bump,BENIGN,TRUSTED,,,true,0
2,2378,Benign: Synchronized Lockfile Version Bump,BENIGN,TRUSTED,,,true,0
2,2379,Benign: Synchronized Lockfile Version Bump,BENIGN,TRUSTED,,,true,0
2,2380,Benign: Synchronized Lockfile Version Bump,BENIGN,TRUSTED,,,true,1001
2,2381,Benign: Synchronized Lockfile Version Bump,BENIGN,TRUSTED,,,true,0
2,2382,Benign: Synchronized Lockfile Version Bump,BENIGN,TRUSTED,,,true,0
2,2383,Benign: Synchronized Lockfile Version Bump,BENIGN,TRUSTED,,,true,0
2,2384,Benign: Synchronized Lockfile Version Bump,BENIGN,TRUSTED,,,true,0
2,2385,Benign: Synchronized Lockfile Version Bump,BENIGN,TRUSTED,,,true,0
2,2386,Benign: Synchronized Lockfile Version Bump,BENIGN,TRUSTED,,,true,0
2,2387,Benign: Synchronized Lockfile Version Bump,BENIGN,TRUSTED,,,true,0
2,2388,Benign: Synchronized Lockfile Version Bump,BENIGN,TRUSTED,,,true,0
2,2389,Benign: Synchronized Lockfile Version Bump,BENIGN,TRUSTED,,,true,0
2,2390,Benign: Synchronized Lockfile Version Bump,BENIGN,TRUSTED,,,true,0
2,2391,Benign: Synchronized Lockfile Version Bump,BENIGN,TRUSTED,,,true,0
2,2392,Benign: Synchronized Lockfile Version Bump,BENIGN,TRUSTED,,,true,0
2,2393,Benign: Synchronized Lockfile Version Bump,BENIGN,TRUSTED,,,true,0
2,2394,Benign: Synchronized Lockfile Version Bump,BENIGN,TRUSTED,,,true,0
2,2395,Benign: Synchronized Lockfile Version Bump,BENIGN,TRUSTED,,,true,0
2,2396,Benign: Synchronized Lockfile Version Bump,BENIGN,TRUSTED,,,true,0
2,2397,Benign: Synchronized Lockfile Version Bump,BENIGN,TRUSTED,,,true,0
2,2398,Benign: Synchronized Lockfile Version Bump,BENIGN,TRUSTED,,,true,0
2,2399,Benign: Synchronized Lockfile Version Bump,BENIGN,TRUSTED,,,true,0
2,2400,Benign: Synchronized Lockfile Version Bump,BENIGN,TRUSTED,,,true,0
2,2401,Benign: Reordered JSON/SBOM Attribute Keys,BENIGN,TRUSTED,,,true,0
2,2402,Benign: Reordered JSON/SBOM Attribute Keys,BENIGN,TRUSTED,,,true,0
2,2403,Benign: Reordered JSON/SBOM Attribute Keys,BENIGN,TRUSTED,,,true,0
2,2404,Benign: Reordered JSON/SBOM Attribute Keys,BENIGN,TRUSTED,,,true,0
2,2405,Benign: Reordered JSON/SBOM Attribute Keys,BENIGN,TRUSTED,,,true,0
2,2406,Benign: Reordered JSON/SBOM Attribute Keys,BENIGN,TRUSTED,,,true,0
2,2407,Benign: Reordered JSON/SBOM Attribute Keys,BENIGN,TRUSTED,,,true,0
2,2408,Benign: Reordered JSON/SBOM Attribute Keys,BENIGN,TRUSTED,,,true,0
2,2409,Benign: Reordered JSON/SBOM Attribute Keys,BENIGN,TRUSTED,,,true,0
2,2410,Benign: Reordered JSON/SBOM Attribute Keys,BENIGN,TRUSTED,,,true,0
2,2411,Benign: Reordered JSON/SBOM Attribute Keys,BENIGN,TRUSTED,,,true,0
2,2412,Benign: Reordered JSON/SBOM Attribute Keys,BENIGN,TRUSTED,,,true,0
2,2413,Benign: Reordered JSON/SBOM Attribute Keys,BENIGN,TRUSTED,,,true,0
2,2414,Benign: Reordered JSON/SBOM Attribute Keys,BENIGN,TRUSTED,,,true,0
2,2415,Benign: Reordered JSON/SBOM Attribute Keys,BENIGN,TRUSTED,,,true,0
2,2416,Benign: Reordered JSON/SBOM Attribute Keys,BENIGN,TRUSTED,,,true,0
2,2417,Benign: Reordered JSON/SBOM Attribute Keys,BENIGN,TRUSTED,,,true,0
2,2418,Benign: Reordered JSON/SBOM Attribute Keys,BENIGN,TRUSTED,,,true,0
2,2419,Benign: Reordered JSON/SBOM Attribute Keys,BENIGN,TRUSTED,,,true,0
2,2420,Benign: Reordered JSON/SBOM Attribute Keys,BENIGN,TRUSTED,,,true,0
2,2421,Benign: Reordered JSON/SBOM Attribute Keys,BENIGN,TRUSTED,,,true,0
2,2422,Benign: Reordered JSON/SBOM Attribute Keys,BENIGN,TRUSTED,,,true,0
2,2423,Benign: Reordered JSON/SBOM Attribute Keys,BENIGN,TRUSTED,,,true,0
2,2424,Benign: Reordered JSON/SBOM Attribute Keys,BENIGN,TRUSTED,,,true,0
2,2425,Benign: Reordered JSON/SBOM Attribute Keys,BENIGN,TRUSTED,,,true,0
2,2426,Benign: Reordered JSON/SBOM Attribute Keys,BENIGN,TRUSTED,,,true,0
2,2427,Benign: Reordered JSON/SBOM Attribute Keys,BENIGN,TRUSTED,,,true,0
2,2428,Benign: Reordered JSON/SBOM Attribute Keys,BENIGN,TRUSTED,,,true,0
2,2429,Benign: Reordered JSON/SBOM Attribute Keys,BENIGN,TRUSTED,,,true,0
2,2430,Benign: Reordered JSON/SBOM Attribute Keys,BENIGN,TRUSTED,,,true,0
2,2431,Benign: Reordered JSON/SBOM Attribute Keys,BENIGN,TRUSTED,,,true,0
2,2432,Benign: Reordered JSON/SBOM Attribute Keys,BENIGN,TRUSTED,,,true,0
2,2433,Benign: Reordered JSON/SBOM Attribute Keys,BENIGN,TRUSTED,,,true,0
2,2434,Benign: Reordered JSON/SBOM Attribute Keys,BENIGN,TRUSTED,,,true,0
2,2435,Benign: Reordered JSON/SBOM Attribute Keys,BENIGN,TRUSTED,,,true,0
2,2436,Benign: Reordered JSON/SBOM Attribute Keys,BENIGN,TRUSTED,,,true,506
2,2437,Benign: Reordered JSON/SBOM Attribute Keys,BENIGN,TRUSTED,,,true,0
2,2438,Benign: Reordered JSON/SBOM Attribute Keys,BENIGN,TRUSTED,,,true,0
2,2439,Benign: Reordered JSON/SBOM Attribute Keys,BENIGN,TRUSTED,,,true,0
2,2440,Benign: Reordered JSON/SBOM Attribute Keys,BENIGN,TRUSTED,,,true,0
2,2441,Benign: Reordered JSON/SBOM Attribute Keys,BENIGN,TRUSTED,,,true,0
2,2442,Benign: Reordered JSON/SBOM Attribute Keys,BENIGN,TRUSTED,,,true,0
2,2443,Benign: Reordered JSON/SBOM Attribute Keys,BENIGN,TRUSTED,,,true,0
2,2444,Benign: Reordered JSON/SBOM Attribute Keys,BENIGN,TRUSTED,,,true,0
2,2445,Benign: Reordered JSON/SBOM Attribute Keys,BENIGN,TRUSTED,,,true,0
2,2446,Benign: Reordered JSON/SBOM Attribute Keys,BENIGN,TRUSTED,,,true,0
2,2447,Benign: Reordered JSON/SBOM Attribute Keys,BENIGN,TRUSTED,,,true,0
2,2448,Benign: Reordered JSON/SBOM Attribute Keys,BENIGN,TRUSTED,,,true,0
2,2449,Benign: Reordered JSON/SBOM Attribute Keys,BENIGN,TRUSTED,,,true,0
2,2450,Benign: Reordered JSON/SBOM Attribute Keys,BENIGN,TRUSTED,,,true,0
2,2451,Benign: Incremental Build with Object Cache Hit,BENIGN,TRUSTED,,,true,0
2,2452,Benign: Incremental Build with Object Cache Hit,BENIGN,TRUSTED,,,true,0
2,2453,Benign: Incremental Build with Object Cache Hit,BENIGN,TRUSTED,,,true,0
2,2454,Benign: Incremental Build with Object Cache Hit,BENIGN,TRUSTED,,,true,0
2,2455,Benign: Incremental Build with Object Cache Hit,BENIGN,TRUSTED,,,true,0
2,2456,Benign: Incremental Build with Object Cache Hit,BENIGN,TRUSTED,,,true,0
2,2457,Benign: Incremental Build with Object Cache Hit,BENIGN,TRUSTED,,,true,0
2,2458,Benign: Incremental Build with Object Cache Hit,BENIGN,TRUSTED,,,true,0
2,2459,Benign: Incremental Build with Object Cache Hit,BENIGN,TRUSTED,,,true,0
2,2460,Benign: Incremental Build with Object Cache Hit,BENIGN,TRUSTED,,,true,0
2,2461,Benign: Incremental Build with Object Cache Hit,BENIGN,TRUSTED,,,true,0
2,2462,Benign: Incremental Build with Object Cache Hit,BENIGN,TRUSTED,,,true,0
2,2463,Benign: Incremental Build with Object Cache Hit,BENIGN,TRUSTED,,,true,0
2,2464,Benign: Incremental Build with Object Cache Hit,BENIGN,TRUSTED,,,true,0
2,2465,Benign: Incremental Build with Object Cache Hit,BENIGN,TRUSTED,,,true,0
2,2466,Benign: Incremental Build with Object Cache Hit,BENIGN,TRUSTED,,,true,0
2,2467,Benign: Incremental Build with Object Cache Hit,BENIGN,TRUSTED,,,true,0
2,2468,Benign: Incremental Build with Object Cache Hit,BENIGN,TRUSTED,,,true,0
2,2469,Benign: Incremental Build with Object Cache Hit,BENIGN,TRUSTED,,,true,0
2,2470,Benign: Incremental Build with Object Cache Hit,BENIGN,TRUSTED,,,true,0
2,2471,Benign: Incremental Build with Object Cache Hit,BENIGN,TRUSTED,,,true,0
2,2472,Benign: Incremental Build with Object Cache Hit,BENIGN,TRUSTED,,,true,0
2,2473,Benign: Incremental Build with Object Cache Hit,BENIGN,TRUSTED,,,true,0
2,2474,Benign: Incremental Build with Object Cache Hit,BENIGN,TRUSTED,,,true,0
2,2475,Benign: Incremental Build with Object Cache Hit,BENIGN,TRUSTED,,,true,504
2,2476,Benign: Incremental Build with Object Cache Hit,BENIGN,TRUSTED,,,true,0
2,2477,Benign: Incremental Build with Object Cache Hit,BENIGN,TRUSTED,,,true,0
2,2478,Benign: Incremental Build with Object Cache Hit,BENIGN,TRUSTED,,,true,0
2,2479,Benign: Incremental Build with Object Cache Hit,BENIGN,TRUSTED,,,true,0
2,2480,Benign: Incremental Build with Object Cache Hit,BENIGN,TRUSTED,,,true,0
2,2481,Benign: Incremental Build with Object Cache Hit,BENIGN,TRUSTED,,,true,0
2,2482,Benign: Incremental Build with Object Cache Hit,BENIGN,TRUSTED,,,true,0
2,2483,Benign: Incremental Build with Object Cache Hit,BENIGN,TRUSTED,,,true,0
2,2484,Benign: Incremental Build with Object Cache Hit,BENIGN,TRUSTED,,,true,0
2,2485,Benign: Incremental Build with Object Cache Hit,BENIGN,TRUSTED,,,true,0
2,2486,Benign: Incremental Build with Object Cache Hit,BENIGN,TRUSTED,,,true,0
2,2487,Benign: Incremental Build with Object Cache Hit,BENIGN,TRUSTED,,,true,0
2,2488,Benign: Incremental Build with Object Cache Hit,BENIGN,TRUSTED,,,true,0
2,2489,Benign: Incremental Build with Object Cache Hit,BENIGN,TRUSTED,,,true,0
2,2490,Benign: Incremental Build with Object Cache Hit,BENIGN,TRUSTED,,,true,0
2,2491,Benign: Incremental Build with Object Cache Hit,BENIGN,TRUSTED,,,true,0
2,2492,Benign: Incremental Build with Object Cache Hit,BENIGN,TRUSTED,,,true,0
2,2493,Benign: Incremental Build with Object Cache Hit,BENIGN,TRUSTED,,,true,0
2,2494,Benign: Incremental Build with Object Cache Hit,BENIGN,TRUSTED,,,true,0
2,2495,Benign: Incremental Build with Object Cache Hit,BENIGN,TRUSTED,,,true,0
2,2496,Benign: Incremental Build with Object Cache Hit,BENIGN,TRUSTED,,,true,0
2,2497,Benign: Incremental Build with Object Cache Hit,BENIGN,TRUSTED,,,true,0
2,2498,Benign: Incremental Build with Object Cache Hit,BENIGN,TRUSTED,,,true,0
2,2499,Benign: Incremental Build with Object Cache Hit,BENIGN,TRUSTED,,,true,0
2,2500,Benign: Incremental Build with Object Cache Hit,BENIGN,TRUSTED,,,true,0
3,2501,Source: Stealth Uncommitted Code,ATTACK,REJECTED,SOURCE,SOURCE,true,0
3,2502,Source: Stealth Uncommitted Code,ATTACK,REJECTED,SOURCE,SOURCE,true,0
3,2503,Source: Stealth Uncommitted Code,ATTACK,REJECTED,SOURCE,SOURCE,true,0
3,2504,Source: Stealth Uncommitted Code,ATTACK,REJECTED,SOURCE,SOURCE,true,0
3,2505,Source: Stealth Uncommitted Code,ATTACK,REJECTED,SOURCE,SOURCE,true,0
3,2506,Source: Stealth Uncommitted Code,ATTACK,REJECTED,SOURCE,SOURCE,true,0
3,2507,Source: Stealth Uncommitted Code,ATTACK,REJECTED,SOURCE,SOURCE,true,0
3,2508,Source: Stealth Uncommitted Code,ATTACK,REJECTED,SOURCE,SOURCE,true,0
3,2509,Source: Stealth Uncommitted Code,ATTACK,REJECTED,SOURCE,SOURCE,true,0
3,2510,Source: Stealth Uncommitted Code,ATTACK,REJECTED,SOURCE,SOURCE,true,0
3,2511,Source: Stealth Uncommitted Code,ATTACK,REJECTED,SOURCE,SOURCE,true,0
3,2512,Source: Stealth Uncommitted Code,ATTACK,REJECTED,SOURCE,SOURCE,true,0
3,2513,Source: Stealth Uncommitted Code,ATTACK,REJECTED,SOURCE,SOURCE,true,0
3,2514,Source: Stealth Uncommitted Code,ATTACK,REJECTED,SOURCE,SOURCE,true,0
3,2515,Source: Stealth Uncommitted Code,ATTACK,REJECTED,SOURCE,SOURCE,true,0
3,2516,Source: Stealth Uncommitted Code,ATTACK,REJECTED,SOURCE,SOURCE,true,0
3,2517,Source: Stealth Uncommitted Code,ATTACK,REJECTED,SOURCE,SOURCE,true,0
3,2518,Source: Stealth Uncommitted Code,ATTACK,REJECTED,SOURCE,SOURCE,true,0
3,2519,Source: Stealth Uncommitted Code,ATTACK,REJECTED,SOURCE,SOURCE,true,0
3,2520,Source: Stealth Uncommitted Code,ATTACK,REJECTED,SOURCE,SOURCE,true,0
3,2521,Source: Stealth Uncommitted Code,ATTACK,REJECTED,SOURCE,SOURCE,true,0
3,2522,Source: Stealth Uncommitted Code,ATTACK,REJECTED,SOURCE,SOURCE,true,0
3,2523,Source: Stealth Uncommitted Code,ATTACK,REJECTED,SOURCE,SOURCE,true,0
3,2524,Source: Stealth Uncommitted Code,ATTACK,REJECTED,SOURCE,SOURCE,true,0
3,2525,Source: Stealth Uncommitted Code,ATTACK,REJECTED,SOURCE,SOURCE,true,0
3,2526,Source: Stealth Uncommitted Code,ATTACK,REJECTED,SOURCE,SOURCE,true,0
3,2527,Source: Stealth Uncommitted Code,ATTACK,REJECTED,SOURCE,SOURCE,true,0
3,2528,Source: Stealth Uncommitted Code,ATTACK,REJECTED,SOURCE,SOURCE,true,0
3,2529,Source: Stealth Uncommitted Code,ATTACK,REJECTED,SOURCE,SOURCE,true,0
3,2530,Source: Stealth Uncommitted Code,ATTACK,REJECTED,SOURCE,SOURCE,true,0
3,2531,Source: Stealth Uncommitted Code,ATTACK,REJECTED,SOURCE,SOURCE,true,0
3,2532,Source: Stealth Uncommitted Code,ATTACK,REJECTED,SOURCE,SOURCE,true,0
3,2533,Source: Stealth Uncommitted Code,ATTACK,REJECTED,SOURCE,SOURCE,true,0
3,2534,Source: Stealth Uncommitted Code,ATTACK,REJECTED,SOURCE,SOURCE,true,0
3,2535,Source: Stealth Uncommitted Code,ATTACK,REJECTED,SOURCE,SOURCE,true,713
3,2536,Source: Stealth Uncommitted Code,ATTACK,REJECTED,SOURCE,SOURCE,true,0
3,2537,Source: Stealth Uncommitted Code,ATTACK,REJECTED,SOURCE,SOURCE,true,0
3,2538,Source: Stealth Uncommitted Code,ATTACK,REJECTED,SOURCE,SOURCE,true,0
3,2539,Source: Stealth Uncommitted Code,ATTACK,REJECTED,SOURCE,SOURCE,true,0
3,2540,Source: Stealth Uncommitted Code,ATTACK,REJECTED,SOURCE,SOURCE,true,0
3,2541,Source: Stealth Uncommitted Code,ATTACK,REJECTED,SOURCE,SOURCE,true,0
3,2542,Source: Stealth Uncommitted Code,ATTACK,REJECTED,SOURCE,SOURCE,true,0
3,2543,Source: Stealth Uncommitted Code,ATTACK,REJECTED,SOURCE,SOURCE,true,0
3,2544,Source: Stealth Uncommitted Code,ATTACK,REJECTED,SOURCE,SOURCE,true,0
3,2545,Source: Stealth Uncommitted Code,ATTACK,REJECTED,SOURCE,SOURCE,true,0
3,2546,Source: Stealth Uncommitted Code,ATTACK,REJECTED,SOURCE,SOURCE,true,0
3,2547,Source: Stealth Uncommitted Code,ATTACK,REJECTED,SOURCE,SOURCE,true,0
3,2548,Source: Stealth Uncommitted Code,ATTACK,REJECTED,SOURCE,SOURCE,true,0
3,2549,Source: Stealth Uncommitted Code,ATTACK,REJECTED,SOURCE,SOURCE,true,0
3,2550,Source: Stealth Uncommitted Code,ATTACK,REJECTED,SOURCE,SOURCE,true,0
3,2551,Source: Commit Author/Email Spoofing,ATTACK,TRUSTED,,SOURCE,false,0
3,2552,Source: Commit Author/Email Spoofing,ATTACK,TRUSTED,,SOURCE,false,0
3,2553,Source: Commit Author/Email Spoofing,ATTACK,TRUSTED,,SOURCE,false,0
3,2554,Source: Commit Author/Email Spoofing,ATTACK,TRUSTED,,SOURCE,false,0
3,2555,Source: Commit Author/Email Spoofing,ATTACK,TRUSTED,,SOURCE,false,0
3,2556,Source: Commit Author/Email Spoofing,ATTACK,TRUSTED,,SOURCE,false,0
3,2557,Source: Commit Author/Email Spoofing,ATTACK,TRUSTED,,SOURCE,false,0
3,2558,Source: Commit Author/Email Spoofing,ATTACK,TRUSTED,,SOURCE,false,0
3,2559,Source: Commit Author/Email Spoofing,ATTACK,TRUSTED,,SOURCE,false,0
3,2560,Source: Commit Author/Email Spoofing,ATTACK,TRUSTED,,SOURCE,false,0
3,2561,Source: Commit Author/Email Spoofing,ATTACK,TRUSTED,,SOURCE,false,0
3,2562,Source: Commit Author/Email Spoofing,ATTACK,TRUSTED,,SOURCE,false,0
3,2563,Source: Commit Author/Email Spoofing,ATTACK,TRUSTED,,SOURCE,false,0
3,2564,Source: Commit Author/Email Spoofing,ATTACK,TRUSTED,,SOURCE,false,0
3,2565,Source: Commit Author/Email Spoofing,ATTACK,TRUSTED,,SOURCE,false,0
3,2566,Source: Commit Author/Email Spoofing,ATTACK,TRUSTED,,SOURCE,false,0
3,2567,Source: Commit Author/Email Spoofing,ATTACK,TRUSTED,,SOURCE,false,0
3,2568,Source: Commit Author/Email Spoofing,ATTACK,TRUSTED,,SOURCE,false,0
3,2569,Source: Commit Author/Email Spoofing,ATTACK,TRUSTED,,SOURCE,false,0
3,2570,Source: Commit Author/Email Spoofing,ATTACK,TRUSTED,,SOURCE,false,0
3,2571,Source: Commit Author/Email Spoofing,ATTACK,TRUSTED,,SOURCE,false,0
3,2572,Source: Commit Author/Email Spoofing,ATTACK,TRUSTED,,SOURCE,false,0
3,2573,Source: Commit Author/Email Spoofing,ATTACK,TRUSTED,,SOURCE,false,0
3,2574,Source: Commit Author/Email Spoofing,ATTACK,TRUSTED,,SOURCE,false,0
3,2575,Source: Commit Author/Email Spoofing,ATTACK,TRUSTED,,SOURCE,false,0
3,2576,Source: Commit Author/Email Spoofing,ATTACK,TRUSTED,,SOURCE,false,0
3,2577,Source: Commit Author/Email Spoofing,ATTACK,TRUSTED,,SOURCE,false,0
3,2578,Source: Commit Author/Email Spoofing,ATTACK,TRUSTED,,SOURCE,false,0
3,2579,Source: Commit Author/Email Spoofing,ATTACK,TRUSTED,,SOURCE,false,0
3,2580,Source: Commit Author/Email Spoofing,ATTACK,TRUSTED,,SOURCE,false,0
3,2581,Source: Commit Author/Email Spoofing,ATTACK,TRUSTED,,SOURCE,false,0
3,2582,Source: Commit Author/Email Spoofing,ATTACK,TRUSTED,,SOURCE,false,0
3,2583,Source: Commit Author/Email Spoofing,ATTACK,TRUSTED,,SOURCE,false,0
3,2584,Source: Commit Author/Email Spoofing,ATTACK,TRUSTED,,SOURCE,false,0
3,2585,Source: Commit Author/Email Spoofing,ATTACK,TRUSTED,,SOURCE,false,0
3,2586,Source: Commit Author/Email Spoofing,ATTACK,TRUSTED,,SOURCE,false,0
3,2587,Source: Commit Author/Email Spoofing,ATTACK,TRUSTED,,SOURCE,false,0
3,2588,Source: Commit Author/Email Spoofing,ATTACK,TRUSTED,,SOURCE,false,0
3,2589,Source: Commit Author/Email Spoofing,ATTACK,TRUSTED,,SOURCE,false,0
3,2590,Source: Commit Author/Email Spoofing,ATTACK,TRUSTED,,SOURCE,false,0
3,2591,Source: Commit Author/Email Spoofing,ATTACK,TRUSTED,,SOURCE,false,0
3,2592,Source: Commit Author/Email Spoofing,ATTACK,TRUSTED,,SOURCE,false,0
3,2593,Source: Commit Author/Email Spoofing,ATTACK,TRUSTED,,SOURCE,false,0
3,2594,Source: Commit Author/Email Spoofing,ATTACK,TRUSTED,,SOURCE,false,0
3,2595,Source: Commit Author/Email Spoofing,ATTACK,TRUSTED,,SOURCE,false,0
3,2596,Source: Commit Author/Email Spoofing,ATTACK,TRUSTED,,SOURCE,false,0
3,2597,Source: Commit Author/Email Spoofing,ATTACK,TRUSTED,,SOURCE,false,0
3,2598,Source: Commit Author/Email Spoofing,ATTACK,TRUSTED,,SOURCE,false,0
3,2599,Source: Commit Author/Email Spoofing,ATTACK,TRUSTED,,SOURCE,false,0
3,2600,Source: Commit Author/Email Spoofing,ATTACK,TRUSTED,,SOURCE,false,0
3,2601,Dependency: Compatible Semver Substitution,ATTACK,REJECTED,DEPENDENCIES,DEPENDENCIES,true,0
3,2602,Dependency: Compatible Semver Substitution,ATTACK,REJECTED,DEPENDENCIES,DEPENDENCIES,true,0
3,2603,Dependency: Compatible Semver Substitution,ATTACK,REJECTED,DEPENDENCIES,DEPENDENCIES,true,0
3,2604,Dependency: Compatible Semver Substitution,ATTACK,REJECTED,DEPENDENCIES,DEPENDENCIES,true,0
3,2605,Dependency: Compatible Semver Substitution,ATTACK,REJECTED,DEPENDENCIES,DEPENDENCIES,true,0
3,2606,Dependency: Compatible Semver Substitution,ATTACK,REJECTED,DEPENDENCIES,DEPENDENCIES,true,0
3,2607,Dependency: Compatible Semver Substitution,ATTACK,REJECTED,DEPENDENCIES,DEPENDENCIES,true,0
3,2608,Dependency: Compatible Semver Substitution,ATTACK,REJECTED,DEPENDENCIES,DEPENDENCIES,true,0
3,2609,Dependency: Compatible Semver Substitution,ATTACK,REJECTED,DEPENDENCIES,DEPENDENCIES,true,0
3,2610,Dependency: Compatible Semver Substitution,ATTACK,REJECTED,DEPENDENCIES,DEPENDENCIES,true,0
3,2611,Dependency: Compatible Semver Substitution,ATTACK,REJECTED,DEPENDENCIES,DEPENDENCIES,true,1024
3,2612,Dependency: Compatible Semver Substitution,ATTACK,REJECTED,DEPENDENCIES,DEPENDENCIES,true,0
3,2613,Dependency: Compatible Semver Substitution,ATTACK,REJECTED,DEPENDENCIES,DEPENDENCIES,true,0
3,2614,Dependency: Compatible Semver Substitution,ATTACK,REJECTED,DEPENDENCIES,DEPENDENCIES,true,0
3,2615,Dependency: Compatible Semver Substitution,ATTACK,REJECTED,DEPENDENCIES,DEPENDENCIES,true,0
3,2616,Dependency: Compatible Semver Substitution,ATTACK,REJECTED,DEPENDENCIES,DEPENDENCIES,true,0
3,2617,Dependency: Compatible Semver Substitution,ATTACK,REJECTED,DEPENDENCIES,DEPENDENCIES,true,0
3,2618,Dependency: Compatible Semver Substitution,ATTACK,REJECTED,DEPENDENCIES,DEPENDENCIES,true,0
3,2619,Dependency: Compatible Semver Substitution,ATTACK,REJECTED,DEPENDENCIES,DEPENDENCIES,true,0
3,2620,Dependency: Compatible Semver Substitution,ATTACK,REJECTED,DEPENDENCIES,DEPENDENCIES,true,0
3,2621,Dependency: Compatible Semver Substitution,ATTACK,REJECTED,DEPENDENCIES,DEPENDENCIES,true,0
3,2622,Dependency: Compatible Semver Substitution,ATTACK,REJECTED,DEPENDENCIES,DEPENDENCIES,true,0
3,2623,Dependency: Compatible Semver Substitution,ATTACK,REJECTED,DEPENDENCIES,DEPENDENCIES,true,0
3,2624,Dependency: Compatible Semver Substitution,ATTACK,REJECTED,DEPENDENCIES,DEPENDENCIES,true,0
3,2625,Dependency: Compatible Semver Substitution,ATTACK,REJECTED,DEPENDENCIES,DEPENDENCIES,true,0
3,2626,Dependency: Compatible Semver Substitution,ATTACK,REJECTED,DEPENDENCIES,DEPENDENCIES,true,0
3,2627,Dependency: Compatible Semver Substitution,ATTACK,REJECTED,DEPENDENCIES,DEPENDENCIES,true,0
3,2628,Dependency: Compatible Semver Substitution,ATTACK,REJECTED,DEPENDENCIES,DEPENDENCIES,true,0
3,2629,Dependency: Compatible Semver Substitution,ATTACK,REJECTED,DEPENDENCIES,DEPENDENCIES,true,0
3,2630,Dependency: Compatible Semver Substitution,ATTACK,REJECTED,DEPENDENCIES,DEPENDENCIES,true,0
3,2631,Dependency: Compatible Semver Substitution,ATTACK,REJECTED,DEPENDENCIES,DEPENDENCIES,true,0
3,2632,Dependency: Compatible Semver Substitution,ATTACK,REJECTED,DEPENDENCIES,DEPENDENCIES,true,0
3,2633,Dependency: Compatible Semver Substitution,ATTACK,REJECTED,DEPENDENCIES,DEPENDENCIES,true,0
3,2634,Dependency: Compatible Semver Substitution,ATTACK,REJECTED,DEPENDENCIES,DEPENDENCIES,true,0
3,2635,Dependency: Compatible Semver Substitution,ATTACK,REJECTED,DEPENDENCIES,DEPENDENCIES,true,0
3,2636,Dependency: Compatible Semver Substitution,ATTACK,REJECTED,DEPENDENCIES,DEPENDENCIES,true,0
3,2637,Dependency: Compatible Semver Substitution,ATTACK,REJECTED,DEPENDENCIES,DEPENDENCIES,true,0
3,2638,Dependency: Compatible Semver Substitution,ATTACK,REJECTED,DEPENDENCIES,DEPENDENCIES,true,0
3,2639,Dependency: Compatible Semver Substitution,ATTACK,REJECTED,DEPENDENCIES,DEPENDENCIES,true,0
3,2640,Dependency: Compatible Semver Substitution,ATTACK,REJECTED,DEPENDENCIES,DEPENDENCIES,true,0
3,2641,Dependency: Compatible Semver Substitution,ATTACK,REJECTED,DEPENDENCIES,DEPENDENCIES,true,0
3,2642,Dependency: Compatible Semver Substitution,ATTACK,REJECTED,DEPENDENCIES,DEPENDENCIES,true,0
3,2643,Dependency: Compatible Semver Substitution,ATTACK,REJECTED,DEPENDENCIES,DEPENDENCIES,true,0
3,2644,Dependency: Compatible Semver Substitution,ATTACK,REJECTED,DEPENDENCIES,DEPENDENCIES,true,0
3,2645,Dependency: Compatible Semver Substitution,ATTACK,REJECTED,DEPENDENCIES,DEPENDENCIES,true,0
3,2646,Dependency: Compatible Semver Substitution,ATTACK,REJECTED,DEPENDENCIES,DEPENDENCIES,true,0
3,2647,Dependency: Compatible Semver Substitution,ATTACK,REJECTED,DEPENDENCIES,DEPENDENCIES,true,0
3,2648,Dependency: Compatible Semver Substitution,ATTACK,REJECTED,DEPENDENCIES,DEPENDENCIES,true,0
3,2649,Dependency: Compatible Semver Substitution,ATTACK,REJECTED,DEPENDENCIES,DEPENDENCIES,true,0
3,2650,Dependency: Compatible Semver Substitution,ATTACK,REJECTED,DEPENDENCIES,DEPENDENCIES,true,0
3,2651,Dependency: Unapproved Mirror Registry,ATTACK,REJECTED,DEPENDENCIES,DEPENDENCIES,true,0
3,2652,Dependency: Unapproved Mirror Registry,ATTACK,REJECTED,DEPENDENCIES,DEPENDENCIES,true,0
3,2653,Dependency: Unapproved Mirror Registry,ATTACK,REJECTED,DEPENDENCIES,DEPENDENCIES,true,0
3,2654,Dependency: Unapproved Mirror Registry,ATTACK,REJECTED,DEPENDENCIES,DEPENDENCIES,true,0
3,2655,Dependency: Unapproved Mirror Registry,ATTACK,REJECTED,DEPENDENCIES,DEPENDENCIES,true,0
3,2656,Dependency: Unapproved Mirror Registry,ATTACK,REJECTED,DEPENDENCIES,DEPENDENCIES,true,0
3,2657,Dependency: Unapproved Mirror Registry,ATTACK,REJECTED,DEPENDENCIES,DEPENDENCIES,true,0
3,2658,Dependency: Unapproved Mirror Registry,ATTACK,REJECTED,DEPENDENCIES,DEPENDENCIES,true,0
3,2659,Dependency: Unapproved Mirror Registry,ATTACK,REJECTED,DEPENDENCIES,DEPENDENCIES,true,0
3,2660,Dependency: Unapproved Mirror Registry,ATTACK,REJECTED,DEPENDENCIES,DEPENDENCIES,true,0
3,2661,Dependency: Unapproved Mirror Registry,ATTACK,REJECTED,DEPENDENCIES,DEPENDENCIES,true,0
3,2662,Dependency: Unapproved Mirror Registry,ATTACK,REJECTED,DEPENDENCIES,DEPENDENCIES,true,0
3,2663,Dependency: Unapproved Mirror Registry,ATTACK,REJECTED,DEPENDENCIES,DEPENDENCIES,true,0
3,2664,Dependency: Unapproved Mirror Registry,ATTACK,REJECTED,DEPENDENCIES,DEPENDENCIES,true,0
3,2665,Dependency: Unapproved Mirror Registry,ATTACK,REJECTED,DEPENDENCIES,DEPENDENCIES,true,0
3,2666,Dependency: Unapproved Mirror Registry,ATTACK,REJECTED,DEPENDENCIES,DEPENDENCIES,true,0
3,2667,Dependency: Unapproved Mirror Registry,ATTACK,REJECTED,DEPENDENCIES,DEPENDENCIES,true,0
3,2668,Dependency: Unapproved Mirror Registry,ATTACK,REJECTED,DEPENDENCIES,DEPENDENCIES,true,0
3,2669,Dependency: Unapproved Mirror Registry,ATTACK,REJECTED,DEPENDENCIES,DEPENDENCIES,true,0
3,2670,Dependency: Unapproved Mirror Registry,ATTACK,REJECTED,DEPENDENCIES,DEPENDENCIES,true,0
3,2671,Dependency: Unapproved Mirror Registry,ATTACK,REJECTED,DEPENDENCIES,DEPENDENCIES,true,0
3,2672,Dependency: Unapproved Mirror Registry,ATTACK,REJECTED,DEPENDENCIES,DEPENDENCIES,true,0
3,2673,Dependency: Unapproved Mirror Registry,ATTACK,REJECTED,DEPENDENCIES,DEPENDENCIES,true,0
3,2674,Dependency: Unapproved Mirror Registry,ATTACK,REJECTED,DEPENDENCIES,DEPENDENCIES,true,0
3,2675,Dependency: Unapproved Mirror Registry,ATTACK,REJECTED,DEPENDENCIES,DEPENDENCIES,true,0
3,2676,Dependency: Unapproved Mirror Registry,ATTACK,REJECTED,DEPENDENCIES,DEPENDENCIES,true,0
3,2677,Dependency: Unapproved Mirror Registry,ATTACK,REJECTED,DEPENDENCIES,DEPENDENCIES,true,0
3,2678,Dependency: Unapproved Mirror Registry,ATTACK,REJECTED,DEPENDENCIES,DEPENDENCIES,true,0
3,2679,Dependency: Unapproved Mirror Registry,ATTACK,REJECTED,DEPENDENCIES,DEPENDENCIES,true,0
3,2680,Dependency: Unapproved Mirror Registry,ATTACK,REJECTED,DEPENDENCIES,DEPENDENCIES,true,0
3,2681,Dependency: Unapproved Mirror Registry,ATTACK,REJECTED,DEPENDENCIES,DEPENDENCIES,true,0
3,2682,Dependency: Unapproved Mirror Registry,ATTACK,REJECTED,DEPENDENCIES,DEPENDENCIES,true,0
3,2683,Dependency: Unapproved Mirror Registry,ATTACK,REJECTED,DEPENDENCIES,DEPENDENCIES,true,0
3,2684,Dependency: Unapproved Mirror Registry,ATTACK,REJECTED,DEPENDENCIES,DEPENDENCIES,true,0
3,2685,Dependency: Unapproved Mirror Registry,ATTACK,REJECTED,DEPENDENCIES,DEPENDENCIES,true,0
3,2686,Dependency: Unapproved Mirror Registry,ATTACK,REJECTED,DEPENDENCIES,DEPENDENCIES,true,0
3,2687,Dependency: Unapproved Mirror Registry,ATTACK,REJECTED,DEPENDENCIES,DEPENDENCIES,true,0
3,2688,Dependency: Unapproved Mirror Registry,ATTACK,REJECTED,DEPENDENCIES,DEPENDENCIES,true,0
3,2689,Dependency: Unapproved Mirror Registry,ATTACK,REJECTED,DEPENDENCIES,DEPENDENCIES,true,0
3,2690,Dependency: Unapproved Mirror Registry,ATTACK,REJECTED,DEPENDENCIES,DEPENDENCIES,true,0
3,2691,Dependency: Unapproved Mirror Registry,ATTACK,REJECTED,DEPENDENCIES,DEPENDENCIES,true,0
3,2692,Dependency: Unapproved Mirror Registry,ATTACK,REJECTED,DEPENDENCIES,DEPENDENCIES,true,0
3,2693,Dependency: Unapproved Mirror Registry,ATTACK,REJECTED,DEPENDENCIES,DEPENDENCIES,true,0
3,2694,Dependency: Unapproved Mirror Registry,ATTACK,REJECTED,DEPENDENCIES,DEPENDENCIES,true,0
3,2695,Dependency: Unapproved Mirror Registry,ATTACK,REJECTED,DEPENDENCIES,DEPENDENCIES,true,0
3,2696,Dependency: Unapproved Mirror Registry,ATTACK,REJECTED,DEPENDENCIES,DEPENDENCIES,true,0
3,2697,Dependency: Unapproved Mirror Registry,ATTACK,REJECTED,DEPENDENCIES,DEPENDENCIES,true,0
3,2698,Dependency: Unapproved Mirror Registry,ATTACK,REJECTED,DEPENDENCIES,DEPENDENCIES,true,0
3,2699,Dependency: Unapproved Mirror Registry,ATTACK,REJECTED,DEPENDENCIES,DEPENDENCIES,true,0
3,2700,Dependency: Unapproved Mirror Registry,ATTACK,REJECTED,DEPENDENCIES,DEPENDENCIES,true,0
3,2701,Lockfile: Missing/Stripped Hash Integrity,ATTACK,REJECTED,DEPENDENCIES,LOCKFILE,true,0
3,2702,Lockfile: Missing/Stripped Hash Integrity,ATTACK,REJECTED,DEPENDENCIES,LOCKFILE,true,0
3,2703,Lockfile: Missing/Stripped Hash Integrity,ATTACK,REJECTED,DEPENDENCIES,LOCKFILE,true,0
3,2704,Lockfile: Missing/Stripped Hash Integrity,ATTACK,REJECTED,DEPENDENCIES,LOCKFILE,true,0
3,2705,Lockfile: Missing/Stripped Hash Integrity,ATTACK,REJECTED,DEPENDENCIES,LOCKFILE,true,0
3,2706,Lockfile: Missing/Stripped Hash Integrity,ATTACK,REJECTED,DEPENDENCIES,LOCKFILE,true,0
3,2707,Lockfile: Missing/Stripped Hash Integrity,ATTACK,REJECTED,DEPENDENCIES,LOCKFILE,true,0
3,2708,Lockfile: Missing/Stripped Hash Integrity,ATTACK,REJECTED,DEPENDENCIES,LOCKFILE,true,0
3,2709,Lockfile: Missing/Stripped Hash Integrity,ATTACK,REJECTED,DEPENDENCIES,LOCKFILE,true,0
3,2710,Lockfile: Missing/Stripped Hash Integrity,ATTACK,REJECTED,DEPENDENCIES,LOCKFILE,true,0
3,2711,Lockfile: Missing/Stripped Hash Integrity,ATTACK,REJECTED,DEPENDENCIES,LOCKFILE,true,0
3,2712,Lockfile: Missing/Stripped Hash Integrity,ATTACK,REJECTED,DEPENDENCIES,LOCKFILE,true,0
3,2713,Lockfile: Missing/Stripped Hash Integrity,ATTACK,REJECTED,DEPENDENCIES,LOCKFILE,true,0
3,2714,Lockfile: Missing/Stripped Hash Integrity,ATTACK,REJECTED,DEPENDENCIES,LOCKFILE,true,0
3,2715,Lockfile: Missing/Stripped Hash Integrity,ATTACK,REJECTED,DEPENDENCIES,LOCKFILE,true,0
3,2716,Lockfile: Missing/Stripped Hash Integrity,ATTACK,REJECTED,DEPENDENCIES,LOCKFILE,true,0
3,2717,Lockfile: Missing/Stripped Hash Integrity,ATTACK,REJECTED,DEPENDENCIES,LOCKFILE,true,0
3,2718,Lockfile: Missing/Stripped Hash Integrity,ATTACK,REJECTED,DEPENDENCIES,LOCKFILE,true,0
3,2719,Lockfile: Missing/Stripped Hash Integrity,ATTACK,REJECTED,DEPENDENCIES,LOCKFILE,true,0
3,2720,Lockfile: Missing/Stripped Hash Integrity,ATTACK,REJECTED,DEPENDENCIES,LOCKFILE,true,0
3,2721,Lockfile: Missing/Stripped Hash Integrity,ATTACK,REJECTED,DEPENDENCIES,LOCKFILE,true,0
3,2722,Lockfile: Missing/Stripped Hash Integrity,ATTACK,REJECTED,DEPENDENCIES,LOCKFILE,true,0
3,2723,Lockfile: Missing/Stripped Hash Integrity,ATTACK,REJECTED,DEPENDENCIES,LOCKFILE,true,0
3,2724,Lockfile: Missing/Stripped Hash Integrity,ATTACK,REJECTED,DEPENDENCIES,LOCKFILE,true,0
3,2725,Lockfile: Missing/Stripped Hash Integrity,ATTACK,REJECTED,DEPENDENCIES,LOCKFILE,true,0
3,2726,Lockfile: Missing/Stripped Hash Integrity,ATTACK,REJECTED,DEPENDENCIES,LOCKFILE,true,0
3,2727,Lockfile: Missing/Stripped Hash Integrity,ATTACK,REJECTED,DEPENDENCIES,LOCKFILE,true,0
3,2728,Lockfile: Missing/Stripped Hash Integrity,ATTACK,REJECTED,DEPENDENCIES,LOCKFILE,true,0
3,2729,Lockfile: Missing/Stripped Hash Integrity,ATTACK,REJECTED,DEPENDENCIES,LOCKFILE,true,0
3,2730,Lockfile: Missing/Stripped Hash Integrity,ATTACK,REJECTED,DEPENDENCIES,LOCKFILE,true,0
3,2731,Lockfile: Missing/Stripped Hash Integrity,ATTACK,REJECTED,DEPENDENCIES,LOCKFILE,true,0
3,2732,Lockfile: Missing/Stripped Hash Integrity,ATTACK,REJECTED,DEPENDENCIES,LOCKFILE,true,0
3,2733,Lockfile: Missing/Stripped Hash Integrity,ATTACK,REJECTED,DEPENDENCIES,LOCKFILE,true,0
3,2734,Lockfile: Missing/Stripped Hash Integrity,ATTACK,REJECTED,DEPENDENCIES,LOCKFILE,true,0
3,2735,Lockfile: Missing/Stripped Hash Integrity,ATTACK,REJECTED,DEPENDENCIES,LOCKFILE,true,0
3,2736,Lockfile: Missing/Stripped Hash Integrity,ATTACK,REJECTED,DEPENDENCIES,LOCKFILE,true,0
3,2737,Lockfile: Missing/Stripped Hash Integrity,ATTACK,REJECTED,DEPENDENCIES,LOCKFILE,true,0
3,2738,Lockfile: Missing/Stripped Hash Integrity,ATTACK,REJECTED,DEPENDENCIES,LOCKFILE,true,0
3,2739,Lockfile: Missing/Stripped Hash Integrity,ATTACK,REJECTED,DEPENDENCIES,LOCKFILE,true,0
3,2740,Lockfile: Missing/Stripped Hash Integrity,ATTACK,REJECTED,DEPENDENCIES,LOCKFILE,true,0
3,2741,Lockfile: Missing/Stripped Hash Integrity,ATTACK,REJECTED,DEPENDENCIES,LOCKFILE,true,0
3,2742,Lockfile: Missing/Stripped Hash Integrity,ATTACK,REJECTED,DEPENDENCIES,LOCKFILE,true,0
3,2743,Lockfile: Missing/Stripped Hash Integrity,ATTACK,REJECTED,DEPENDENCIES,LOCKFILE,true,0
3,2744,Lockfile: Missing/Stripped Hash Integrity,ATTACK,REJECTED,DEPENDENCIES,LOCKFILE,true,0
3,2745,Lockfile: Missing/Stripped Hash Integrity,ATTACK,REJECTED,DEPENDENCIES,LOCKFILE,true,0
3,2746,Lockfile: Missing/Stripped Hash Integrity,ATTACK,REJECTED,DEPENDENCIES,LOCKFILE,true,0
3,2747,Lockfile: Missing/Stripped Hash Integrity,ATTACK,REJECTED,DEPENDENCIES,LOCKFILE,true,0
3,2748,Lockfile: Missing/Stripped Hash Integrity,ATTACK,REJECTED,DEPENDENCIES,LOCKFILE,true,0
3,2749,Lockfile: Missing/Stripped Hash Integrity,ATTACK,REJECTED,DEPENDENCIES,LOCKFILE,true,0
3,2750,Lockfile: Missing/Stripped Hash Integrity,ATTACK,REJECTED,DEPENDENCIES,LOCKFILE,true,0
3,2751,Process: Short-Lived Subprocess (Polling Evasion),ATTACK,TRUSTED,,PROCESS,false,0
3,2752,Process: Short-Lived Subprocess (Polling Evasion),ATTACK,TRUSTED,,PROCESS,false,0
3,2753,Process: Short-Lived Subprocess (Polling Evasion),ATTACK,TRUSTED,,PROCESS,false,0
3,2754,Process: Short-Lived Subprocess (Polling Evasion),ATTACK,TRUSTED,,PROCESS,false,0
3,2755,Process: Short-Lived Subprocess (Polling Evasion),ATTACK,TRUSTED,,PROCESS,false,0
3,2756,Process: Short-Lived Subprocess (Polling Evasion),ATTACK,TRUSTED,,PROCESS,false,0
3,2757,Process: Short-Lived Subprocess (Polling Evasion),ATTACK,TRUSTED,,PROCESS,false,0
3,2758,Process: Short-Lived Subprocess (Polling Evasion),ATTACK,TRUSTED,,PROCESS,false,0
3,2759,Process: Short-Lived Subprocess (Polling Evasion),ATTACK,TRUSTED,,PROCESS,false,0
3,2760,Process: Short-Lived Subprocess (Polling Evasion),ATTACK,TRUSTED,,PROCESS,false,0
3,2761,Process: Short-Lived Subprocess (Polling Evasion),ATTACK,TRUSTED,,PROCESS,false,0
3,2762,Process: Short-Lived Subprocess (Polling Evasion),ATTACK,TRUSTED,,PROCESS,false,0
3,2763,Process: Short-Lived Subprocess (Polling Evasion),ATTACK,TRUSTED,,PROCESS,false,0
3,2764,Process: Short-Lived Subprocess (Polling Evasion),ATTACK,TRUSTED,,PROCESS,false,0
3,2765,Process: Short-Lived Subprocess (Polling Evasion),ATTACK,TRUSTED,,PROCESS,false,0
3,2766,Process: Short-Lived Subprocess (Polling Evasion),ATTACK,TRUSTED,,PROCESS,false,0
3,2767,Process: Short-Lived Subprocess (Polling Evasion),ATTACK,TRUSTED,,PROCESS,false,0
3,2768,Process: Short-Lived Subprocess (Polling Evasion),ATTACK,TRUSTED,,PROCESS,false,0
3,2769,Process: Short-Lived Subprocess (Polling Evasion),ATTACK,TRUSTED,,PROCESS,false,0
3,2770,Process: Short-Lived Subprocess (Polling Evasion),ATTACK,TRUSTED,,PROCESS,false,0
3,2771,Process: Short-Lived Subprocess (Polling Evasion),ATTACK,TRUSTED,,PROCESS,false,999
3,2772,Process: Short-Lived Subprocess (Polling Evasion),ATTACK,TRUSTED,,PROCESS,false,0
3,2773,Process: Short-Lived Subprocess (Polling Evasion),ATTACK,TRUSTED,,PROCESS,false,0
3,2774,Process: Short-Lived Subprocess (Polling Evasion),ATTACK,TRUSTED,,PROCESS,false,0
3,2775,Process: Short-Lived Subprocess (Polling Evasion),ATTACK,TRUSTED,,PROCESS,false,0
3,2776,Process: Short-Lived Subprocess (Polling Evasion),ATTACK,TRUSTED,,PROCESS,false,0
3,2777,Process: Short-Lived Subprocess (Polling Evasion),ATTACK,TRUSTED,,PROCESS,false,0
3,2778,Process: Short-Lived Subprocess (Polling Evasion),ATTACK,TRUSTED,,PROCESS,false,0
3,2779,Process: Short-Lived Subprocess (Polling Evasion),ATTACK,TRUSTED,,PROCESS,false,0
3,2780,Process: Short-Lived Subprocess (Polling Evasion),ATTACK,TRUSTED,,PROCESS,false,0
3,2781,Process: Short-Lived Subprocess (Polling Evasion),ATTACK,TRUSTED,,PROCESS,false,0
3,2782,Process: Short-Lived Subprocess (Polling Evasion),ATTACK,TRUSTED,,PROCESS,false,0
3,2783,Process: Short-Lived Subprocess (Polling Evasion),ATTACK,TRUSTED,,PROCESS,false,0
3,2784,Process: Short-Lived Subprocess (Polling Evasion),ATTACK,TRUSTED,,PROCESS,false,0
3,2785,Process: Short-Lived Subprocess (Polling Evasion),ATTACK,TRUSTED,,PROCESS,false,0
3,2786,Process: Short-Lived Subprocess (Polling Evasion),ATTACK,TRUSTED,,PROCESS,false,0
3,2787,Process: Short-Lived Subprocess (Polling Evasion),ATTACK,TRUSTED,,PROCESS,false,0
3,2788,Process: Short-Lived Subprocess (Polling Evasion),ATTACK,TRUSTED,,PROCESS,false,0
3,2789,Process: Short-Lived Subprocess (Polling Evasion),ATTACK,TRUSTED,,PROCESS,false,0
3,2790,Process: Short-Lived Subprocess (Polling Evasion),ATTACK,TRUSTED,,PROCESS,false,0
3,2791,Process: Short-Lived Subprocess (Polling Evasion),ATTACK,TRUSTED,,PROCESS,false,0
3,2792,Process: Short-Lived Subprocess (Polling Evasion),ATTACK,TRUSTED,,PROCESS,false,0
3,2793,Process: Short-Lived Subprocess (Polling Evasion),ATTACK,TRUSTED,,PROCESS,false,0
3,2794,Process: Short-Lived Subprocess (Polling Evasion),ATTACK,TRUSTED,,PROCESS,false,0
3,2795,Process: Short-Lived Subprocess (Polling Evasion),ATTACK,TRUSTED,,PROCESS,false,0
3,2796,Process: Short-Lived Subprocess (Polling Evasion),ATTACK,TRUSTED,,PROCESS,false,0
3,2797,Process: Short-Lived Subprocess (Polling Evasion),ATTACK,TRUSTED,,PROCESS,false,0
3,2798,Process: Short-Lived Subprocess (Polling Evasion),ATTACK,TRUSTED,,PROCESS,false,0
3,2799,Process: Short-Lived Subprocess (Polling Evasion),ATTACK,TRUSTED,,PROCESS,false,0
3,2800,Process: Short-Lived Subprocess (Polling Evasion),ATTACK,TRUSTED,,PROCESS,false,0
3,2801,Process: Renamed Binary Execution (svchost/python),ATTACK,REJECTED,PROCESS,PROCESS,true,0
3,2802,Process: Renamed Binary Execution (svchost/python),ATTACK,REJECTED,PROCESS,PROCESS,true,0
3,2803,Process: Renamed Binary Execution (svchost/python),ATTACK,REJECTED,PROCESS,PROCESS,true,0
3,2804,Process: Renamed Binary Execution (svchost/python),ATTACK,REJECTED,PROCESS,PROCESS,true,0
3,2805,Process: Renamed Binary Execution (svchost/python),ATTACK,REJECTED,PROCESS,PROCESS,true,0
3,2806,Process: Renamed Binary Execution (svchost/python),ATTACK,REJECTED,PROCESS,PROCESS,true,0
3,2807,Process: Renamed Binary Execution (svchost/python),ATTACK,REJECTED,PROCESS,PROCESS,true,0
3,2808,Process: Renamed Binary Execution (svchost/python),ATTACK,REJECTED,PROCESS,PROCESS,true,0
3,2809,Process: Renamed Binary Execution (svchost/python),ATTACK,REJECTED,PROCESS,PROCESS,true,0
3,2810,Process: Renamed Binary Execution (svchost/python),ATTACK,REJECTED,PROCESS,PROCESS,true,0
3,2811,Process: Renamed Binary Execution (svchost/python),ATTACK,REJECTED,PROCESS,PROCESS,true,0
3,2812,Process: Renamed Binary Execution (svchost/python),ATTACK,REJECTED,PROCESS,PROCESS,true,0
3,2813,Process: Renamed Binary Execution (svchost/python),ATTACK,REJECTED,PROCESS,PROCESS,true,0
3,2814,Process: Renamed Binary Execution (svchost/python),ATTACK,REJECTED,PROCESS,PROCESS,true,0
3,2815,Process: Renamed Binary Execution (svchost/python),ATTACK,REJECTED,PROCESS,PROCESS,true,0
3,2816,Process: Renamed Binary Execution (svchost/python),ATTACK,REJECTED,PROCESS,PROCESS,true,0
3,2817,Process: Renamed Binary Execution (svchost/python),ATTACK,REJECTED,PROCESS,PROCESS,true,0
3,2818,Process: Renamed Binary Execution (svchost/python),ATTACK,REJECTED,PROCESS,PROCESS,true,0
3,2819,Process: Renamed Binary Execution (svchost/python),ATTACK,REJECTED,PROCESS,PROCESS,true,0
3,2820,Process: Renamed Binary Execution (svchost/python),ATTACK,REJECTED,PROCESS,PROCESS,true,0
3,2821,Process: Renamed Binary Execution (svchost/python),ATTACK,REJECTED,PROCESS,PROCESS,true,0
3,2822,Process: Renamed Binary Execution (svchost/python),ATTACK,REJECTED,PROCESS,PROCESS,true,0
3,2823,Process: Renamed Binary Execution (svchost/python),ATTACK,REJECTED,PROCESS,PROCESS,true,0
3,2824,Process: Renamed Binary Execution (svchost/python),ATTACK,REJECTED,PROCESS,PROCESS,true,0
3,2825,Process: Renamed Binary Execution (svchost/python),ATTACK,REJECTED,PROCESS,PROCESS,true,0
3,2826,Process: Renamed Binary Execution (svchost/python),ATTACK,REJECTED,PROCESS,PROCESS,true,0
3,2827,Process: Renamed Binary Execution (svchost/python),ATTACK,REJECTED,PROCESS,PROCESS,true,0
3,2828,Process: Renamed Binary Execution (svchost/python),ATTACK,REJECTED,PROCESS,PROCESS,true,0
3,2829,Process: Renamed Binary Execution (svchost/python),ATTACK,REJECTED,PROCESS,PROCESS,true,0
3,2830,Process: Renamed Binary Execution (svchost/python),ATTACK,REJECTED,PROCESS,PROCESS,true,0
3,2831,Process: Renamed Binary Execution (svchost/python),ATTACK,REJECTED,PROCESS,PROCESS,true,0
3,2832,Process: Renamed Binary Execution (svchost/python),ATTACK,REJECTED,PROCESS,PROCESS,true,0
3,2833,Process: Renamed Binary Execution (svchost/python),ATTACK,REJECTED,PROCESS,PROCESS,true,0
3,2834,Process: Renamed Binary Execution (svchost/python),ATTACK,REJECTED,PROCESS,PROCESS,true,0
3,2835,Process: Renamed Binary Execution (svchost/python),ATTACK,REJECTED,PROCESS,PROCESS,true,0
3,2836,Process: Renamed Binary Execution (svchost/python),ATTACK,REJECTED,PROCESS,PROCESS,true,0
3,2837,Process: Renamed Binary Execution (svchost/python),ATTACK,REJECTED,PROCESS,PROCESS,true,0
3,2838,Process: Renamed Binary Execution (svchost/python),ATTACK,REJECTED,PROCESS,PROCESS,true,0
3,2839,Process: Renamed Binary Execution (svchost/python),ATTACK,REJECTED,PROCESS,PROCESS,true,0
3,2840,Process: Renamed Binary Execution (svchost/python),ATTACK,REJECTED,PROCESS,PROCESS,true,0
3,2841,Process: Renamed Binary Execution (svchost/python),ATTACK,REJECTED,PROCESS,PROCESS,true,0
3,2842,Process: Renamed Binary Execution (svchost/python),ATTACK,REJECTED,PROCESS,PROCESS,true,0
3,2843,Process: Renamed Binary Execution (svchost/python),ATTACK,REJECTED,PROCESS,PROCESS,true,0
3,2844,Process: Renamed Binary Execution (svchost/python),ATTACK,REJECTED,PROCESS,PROCESS,true,1003
3,2845,Process: Renamed Binary Execution (svchost/python),ATTACK,REJECTED,PROCESS,PROCESS,true,0
3,2846,Process: Renamed Binary Execution (svchost/python),ATTACK,REJECTED,PROCESS,PROCESS,true,0
3,2847,Process: Renamed Binary Execution (svchost/python),ATTACK,REJECTED,PROCESS,PROCESS,true,0
3,2848,Process: Renamed Binary Execution (svchost/python),ATTACK,REJECTED,PROCESS,PROCESS,true,0
3,2849,Process: Renamed Binary Execution (svchost/python),ATTACK,REJECTED,PROCESS,PROCESS,true,0
3,2850,Process: Renamed Binary Execution (svchost/python),ATTACK,REJECTED,PROCESS,PROCESS,true,0
3,2851,Filesystem: Boundary Escape (/tmp or %TEMP%),ATTACK,TRUSTED,,FILESYSTEM,false,0
3,2852,Filesystem: Boundary Escape (/tmp or %TEMP%),ATTACK,TRUSTED,,FILESYSTEM,false,0
3,2853,Filesystem: Boundary Escape (/tmp or %TEMP%),ATTACK,TRUSTED,,FILESYSTEM,false,0
3,2854,Filesystem: Boundary Escape (/tmp or %TEMP%),ATTACK,TRUSTED,,FILESYSTEM,false,0
3,2855,Filesystem: Boundary Escape (/tmp or %TEMP%),ATTACK,TRUSTED,,FILESYSTEM,false,0
3,2856,Filesystem: Boundary Escape (/tmp or %TEMP%),ATTACK,TRUSTED,,FILESYSTEM,false,0
3,2857,Filesystem: Boundary Escape (/tmp or %TEMP%),ATTACK,TRUSTED,,FILESYSTEM,false,0
3,2858,Filesystem: Boundary Escape (/tmp or %TEMP%),ATTACK,TRUSTED,,FILESYSTEM,false,0
3,2859,Filesystem: Boundary Escape (/tmp or %TEMP%),ATTACK,TRUSTED,,FILESYSTEM,false,0
3,2860,Filesystem: Boundary Escape (/tmp or %TEMP%),ATTACK,TRUSTED,,FILESYSTEM,false,0
3,2861,Filesystem: Boundary Escape (/tmp or %TEMP%),ATTACK,TRUSTED,,FILESYSTEM,false,0
3,2862,Filesystem: Boundary Escape (/tmp or %TEMP%),ATTACK,TRUSTED,,FILESYSTEM,false,0
3,2863,Filesystem: Boundary Escape (/tmp or %TEMP%),ATTACK,TRUSTED,,FILESYSTEM,false,0
3,2864,Filesystem: Boundary Escape (/tmp or %TEMP%),ATTACK,TRUSTED,,FILESYSTEM,false,0
3,2865,Filesystem: Boundary Escape (/tmp or %TEMP%),ATTACK,TRUSTED,,FILESYSTEM,false,0
3,2866,Filesystem: Boundary Escape (/tmp or %TEMP%),ATTACK,TRUSTED,,FILESYSTEM,false,0
3,2867,Filesystem: Boundary Escape (/tmp or %TEMP%),ATTACK,TRUSTED,,FILESYSTEM,false,0
3,2868,Filesystem: Boundary Escape (/tmp or %TEMP%),ATTACK,TRUSTED,,FILESYSTEM,false,0
3,2869,Filesystem: Boundary Escape (/tmp or %TEMP%),ATTACK,TRUSTED,,FILESYSTEM,false,0
3,2870,Filesystem: Boundary Escape (/tmp or %TEMP%),ATTACK,TRUSTED,,FILESYSTEM,false,0
3,2871,Filesystem: Boundary Escape (/tmp or %TEMP%),ATTACK,TRUSTED,,FILESYSTEM,false,0
3,2872,Filesystem: Boundary Escape (/tmp or %TEMP%),ATTACK,TRUSTED,,FILESYSTEM,false,0
3,2873,Filesystem: Boundary Escape (/tmp or %TEMP%),ATTACK,TRUSTED,,FILESYSTEM,false,0
3,2874,Filesystem: Boundary Escape (/tmp or %TEMP%),ATTACK,TRUSTED,,FILESYSTEM,false,0
3,2875,Filesystem: Boundary Escape (/tmp or %TEMP%),ATTACK,TRUSTED,,FILESYSTEM,false,0
3,2876,Filesystem: Boundary Escape (/tmp or %TEMP%),ATTACK,TRUSTED,,FILESYSTEM,false,0
3,2877,Filesystem: Boundary Escape (/tmp or %TEMP%),ATTACK,TRUSTED,,FILESYSTEM,false,0
3,2878,Filesystem: Boundary Escape (/tmp or %TEMP%),ATTACK,TRUSTED,,FILESYSTEM,false,0
3,2879,Filesystem: Boundary Escape (/tmp or %TEMP%),ATTACK,TRUSTED,,FILESYSTEM,false,0
3,2880,Filesystem: Boundary Escape (/tmp or %TEMP%),ATTACK,TRUSTED,,FILESYSTEM,false,0
3,2881,Filesystem: Boundary Escape (/tmp or %TEMP%),ATTACK,TRUSTED,,FILESYSTEM,false,0
3,2882,Filesystem: Boundary Escape (/tmp or %TEMP%),ATTACK,TRUSTED,,FILESYSTEM,false,0
3,2883,Filesystem: Boundary Escape (/tmp or %TEMP%),ATTACK,TRUSTED,,FILESYSTEM,false,0
3,2884,Filesystem: Boundary Escape (/tmp or %TEMP%),ATTACK,TRUSTED,,FILESYSTEM,false,0
3,2885,Filesystem: Boundary Escape (/tmp or %TEMP%),ATTACK,TRUSTED,,FILESYSTEM,false,0
3,2886,Filesystem: Boundary Escape (/tmp or %TEMP%),ATTACK,TRUSTED,,FILESYSTEM,false,0
3,2887,Filesystem: Boundary Escape (/tmp or %TEMP%),ATTACK,TRUSTED,,FILESYSTEM,false,0
3,2888,Filesystem: Boundary Escape (/tmp or %TEMP%),ATTACK,TRUSTED,,FILESYSTEM,false,0
3,2889,Filesystem: Boundary Escape (/tmp or %TEMP%),ATTACK,TRUSTED,,FILESYSTEM,false,0
3,2890,Filesystem: Boundary Escape (/tmp or %TEMP%),ATTACK,TRUSTED,,FILESYSTEM,false,0
3,2891,Filesystem: Boundary Escape (/tmp or %TEMP%),ATTACK,TRUSTED,,FILESYSTEM,false,0
3,2892,Filesystem: Boundary Escape (/tmp or %TEMP%),ATTACK,TRUSTED,,FILESYSTEM,false,0
3,2893,Filesystem: Boundary Escape (/tmp or %TEMP%),ATTACK,TRUSTED,,FILESYSTEM,false,0
3,2894,Filesystem: Boundary Escape (/tmp or %TEMP%),ATTACK,TRUSTED,,FILESYSTEM,false,0
3,2895,Filesystem: Boundary Escape (/tmp or %TEMP%),ATTACK,TRUSTED,,FILESYSTEM,false,0
3,2896,Filesystem: Boundary Escape (/tmp or %TEMP%),ATTACK,TRUSTED,,FILESYSTEM,false,0
3,2897,Filesystem: Boundary Escape (/tmp or %TEMP%),ATTACK,TRUSTED,,FILESYSTEM,false,0
3,2898,Filesystem: Boundary Escape (/tmp or %TEMP%),ATTACK,TRUSTED,,FILESYSTEM,false,0
3,2899,Filesystem: Boundary Escape (/tmp or %TEMP%),ATTACK,TRUSTED,,FILESYSTEM,false,0
3,2900,Filesystem: Boundary Escape (/tmp or %TEMP%),ATTACK,TRUSTED,,FILESYSTEM,false,0
3,2901,Filesystem: Payload Swap (Preserved Size/Time),ATTACK,REJECTED,FILESYSTEM,FILESYSTEM,true,0
3,2902,Filesystem: Payload Swap (Preserved Size/Time),ATTACK,REJECTED,FILESYSTEM,FILESYSTEM,true,0
3,2903,Filesystem: Payload Swap (Preserved Size/Time),ATTACK,REJECTED,FILESYSTEM,FILESYSTEM,true,0
3,2904,Filesystem: Payload Swap (Preserved Size/Time),ATTACK,REJECTED,FILESYSTEM,FILESYSTEM,true,0
3,2905,Filesystem: Payload Swap (Preserved Size/Time),ATTACK,REJECTED,FILESYSTEM,FILESYSTEM,true,997
3,2906,Filesystem: Payload Swap (Preserved Size/Time),ATTACK,REJECTED,FILESYSTEM,FILESYSTEM,true,0
3,2907,Filesystem: Payload Swap (Preserved Size/Time),ATTACK,REJECTED,FILESYSTEM,FILESYSTEM,true,0
3,2908,Filesystem: Payload Swap (Preserved Size/Time),ATTACK,REJECTED,FILESYSTEM,FILESYSTEM,true,0
3,2909,Filesystem: Payload Swap (Preserved Size/Time),ATTACK,REJECTED,FILESYSTEM,FILESYSTEM,true,0
3,2910,Filesystem: Payload Swap (Preserved Size/Time),ATTACK,REJECTED,FILESYSTEM,FILESYSTEM,true,0
3,2911,Filesystem: Payload Swap (Preserved Size/Time),ATTACK,REJECTED,FILESYSTEM,FILESYSTEM,true,0
3,2912,Filesystem: Payload Swap (Preserved Size/Time),ATTACK,REJECTED,FILESYSTEM,FILESYSTEM,true,0
3,2913,Filesystem: Payload Swap (Preserved Size/Time),ATTACK,REJECTED,FILESYSTEM,FILESYSTEM,true,0
3,2914,Filesystem: Payload Swap (Preserved Size/Time),ATTACK,REJECTED,FILESYSTEM,FILESYSTEM,true,0
3,2915,Filesystem: Payload Swap (Preserved Size/Time),ATTACK,REJECTED,FILESYSTEM,FILESYSTEM,true,0
3,2916,Filesystem: Payload Swap (Preserved Size/Time),ATTACK,REJECTED,FILESYSTEM,FILESYSTEM,true,0
3,2917,Filesystem: Payload Swap (Preserved Size/Time),ATTACK,REJECTED,FILESYSTEM,FILESYSTEM,true,0
3,2918,Filesystem: Payload Swap (Preserved Size/Time),ATTACK,REJECTED,FILESYSTEM,FILESYSTEM,true,0
3,2919,Filesystem: Payload Swap (Preserved Size/Time),ATTACK,REJECTED,FILESYSTEM,FILESYSTEM,true,0
3,2920,Filesystem: Payload Swap (Preserved Size/Time),ATTACK,REJECTED,FILESYSTEM,FILESYSTEM,true,0
3,2921,Filesystem: Payload Swap (Preserved Size/Time),ATTACK,REJECTED,FILESYSTEM,FILESYSTEM,true,0
3,2922,Filesystem: Payload Swap (Preserved Size/Time),ATTACK,REJECTED,FILESYSTEM,FILESYSTEM,true,0
3,2923,Filesystem: Payload Swap (Preserved Size/Time),ATTACK,REJECTED,FILESYSTEM,FILESYSTEM,true,0
3,2924,Filesystem: Payload Swap (Preserved Size/Time),ATTACK,REJECTED,FILESYSTEM,FILESYSTEM,true,0
3,2925,Filesystem: Payload Swap (Preserved Size/Time),ATTACK,REJECTED,FILESYSTEM,FILESYSTEM,true,0
3,2926,Filesystem: Payload Swap (Preserved Size/Time),ATTACK,REJECTED,FILESYSTEM,FILESYSTEM,true,0
3,2927,Filesystem: Payload Swap (Preserved Size/Time),ATTACK,REJECTED,FILESYSTEM,FILESYSTEM,true,0
3,2928,Filesystem: Payload Swap (Preserved Size/Time),ATTACK,REJECTED,FILESYSTEM,FILESYSTEM,true,0
3,2929,Filesystem: Payload Swap (Preserved Size/Time),ATTACK,REJECTED,FILESYSTEM,FILESYSTEM,true,0
3,2930,Filesystem: Payload Swap (Preserved Size/Time),ATTACK,REJECTED,FILESYSTEM,FILESYSTEM,true,0
3,2931,Filesystem: Payload Swap (Preserved Size/Time),ATTACK,REJECTED,FILESYSTEM,FILESYSTEM,true,0
3,2932,Filesystem: Payload Swap (Preserved Size/Time),ATTACK,REJECTED,FILESYSTEM,FILESYSTEM,true,0
3,2933,Filesystem: Payload Swap (Preserved Size/Time),ATTACK,REJECTED,FILESYSTEM,FILESYSTEM,true,0
3,2934,Filesystem: Payload Swap (Preserved Size/Time),ATTACK,REJECTED,FILESYSTEM,FILESYSTEM,true,0
3,2935,Filesystem: Payload Swap (Preserved Size/Time),ATTACK,REJECTED,FILESYSTEM,FILESYSTEM,true,0
3,2936,Filesystem: Payload Swap (Preserved Size/Time),ATTACK,REJECTED,FILESYSTEM,FILESYSTEM,true,0
3,2937,Filesystem: Payload Swap (Preserved Size/Time),ATTACK,REJECTED,FILESYSTEM,FILESYSTEM,true,0
3,2938,Filesystem: Payload Swap (Preserved Size/Time),ATTACK,REJECTED,FILESYSTEM,FILESYSTEM,true,0
3,2939,Filesystem: Payload Swap (Preserved Size/Time),ATTACK,REJECTED,FILESYSTEM,FILESYSTEM,true,0
3,2940,Filesystem: Payload Swap (Preserved Size/Time),ATTACK,REJECTED,FILESYSTEM,FILESYSTEM,true,0
3,2941,Filesystem: Payload Swap (Preserved Size/Time),ATTACK,REJECTED,FILESYSTEM,FILESYSTEM,true,0
3,2942,Filesystem: Payload Swap (Preserved Size/Time),ATTACK,REJECTED,FILESYSTEM,FILESYSTEM,true,0
3,2943,Filesystem: Payload Swap (Preserved Size/Time),ATTACK,REJECTED,FILESYSTEM,FILESYSTEM,true,0
3,2944,Filesystem: Payload Swap (Preserved Size/Time),ATTACK,REJECTED,FILESYSTEM,FILESYSTEM,true,0
3,2945,Filesystem: Payload Swap (Preserved Size/Time),ATTACK,REJECTED,FILESYSTEM,FILESYSTEM,true,0
3,2946,Filesystem: Payload Swap (Preserved Size/Time),ATTACK,REJECTED,FILESYSTEM,FILESYSTEM,true,0
3,2947,Filesystem: Payload Swap (Preserved Size/Time),ATTACK,REJECTED,FILESYSTEM,FILESYSTEM,true,0
3,2948,Filesystem: Payload Swap (Preserved Size/Time),ATTACK,REJECTED,FILESYSTEM,FILESYSTEM,true,0
3,2949,Filesystem: Payload Swap (Preserved Size/Time),ATTACK,REJECTED,FILESYSTEM,FILESYSTEM,true,0
3,2950,Filesystem: Payload Swap (Preserved Size/Time),ATTACK,REJECTED,FILESYSTEM,FILESYSTEM,true,0
3,2951,Network: Ephemeral UDP/DNS Exfiltration,ATTACK,TRUSTED,,NETWORK,false,0
3,2952,Network: Ephemeral UDP/DNS Exfiltration,ATTACK,TRUSTED,,NETWORK,false,0
3,2953,Network: Ephemeral UDP/DNS Exfiltration,ATTACK,TRUSTED,,NETWORK,false,0
3,2954,Network: Ephemeral UDP/DNS Exfiltration,ATTACK,TRUSTED,,NETWORK,false,0
3,2955,Network: Ephemeral UDP/DNS Exfiltration,ATTACK,TRUSTED,,NETWORK,false,0
3,2956,Network: Ephemeral UDP/DNS Exfiltration,ATTACK,TRUSTED,,NETWORK,false,0
3,2957,Network: Ephemeral UDP/DNS Exfiltration,ATTACK,TRUSTED,,NETWORK,false,0
3,2958,Network: Ephemeral UDP/DNS Exfiltration,ATTACK,TRUSTED,,NETWORK,false,0
3,2959,Network: Ephemeral UDP/DNS Exfiltration,ATTACK,TRUSTED,,NETWORK,false,0
3,2960,Network: Ephemeral UDP/DNS Exfiltration,ATTACK,TRUSTED,,NETWORK,false,0
3,2961,Network: Ephemeral UDP/DNS Exfiltration,ATTACK,TRUSTED,,NETWORK,false,0
3,2962,Network: Ephemeral UDP/DNS Exfiltration,ATTACK,TRUSTED,,NETWORK,false,0
3,2963,Network: Ephemeral UDP/DNS Exfiltration,ATTACK,TRUSTED,,NETWORK,false,0
3,2964,Network: Ephemeral UDP/DNS Exfiltration,ATTACK,TRUSTED,,NETWORK,false,0
3,2965,Network: Ephemeral UDP/DNS Exfiltration,ATTACK,TRUSTED,,NETWORK,false,0
3,2966,Network: Ephemeral UDP/DNS Exfiltration,ATTACK,TRUSTED,,NETWORK,false,0
3,2967,Network: Ephemeral UDP/DNS Exfiltration,ATTACK,TRUSTED,,NETWORK,false,0
3,2968,Network: Ephemeral UDP/DNS Exfiltration,ATTACK,TRUSTED,,NETWORK,false,0
3,2969,Network: Ephemeral UDP/DNS Exfiltration,ATTACK,TRUSTED,,NETWORK,false,0
3,2970,Network: Ephemeral UDP/DNS Exfiltration,ATTACK,TRUSTED,,NETWORK,false,0
3,2971,Network: Ephemeral UDP/DNS Exfiltration,ATTACK,TRUSTED,,NETWORK,false,0
3,2972,Network: Ephemeral UDP/DNS Exfiltration,ATTACK,TRUSTED,,NETWORK,false,0
3,2973,Network: Ephemeral UDP/DNS Exfiltration,ATTACK,TRUSTED,,NETWORK,false,0
3,2974,Network: Ephemeral UDP/DNS Exfiltration,ATTACK,TRUSTED,,NETWORK,false,0
3,2975,Network: Ephemeral UDP/DNS Exfiltration,ATTACK,TRUSTED,,NETWORK,false,0
3,2976,Network: Ephemeral UDP/DNS Exfiltration,ATTACK,TRUSTED,,NETWORK,false,0
3,2977,Network: Ephemeral UDP/DNS Exfiltration,ATTACK,TRUSTED,,NETWORK,false,0
3,2978,Network: Ephemeral UDP/DNS Exfiltration,ATTACK,TRUSTED,,NETWORK,false,0
3,2979,Network: Ephemeral UDP/DNS Exfiltration,ATTACK,TRUSTED,,NETWORK,false,0
3,2980,Network: Ephemeral UDP/DNS Exfiltration,ATTACK,TRUSTED,,NETWORK,false,0
3,2981,Network: Ephemeral UDP/DNS Exfiltration,ATTACK,TRUSTED,,NETWORK,false,0
3,2982,Network: Ephemeral UDP/DNS Exfiltration,ATTACK,TRUSTED,,NETWORK,false,0
3,2983,Network: Ephemeral UDP/DNS Exfiltration,ATTACK,TRUSTED,,NETWORK,false,0
3,2984,Network: Ephemeral UDP/DNS Exfiltration,ATTACK,TRUSTED,,NETWORK,false,0
3,2985,Network: Ephemeral UDP/DNS Exfiltration,ATTACK,TRUSTED,,NETWORK,false,0
3,2986,Network: Ephemeral UDP/DNS Exfiltration,ATTACK,TRUSTED,,NETWORK,false,0
3,2987,Network: Ephemeral UDP/DNS Exfiltration,ATTACK,TRUSTED,,NETWORK,false,0
3,2988,Network: Ephemeral UDP/DNS Exfiltration,ATTACK,TRUSTED,,NETWORK,false,0
3,2989,Network: Ephemeral UDP/DNS Exfiltration,ATTACK,TRUSTED,,NETWORK,false,0
3,2990,Network: Ephemeral UDP/DNS Exfiltration,ATTACK,TRUSTED,,NETWORK,false,0
3,2991,Network: Ephemeral UDP/DNS Exfiltration,ATTACK,TRUSTED,,NETWORK,false,0
3,2992,Network: Ephemeral UDP/DNS Exfiltration,ATTACK,TRUSTED,,NETWORK,false,0
3,2993,Network: Ephemeral UDP/DNS Exfiltration,ATTACK,TRUSTED,,NETWORK,false,0
3,2994,Network: Ephemeral UDP/DNS Exfiltration,ATTACK,TRUSTED,,NETWORK,false,0
3,2995,Network: Ephemeral UDP/DNS Exfiltration,ATTACK,TRUSTED,,NETWORK,false,0
3,2996,Network: Ephemeral UDP/DNS Exfiltration,ATTACK,TRUSTED,,NETWORK,false,0
3,2997,Network: Ephemeral UDP/DNS Exfiltration,ATTACK,TRUSTED,,NETWORK,false,0
3,2998,Network: Ephemeral UDP/DNS Exfiltration,ATTACK,TRUSTED,,NETWORK,false,0
3,2999,Network: Ephemeral UDP/DNS Exfiltration,ATTACK,TRUSTED,,NETWORK,false,0
3,3000,Network: Ephemeral UDP/DNS Exfiltration,ATTACK,TRUSTED,,NETWORK,false,999
3,3001,Network: Allowed CDN Subdomain Multiplexing,ATTACK,REJECTED,NETWORK,NETWORK,true,0
3,3002,Network: Allowed CDN Subdomain Multiplexing,ATTACK,REJECTED,NETWORK,NETWORK,true,0
3,3003,Network: Allowed CDN Subdomain Multiplexing,ATTACK,REJECTED,NETWORK,NETWORK,true,0
3,3004,Network: Allowed CDN Subdomain Multiplexing,ATTACK,REJECTED,NETWORK,NETWORK,true,0
3,3005,Network: Allowed CDN Subdomain Multiplexing,ATTACK,REJECTED,NETWORK,NETWORK,true,0
3,3006,Network: Allowed CDN Subdomain Multiplexing,ATTACK,REJECTED,NETWORK,NETWORK,true,0
3,3007,Network: Allowed CDN Subdomain Multiplexing,ATTACK,REJECTED,NETWORK,NETWORK,true,0
3,3008,Network: Allowed CDN Subdomain Multiplexing,ATTACK,REJECTED,NETWORK,NETWORK,true,0
3,3009,Network: Allowed CDN Subdomain Multiplexing,ATTACK,REJECTED,NETWORK,NETWORK,true,0
3,3010,Network: Allowed CDN Subdomain Multiplexing,ATTACK,REJECTED,NETWORK,NETWORK,true,0
3,3011,Network: Allowed CDN Subdomain Multiplexing,ATTACK,REJECTED,NETWORK,NETWORK,true,0
3,3012,Network: Allowed CDN Subdomain Multiplexing,ATTACK,REJECTED,NETWORK,NETWORK,true,0
3,3013,Network: Allowed CDN Subdomain Multiplexing,ATTACK,REJECTED,NETWORK,NETWORK,true,0
3,3014,Network: Allowed CDN Subdomain Multiplexing,ATTACK,REJECTED,NETWORK,NETWORK,true,0
3,3015,Network: Allowed CDN Subdomain Multiplexing,ATTACK,REJECTED,NETWORK,NETWORK,true,0
3,3016,Network: Allowed CDN Subdomain Multiplexing,ATTACK,REJECTED,NETWORK,NETWORK,true,0
3,3017,Network: Allowed CDN Subdomain Multiplexing,ATTACK,REJECTED,NETWORK,NETWORK,true,0
3,3018,Network: Allowed CDN Subdomain Multiplexing,ATTACK,REJECTED,NETWORK,NETWORK,true,0
3,3019,Network: Allowed CDN Subdomain Multiplexing,ATTACK,REJECTED,NETWORK,NETWORK,true,0
3,3020,Network: Allowed CDN Subdomain Multiplexing,ATTACK,REJECTED,NETWORK,NETWORK,true,0
3,3021,Network: Allowed CDN Subdomain Multiplexing,ATTACK,REJECTED,NETWORK,NETWORK,true,0
3,3022,Network: Allowed CDN Subdomain Multiplexing,ATTACK,REJECTED,NETWORK,NETWORK,true,0
3,3023,Network: Allowed CDN Subdomain Multiplexing,ATTACK,REJECTED,NETWORK,NETWORK,true,0
3,3024,Network: Allowed CDN Subdomain Multiplexing,ATTACK,REJECTED,NETWORK,NETWORK,true,0
3,3025,Network: Allowed CDN Subdomain Multiplexing,ATTACK,REJECTED,NETWORK,NETWORK,true,0
3,3026,Network: Allowed CDN Subdomain Multiplexing,ATTACK,REJECTED,NETWORK,NETWORK,true,0
3,3027,Network: Allowed CDN Subdomain Multiplexing,ATTACK,REJECTED,NETWORK,NETWORK,true,0
3,3028,Network: Allowed CDN Subdomain Multiplexing,ATTACK,REJECTED,NETWORK,NETWORK,true,0
3,3029,Network: Allowed CDN Subdomain Multiplexing,ATTACK,REJECTED,NETWORK,NETWORK,true,0
3,3030,Network: Allowed CDN Subdomain Multiplexing,ATTACK,REJECTED,NETWORK,NETWORK,true,0
3,3031,Network: Allowed CDN Subdomain Multiplexing,ATTACK,REJECTED,NETWORK,NETWORK,true,0
3,3032,Network: Allowed CDN Subdomain Multiplexing,ATTACK,REJECTED,NETWORK,NETWORK,true,0
3,3033,Network: Allowed CDN Subdomain Multiplexing,ATTACK,REJECTED,NETWORK,NETWORK,true,0
3,3034,Network: Allowed CDN Subdomain Multiplexing,ATTACK,REJECTED,NETWORK,NETWORK,true,0
3,3035,Network: Allowed CDN Subdomain Multiplexing,ATTACK,REJECTED,NETWORK,NETWORK,true,0
3,3036,Network: Allowed CDN Subdomain Multiplexing,ATTACK,REJECTED,NETWORK,NETWORK,true,0
3,3037,Network: Allowed CDN Subdomain Multiplexing,ATTACK,REJECTED,NETWORK,NETWORK,true,0
3,3038,Network: Allowed CDN Subdomain Multiplexing,ATTACK,REJECTED,NETWORK,NETWORK,true,0
3,3039,Network: Allowed CDN Subdomain Multiplexing,ATTACK,REJECTED,NETWORK,NETWORK,true,0
3,3040,Network: Allowed CDN Subdomain Multiplexing,ATTACK,REJECTED,NETWORK,NETWORK,true,0
3,3041,Network: Allowed CDN Subdomain Multiplexing,ATTACK,REJECTED,NETWORK,NETWORK,true,0
3,3042,Network: Allowed CDN Subdomain Multiplexing,ATTACK,REJECTED,NETWORK,NETWORK,true,0
3,3043,Network: Allowed CDN Subdomain Multiplexing,ATTACK,REJECTED,NETWORK,NETWORK,true,0
3,3044,Network: Allowed CDN Subdomain Multiplexing,ATTACK,REJECTED,NETWORK,NETWORK,true,0
3,3045,Network: Allowed CDN Subdomain Multiplexing,ATTACK,REJECTED,NETWORK,NETWORK,true,0
3,3046,Network: Allowed CDN Subdomain Multiplexing,ATTACK,REJECTED,NETWORK,NETWORK,true,0
3,3047,Network: Allowed CDN Subdomain Multiplexing,ATTACK,REJECTED,NETWORK,NETWORK,true,0
3,3048,Network: Allowed CDN Subdomain Multiplexing,ATTACK,REJECTED,NETWORK,NETWORK,true,0
3,3049,Network: Allowed CDN Subdomain Multiplexing,ATTACK,REJECTED,NETWORK,NETWORK,true,0
3,3050,Network: Allowed CDN Subdomain Multiplexing,ATTACK,REJECTED,NETWORK,NETWORK,true,0
3,3051,Artifact: Post-Build Binary Swap,ATTACK,REJECTED,PROVENANCE,PROVENANCE,true,0
3,3052,Artifact: Post-Build Binary Swap,ATTACK,REJECTED,PROVENANCE,PROVENANCE,true,0
3,3053,Artifact: Post-Build Binary Swap,ATTACK,REJECTED,PROVENANCE,PROVENANCE,true,0
3,3054,Artifact: Post-Build Binary Swap,ATTACK,REJECTED,PROVENANCE,PROVENANCE,true,0
3,3055,Artifact: Post-Build Binary Swap,ATTACK,REJECTED,PROVENANCE,PROVENANCE,true,0
3,3056,Artifact: Post-Build Binary Swap,ATTACK,REJECTED,PROVENANCE,PROVENANCE,true,0
3,3057,Artifact: Post-Build Binary Swap,ATTACK,REJECTED,PROVENANCE,PROVENANCE,true,0
3,3058,Artifact: Post-Build Binary Swap,ATTACK,REJECTED,PROVENANCE,PROVENANCE,true,0
3,3059,Artifact: Post-Build Binary Swap,ATTACK,REJECTED,PROVENANCE,PROVENANCE,true,0
3,3060,Artifact: Post-Build Binary Swap,ATTACK,REJECTED,PROVENANCE,PROVENANCE,true,0
3,3061,Artifact: Post-Build Binary Swap,ATTACK,REJECTED,PROVENANCE,PROVENANCE,true,0
3,3062,Artifact: Post-Build Binary Swap,ATTACK,REJECTED,PROVENANCE,PROVENANCE,true,0
3,3063,Artifact: Post-Build Binary Swap,ATTACK,REJECTED,PROVENANCE,PROVENANCE,true,0
3,3064,Artifact: Post-Build Binary Swap,ATTACK,REJECTED,PROVENANCE,PROVENANCE,true,0
3,3065,Artifact: Post-Build Binary Swap,ATTACK,REJECTED,PROVENANCE,PROVENANCE,true,0
3,3066,Artifact: Post-Build Binary Swap,ATTACK,REJECTED,PROVENANCE,PROVENANCE,true,0
3,3067,Artifact: Post-Build Binary Swap,ATTACK,REJECTED,PROVENANCE,PROVENANCE,true,0
3,3068,Artifact: Post-Build Binary Swap,ATTACK,REJECTED,PROVENANCE,PROVENANCE,true,0
3,3069,Artifact: Post-Build Binary Swap,ATTACK,REJECTED,PROVENANCE,PROVENANCE,true,0
3,3070,Artifact: Post-Build Binary Swap,ATTACK,REJECTED,PROVENANCE,PROVENANCE,true,0
3,3071,Artifact: Post-Build Binary Swap,ATTACK,REJECTED,PROVENANCE,PROVENANCE,true,0
3,3072,Artifact: Post-Build Binary Swap,ATTACK,REJECTED,PROVENANCE,PROVENANCE,true,0
3,3073,Artifact: Post-Build Binary Swap,ATTACK,REJECTED,PROVENANCE,PROVENANCE,true,0
3,3074,Artifact: Post-Build Binary Swap,ATTACK,REJECTED,PROVENANCE,PROVENANCE,true,0
3,3075,Artifact: Post-Build Binary Swap,ATTACK,REJECTED,PROVENANCE,PROVENANCE,true,0
3,3076,Artifact: Post-Build Binary Swap,ATTACK,REJECTED,PROVENANCE,PROVENANCE,true,0
3,3077,Artifact: Post-Build Binary Swap,ATTACK,REJECTED,PROVENANCE,PROVENANCE,true,0
3,3078,Artifact: Post-Build Binary Swap,ATTACK,REJECTED,PROVENANCE,PROVENANCE,true,0
3,3079,Artifact: Post-Build Binary Swap,ATTACK,REJECTED,PROVENANCE,PROVENANCE,true,0
3,3080,Artifact: Post-Build Binary Swap,ATTACK,REJECTED,PROVENANCE,PROVENANCE,true,0
3,3081,Artifact: Post-Build Binary Swap,ATTACK,REJECTED,PROVENANCE,PROVENANCE,true,0
3,3082,Artifact: Post-Build Binary Swap,ATTACK,REJECTED,PROVENANCE,PROVENANCE,true,0
3,3083,Artifact: Post-Build Binary Swap,ATTACK,REJECTED,PROVENANCE,PROVENANCE,true,0
3,3084,Artifact: Post-Build Binary Swap,ATTACK,REJECTED,PROVENANCE,PROVENANCE,true,0
3,3085,Artifact: Post-Build Binary Swap,ATTACK,REJECTED,PROVENANCE,PROVENANCE,true,0
3,3086,Artifact: Post-Build Binary Swap,ATTACK,REJECTED,PROVENANCE,PROVENANCE,true,0
3,3087,Artifact: Post-Build Binary Swap,ATTACK,REJECTED,PROVENANCE,PROVENANCE,true,0
3,3088,Artifact: Post-Build Binary Swap,ATTACK,REJECTED,PROVENANCE,PROVENANCE,true,0
3,3089,Artifact: Post-Build Binary Swap,ATTACK,REJECTED,PROVENANCE,PROVENANCE,true,0
3,3090,Artifact: Post-Build Binary Swap,ATTACK,REJECTED,PROVENANCE,PROVENANCE,true,0
3,3091,Artifact: Post-Build Binary Swap,ATTACK,REJECTED,PROVENANCE,PROVENANCE,true,0
3,3092,Artifact: Post-Build Binary Swap,ATTACK,REJECTED,PROVENANCE,PROVENANCE,true,0
3,3093,Artifact: Post-Build Binary Swap,ATTACK,REJECTED,PROVENANCE,PROVENANCE,true,0
3,3094,Artifact: Post-Build Binary Swap,ATTACK,REJECTED,PROVENANCE,PROVENANCE,true,0
3,3095,Artifact: Post-Build Binary Swap,ATTACK,REJECTED,PROVENANCE,PROVENANCE,true,0
3,3096,Artifact: Post-Build Binary Swap,ATTACK,REJECTED,PROVENANCE,PROVENANCE,true,0
3,3097,Artifact: Post-Build Binary Swap,ATTACK,REJECTED,PROVENANCE,PROVENANCE,true,0
3,3098,Artifact: Post-Build Binary Swap,ATTACK,REJECTED,PROVENANCE,PROVENANCE,true,0
3,3099,Artifact: Post-Build Binary Swap,ATTACK,REJECTED,PROVENANCE,PROVENANCE,true,0
3,3100,Artifact: Post-Build Binary Swap,ATTACK,REJECTED,PROVENANCE,PROVENANCE,true,0
3,3101,Artifact: Appended Trailing Overlay Payload,ATTACK,REJECTED,PROVENANCE,PROVENANCE,true,0
3,3102,Artifact: Appended Trailing Overlay Payload,ATTACK,REJECTED,PROVENANCE,PROVENANCE,true,0
3,3103,Artifact: Appended Trailing Overlay Payload,ATTACK,REJECTED,PROVENANCE,PROVENANCE,true,0
3,3104,Artifact: Appended Trailing Overlay Payload,ATTACK,REJECTED,PROVENANCE,PROVENANCE,true,0
3,3105,Artifact: Appended Trailing Overlay Payload,ATTACK,REJECTED,PROVENANCE,PROVENANCE,true,0
3,3106,Artifact: Appended Trailing Overlay Payload,ATTACK,REJECTED,PROVENANCE,PROVENANCE,true,0
3,3107,Artifact: Appended Trailing Overlay Payload,ATTACK,REJECTED,PROVENANCE,PROVENANCE,true,0
3,3108,Artifact: Appended Trailing Overlay Payload,ATTACK,REJECTED,PROVENANCE,PROVENANCE,true,0
3,3109,Artifact: Appended Trailing Overlay Payload,ATTACK,REJECTED,PROVENANCE,PROVENANCE,true,0
3,3110,Artifact: Appended Trailing Overlay Payload,ATTACK,REJECTED,PROVENANCE,PROVENANCE,true,0
3,3111,Artifact: Appended Trailing Overlay Payload,ATTACK,REJECTED,PROVENANCE,PROVENANCE,true,0
3,3112,Artifact: Appended Trailing Overlay Payload,ATTACK,REJECTED,PROVENANCE,PROVENANCE,true,0
3,3113,Artifact: Appended Trailing Overlay Payload,ATTACK,REJECTED,PROVENANCE,PROVENANCE,true,0
3,3114,Artifact: Appended Trailing Overlay Payload,ATTACK,REJECTED,PROVENANCE,PROVENANCE,true,0
3,3115,Artifact: Appended Trailing Overlay Payload,ATTACK,REJECTED,PROVENANCE,PROVENANCE,true,0
3,3116,Artifact: Appended Trailing Overlay Payload,ATTACK,REJECTED,PROVENANCE,PROVENANCE,true,0
3,3117,Artifact: Appended Trailing Overlay Payload,ATTACK,REJECTED,PROVENANCE,PROVENANCE,true,0
3,3118,Artifact: Appended Trailing Overlay Payload,ATTACK,REJECTED,PROVENANCE,PROVENANCE,true,0
3,3119,Artifact: Appended Trailing Overlay Payload,ATTACK,REJECTED,PROVENANCE,PROVENANCE,true,0
3,3120,Artifact: Appended Trailing Overlay Payload,ATTACK,REJECTED,PROVENANCE,PROVENANCE,true,0
3,3121,Artifact: Appended Trailing Overlay Payload,ATTACK,REJECTED,PROVENANCE,PROVENANCE,true,0
3,3122,Artifact: Appended Trailing Overlay Payload,ATTACK,REJECTED,PROVENANCE,PROVENANCE,true,0
3,3123,Artifact: Appended Trailing Overlay Payload,ATTACK,REJECTED,PROVENANCE,PROVENANCE,true,0
3,3124,Artifact: Appended Trailing Overlay Payload,ATTACK,REJECTED,PROVENANCE,PROVENANCE,true,0
3,3125,Artifact: Appended Trailing Overlay Payload,ATTACK,REJECTED,PROVENANCE,PROVENANCE,true,0
3,3126,Artifact: Appended Trailing Overlay Payload,ATTACK,REJECTED,PROVENANCE,PROVENANCE,true,0
3,3127,Artifact: Appended Trailing Overlay Payload,ATTACK,REJECTED,PROVENANCE,PROVENANCE,true,0
3,3128,Artifact: Appended Trailing Overlay Payload,ATTACK,REJECTED,PROVENANCE,PROVENANCE,true,0
3,3129,Artifact: Appended Trailing Overlay Payload,ATTACK,REJECTED,PROVENANCE,PROVENANCE,true,0
3,3130,Artifact: Appended Trailing Overlay Payload,ATTACK,REJECTED,PROVENANCE,PROVENANCE,true,0
3,3131,Artifact: Appended Trailing Overlay Payload,ATTACK,REJECTED,PROVENANCE,PROVENANCE,true,0
3,3132,Artifact: Appended Trailing Overlay Payload,ATTACK,REJECTED,PROVENANCE,PROVENANCE,true,0
3,3133,Artifact: Appended Trailing Overlay Payload,ATTACK,REJECTED,PROVENANCE,PROVENANCE,true,0
3,3134,Artifact: Appended Trailing Overlay Payload,ATTACK,REJECTED,PROVENANCE,PROVENANCE,true,0
3,3135,Artifact: Appended Trailing Overlay Payload,ATTACK,REJECTED,PROVENANCE,PROVENANCE,true,0
3,3136,Artifact: Appended Trailing Overlay Payload,ATTACK,REJECTED,PROVENANCE,PROVENANCE,true,0
3,3137,Artifact: Appended Trailing Overlay Payload,ATTACK,REJECTED,PROVENANCE,PROVENANCE,true,0
3,3138,Artifact: Appended Trailing Overlay Payload,ATTACK,REJECTED,PROVENANCE,PROVENANCE,true,0
3,3139,Artifact: Appended Trailing Overlay Payload,ATTACK,REJECTED,PROVENANCE,PROVENANCE,true,0
3,3140,Artifact: Appended Trailing Overlay Payload,ATTACK,REJECTED,PROVENANCE,PROVENANCE,true,0
3,3141,Artifact: Appended Trailing Overlay Payload,ATTACK,REJECTED,PROVENANCE,PROVENANCE,true,0
3,3142,Artifact: Appended Trailing Overlay Payload,ATTACK,REJECTED,PROVENANCE,PROVENANCE,true,0
3,3143,Artifact: Appended Trailing Overlay Payload,ATTACK,REJECTED,PROVENANCE,PROVENANCE,true,0
3,3144,Artifact: Appended Trailing Overlay Payload,ATTACK,REJECTED,PROVENANCE,PROVENANCE,true,0
3,3145,Artifact: Appended Trailing Overlay Payload,ATTACK,REJECTED,PROVENANCE,PROVENANCE,true,0
3,3146,Artifact: Appended Trailing Overlay Payload,ATTACK,REJECTED,PROVENANCE,PROVENANCE,true,0
3,3147,Artifact: Appended Trailing Overlay Payload,ATTACK,REJECTED,PROVENANCE,PROVENANCE,true,0
3,3148,Artifact: Appended Trailing Overlay Payload,ATTACK,REJECTED,PROVENANCE,PROVENANCE,true,0
3,3149,Artifact: Appended Trailing Overlay Payload,ATTACK,REJECTED,PROVENANCE,PROVENANCE,true,0
3,3150,Artifact: Appended Trailing Overlay Payload,ATTACK,REJECTED,PROVENANCE,PROVENANCE,true,0
3,3151,SBOM: Stealth Transitive Component Omission,ATTACK,REJECTED,SBOM,SBOM,true,0
3,3152,SBOM: Stealth Transitive Component Omission,ATTACK,REJECTED,SBOM,SBOM,true,0
3,3153,SBOM: Stealth Transitive Component Omission,ATTACK,REJECTED,SBOM,SBOM,true,0
3,3154,SBOM: Stealth Transitive Component Omission,ATTACK,REJECTED,SBOM,SBOM,true,0
3,3155,SBOM: Stealth Transitive Component Omission,ATTACK,REJECTED,SBOM,SBOM,true,0
3,3156,SBOM: Stealth Transitive Component Omission,ATTACK,REJECTED,SBOM,SBOM,true,0
3,3157,SBOM: Stealth Transitive Component Omission,ATTACK,REJECTED,SBOM,SBOM,true,0
3,3158,SBOM: Stealth Transitive Component Omission,ATTACK,REJECTED,SBOM,SBOM,true,0
3,3159,SBOM: Stealth Transitive Component Omission,ATTACK,REJECTED,SBOM,SBOM,true,0
3,3160,SBOM: Stealth Transitive Component Omission,ATTACK,REJECTED,SBOM,SBOM,true,0
3,3161,SBOM: Stealth Transitive Component Omission,ATTACK,REJECTED,SBOM,SBOM,true,0
3,3162,SBOM: Stealth Transitive Component Omission,ATTACK,REJECTED,SBOM,SBOM,true,0
3,3163,SBOM: Stealth Transitive Component Omission,ATTACK,REJECTED,SBOM,SBOM,true,0
3,3164,SBOM: Stealth Transitive Component Omission,ATTACK,REJECTED,SBOM,SBOM,true,0
3,3165,SBOM: Stealth Transitive Component Omission,ATTACK,REJECTED,SBOM,SBOM,true,0
3,3166,SBOM: Stealth Transitive Component Omission,ATTACK,REJECTED,SBOM,SBOM,true,0
3,3167,SBOM: Stealth Transitive Component Omission,ATTACK,REJECTED,SBOM,SBOM,true,0
3,3168,SBOM: Stealth Transitive Component Omission,ATTACK,REJECTED,SBOM,SBOM,true,0
3,3169,SBOM: Stealth Transitive Component Omission,ATTACK,REJECTED,SBOM,SBOM,true,0
3,3170,SBOM: Stealth Transitive Component Omission,ATTACK,REJECTED,SBOM,SBOM,true,0
3,3171,SBOM: Stealth Transitive Component Omission,ATTACK,REJECTED,SBOM,SBOM,true,0
3,3172,SBOM: Stealth Transitive Component Omission,ATTACK,REJECTED,SBOM,SBOM,true,0
3,3173,SBOM: Stealth Transitive Component Omission,ATTACK,REJECTED,SBOM,SBOM,true,0
3,3174,SBOM: Stealth Transitive Component Omission,ATTACK,REJECTED,SBOM,SBOM,true,0
3,3175,SBOM: Stealth Transitive Component Omission,ATTACK,REJECTED,SBOM,SBOM,true,0
3,3176,SBOM: Stealth Transitive Component Omission,ATTACK,REJECTED,SBOM,SBOM,true,0
3,3177,SBOM: Stealth Transitive Component Omission,ATTACK,REJECTED,SBOM,SBOM,true,0
3,3178,SBOM: Stealth Transitive Component Omission,ATTACK,REJECTED,SBOM,SBOM,true,0
3,3179,SBOM: Stealth Transitive Component Omission,ATTACK,REJECTED,SBOM,SBOM,true,0
3,3180,SBOM: Stealth Transitive Component Omission,ATTACK,REJECTED,SBOM,SBOM,true,0
3,3181,SBOM: Stealth Transitive Component Omission,ATTACK,REJECTED,SBOM,SBOM,true,0
3,3182,SBOM: Stealth Transitive Component Omission,ATTACK,REJECTED,SBOM,SBOM,true,0
3,3183,SBOM: Stealth Transitive Component Omission,ATTACK,REJECTED,SBOM,SBOM,true,0
3,3184,SBOM: Stealth Transitive Component Omission,ATTACK,REJECTED,SBOM,SBOM,true,1504
3,3185,SBOM: Stealth Transitive Component Omission,ATTACK,REJECTED,SBOM,SBOM,true,0
3,3186,SBOM: Stealth Transitive Component Omission,ATTACK,REJECTED,SBOM,SBOM,true,0
3,3187,SBOM: Stealth Transitive Component Omission,ATTACK,REJECTED,SBOM,SBOM,true,0
3,3188,SBOM: Stealth Transitive Component Omission,ATTACK,REJECTED,SBOM,SBOM,true,0
3,3189,SBOM: Stealth Transitive Component Omission,ATTACK,REJECTED,SBOM,SBOM,true,0
3,3190,SBOM: Stealth Transitive Component Omission,ATTACK,REJECTED,SBOM,SBOM,true,0
3,3191,SBOM: Stealth Transitive Component Omission,ATTACK,REJECTED,SBOM,SBOM,true,0
3,3192,SBOM: Stealth Transitive Component Omission,ATTACK,REJECTED,SBOM,SBOM,true,0
3,3193,SBOM: Stealth Transitive Component Omission,ATTACK,REJECTED,SBOM,SBOM,true,0
3,3194,SBOM: Stealth Transitive Component Omission,ATTACK,REJECTED,SBOM,SBOM,true,0
3,3195,SBOM: Stealth Transitive Component Omission,ATTACK,REJECTED,SBOM,SBOM,true,0
3,3196,SBOM: Stealth Transitive Component Omission,ATTACK,REJECTED,SBOM,SBOM,true,0
3,3197,SBOM: Stealth Transitive Component Omission,ATTACK,REJECTED,SBOM,SBOM,true,0
3,3198,SBOM: Stealth Transitive Component Omission,ATTACK,REJECTED,SBOM,SBOM,true,0
3,3199,SBOM: Stealth Transitive Component Omission,ATTACK,REJECTED,SBOM,SBOM,true,0
3,3200,SBOM: Stealth Transitive Component Omission,ATTACK,REJECTED,SBOM,SBOM,true,0
3,3201,Provenance: Stale Attestation Replay Attack,ATTACK,REJECTED,PROVENANCE,PROVENANCE,true,0
3,3202,Provenance: Stale Attestation Replay Attack,ATTACK,REJECTED,PROVENANCE,PROVENANCE,true,0
3,3203,Provenance: Stale Attestation Replay Attack,ATTACK,REJECTED,PROVENANCE,PROVENANCE,true,0
3,3204,Provenance: Stale Attestation Replay Attack,ATTACK,REJECTED,PROVENANCE,PROVENANCE,true,0
3,3205,Provenance: Stale Attestation Replay Attack,ATTACK,REJECTED,PROVENANCE,PROVENANCE,true,0
3,3206,Provenance: Stale Attestation Replay Attack,ATTACK,REJECTED,PROVENANCE,PROVENANCE,true,0
3,3207,Provenance: Stale Attestation Replay Attack,ATTACK,REJECTED,PROVENANCE,PROVENANCE,true,0
3,3208,Provenance: Stale Attestation Replay Attack,ATTACK,REJECTED,PROVENANCE,PROVENANCE,true,0
3,3209,Provenance: Stale Attestation Replay Attack,ATTACK,REJECTED,PROVENANCE,PROVENANCE,true,0
3,3210,Provenance: Stale Attestation Replay Attack,ATTACK,REJECTED,PROVENANCE,PROVENANCE,true,0
3,3211,Provenance: Stale Attestation Replay Attack,ATTACK,REJECTED,PROVENANCE,PROVENANCE,true,0
3,3212,Provenance: Stale Attestation Replay Attack,ATTACK,REJECTED,PROVENANCE,PROVENANCE,true,0
3,3213,Provenance: Stale Attestation Replay Attack,ATTACK,REJECTED,PROVENANCE,PROVENANCE,true,0
3,3214,Provenance: Stale Attestation Replay Attack,ATTACK,REJECTED,PROVENANCE,PROVENANCE,true,0
3,3215,Provenance: Stale Attestation Replay Attack,ATTACK,REJECTED,PROVENANCE,PROVENANCE,true,0
3,3216,Provenance: Stale Attestation Replay Attack,ATTACK,REJECTED,PROVENANCE,PROVENANCE,true,0
3,3217,Provenance: Stale Attestation Replay Attack,ATTACK,REJECTED,PROVENANCE,PROVENANCE,true,0
3,3218,Provenance: Stale Attestation Replay Attack,ATTACK,REJECTED,PROVENANCE,PROVENANCE,true,0
3,3219,Provenance: Stale Attestation Replay Attack,ATTACK,REJECTED,PROVENANCE,PROVENANCE,true,0
3,3220,Provenance: Stale Attestation Replay Attack,ATTACK,REJECTED,PROVENANCE,PROVENANCE,true,0
3,3221,Provenance: Stale Attestation Replay Attack,ATTACK,REJECTED,PROVENANCE,PROVENANCE,true,0
3,3222,Provenance: Stale Attestation Replay Attack,ATTACK,REJECTED,PROVENANCE,PROVENANCE,true,0
3,3223,Provenance: Stale Attestation Replay Attack,ATTACK,REJECTED,PROVENANCE,PROVENANCE,true,0
3,3224,Provenance: Stale Attestation Replay Attack,ATTACK,REJECTED,PROVENANCE,PROVENANCE,true,0
3,3225,Provenance: Stale Attestation Replay Attack,ATTACK,REJECTED,PROVENANCE,PROVENANCE,true,0
3,3226,Provenance: Stale Attestation Replay Attack,ATTACK,REJECTED,PROVENANCE,PROVENANCE,true,0
3,3227,Provenance: Stale Attestation Replay Attack,ATTACK,REJECTED,PROVENANCE,PROVENANCE,true,0
3,3228,Provenance: Stale Attestation Replay Attack,ATTACK,REJECTED,PROVENANCE,PROVENANCE,true,0
3,3229,Provenance: Stale Attestation Replay Attack,ATTACK,REJECTED,PROVENANCE,PROVENANCE,true,0
3,3230,Provenance: Stale Attestation Replay Attack,ATTACK,REJECTED,PROVENANCE,PROVENANCE,true,0
3,3231,Provenance: Stale Attestation Replay Attack,ATTACK,REJECTED,PROVENANCE,PROVENANCE,true,0
3,3232,Provenance: Stale Attestation Replay Attack,ATTACK,REJECTED,PROVENANCE,PROVENANCE,true,0
3,3233,Provenance: Stale Attestation Replay Attack,ATTACK,REJECTED,PROVENANCE,PROVENANCE,true,0
3,3234,Provenance: Stale Attestation Replay Attack,ATTACK,REJECTED,PROVENANCE,PROVENANCE,true,0
3,3235,Provenance: Stale Attestation Replay Attack,ATTACK,REJECTED,PROVENANCE,PROVENANCE,true,0
3,3236,Provenance: Stale Attestation Replay Attack,ATTACK,REJECTED,PROVENANCE,PROVENANCE,true,0
3,3237,Provenance: Stale Attestation Replay Attack,ATTACK,REJECTED,PROVENANCE,PROVENANCE,true,0
3,3238,Provenance: Stale Attestation Replay Attack,ATTACK,REJECTED,PROVENANCE,PROVENANCE,true,0
3,3239,Provenance: Stale Attestation Replay Attack,ATTACK,REJECTED,PROVENANCE,PROVENANCE,true,0
3,3240,Provenance: Stale Attestation Replay Attack,ATTACK,REJECTED,PROVENANCE,PROVENANCE,true,0
3,3241,Provenance: Stale Attestation Replay Attack,ATTACK,REJECTED,PROVENANCE,PROVENANCE,true,0
3,3242,Provenance: Stale Attestation Replay Attack,ATTACK,REJECTED,PROVENANCE,PROVENANCE,true,0
3,3243,Provenance: Stale Attestation Replay Attack,ATTACK,REJECTED,PROVENANCE,PROVENANCE,true,0
3,3244,Provenance: Stale Attestation Replay Attack,ATTACK,REJECTED,PROVENANCE,PROVENANCE,true,0
3,3245,Provenance: Stale Attestation Replay Attack,ATTACK,REJECTED,PROVENANCE,PROVENANCE,true,0
3,3246,Provenance: Stale Attestation Replay Attack,ATTACK,REJECTED,PROVENANCE,PROVENANCE,true,0
3,3247,Provenance: Stale Attestation Replay Attack,ATTACK,REJECTED,PROVENANCE,PROVENANCE,true,0
3,3248,Provenance: Stale Attestation Replay Attack,ATTACK,REJECTED,PROVENANCE,PROVENANCE,true,0
3,3249,Provenance: Stale Attestation Replay Attack,ATTACK,REJECTED,PROVENANCE,PROVENANCE,true,0
3,3250,Provenance: Stale Attestation Replay Attack,ATTACK,REJECTED,PROVENANCE,PROVENANCE,true,0
3,3251,Provenance: Intermediate Digest Masking,ATTACK,REJECTED,PROVENANCE,PROVENANCE,true,0
3,3252,Provenance: Intermediate Digest Masking,ATTACK,REJECTED,PROVENANCE,PROVENANCE,true,0
3,3253,Provenance: Intermediate Digest Masking,ATTACK,REJECTED,PROVENANCE,PROVENANCE,true,0
3,3254,Provenance: Intermediate Digest Masking,ATTACK,REJECTED,PROVENANCE,PROVENANCE,true,0
3,3255,Provenance: Intermediate Digest Masking,ATTACK,REJECTED,PROVENANCE,PROVENANCE,true,0
3,3256,Provenance: Intermediate Digest Masking,ATTACK,REJECTED,PROVENANCE,PROVENANCE,true,0
3,3257,Provenance: Intermediate Digest Masking,ATTACK,REJECTED,PROVENANCE,PROVENANCE,true,0
3,3258,Provenance: Intermediate Digest Masking,ATTACK,REJECTED,PROVENANCE,PROVENANCE,true,0
3,3259,Provenance: Intermediate Digest Masking,ATTACK,REJECTED,PROVENANCE,PROVENANCE,true,0
3,3260,Provenance: Intermediate Digest Masking,ATTACK,REJECTED,PROVENANCE,PROVENANCE,true,0
3,3261,Provenance: Intermediate Digest Masking,ATTACK,REJECTED,PROVENANCE,PROVENANCE,true,0
3,3262,Provenance: Intermediate Digest Masking,ATTACK,REJECTED,PROVENANCE,PROVENANCE,true,0
3,3263,Provenance: Intermediate Digest Masking,ATTACK,REJECTED,PROVENANCE,PROVENANCE,true,0
3,3264,Provenance: Intermediate Digest Masking,ATTACK,REJECTED,PROVENANCE,PROVENANCE,true,0
3,3265,Provenance: Intermediate Digest Masking,ATTACK,REJECTED,PROVENANCE,PROVENANCE,true,0
3,3266,Provenance: Intermediate Digest Masking,ATTACK,REJECTED,PROVENANCE,PROVENANCE,true,0
3,3267,Provenance: Intermediate Digest Masking,ATTACK,REJECTED,PROVENANCE,PROVENANCE,true,0
3,3268,Provenance: Intermediate Digest Masking,ATTACK,REJECTED,PROVENANCE,PROVENANCE,true,0
3,3269,Provenance: Intermediate Digest Masking,ATTACK,REJECTED,PROVENANCE,PROVENANCE,true,0
3,3270,Provenance: Intermediate Digest Masking,ATTACK,REJECTED,PROVENANCE,PROVENANCE,true,0
3,3271,Provenance: Intermediate Digest Masking,ATTACK,REJECTED,PROVENANCE,PROVENANCE,true,0
3,3272,Provenance: Intermediate Digest Masking,ATTACK,REJECTED,PROVENANCE,PROVENANCE,true,0
3,3273,Provenance: Intermediate Digest Masking,ATTACK,REJECTED,PROVENANCE,PROVENANCE,true,0
3,3274,Provenance: Intermediate Digest Masking,ATTACK,REJECTED,PROVENANCE,PROVENANCE,true,0
3,3275,Provenance: Intermediate Digest Masking,ATTACK,REJECTED,PROVENANCE,PROVENANCE,true,0
3,3276,Provenance: Intermediate Digest Masking,ATTACK,REJECTED,PROVENANCE,PROVENANCE,true,1006
3,3277,Provenance: Intermediate Digest Masking,ATTACK,REJECTED,PROVENANCE,PROVENANCE,true,0
3,3278,Provenance: Intermediate Digest Masking,ATTACK,REJECTED,PROVENANCE,PROVENANCE,true,0
3,3279,Provenance: Intermediate Digest Masking,ATTACK,REJECTED,PROVENANCE,PROVENANCE,true,0
3,3280,Provenance: Intermediate Digest Masking,ATTACK,REJECTED,PROVENANCE,PROVENANCE,true,0
3,3281,Provenance: Intermediate Digest Masking,ATTACK,REJECTED,PROVENANCE,PROVENANCE,true,0
3,3282,Provenance: Intermediate Digest Masking,ATTACK,REJECTED,PROVENANCE,PROVENANCE,true,0
3,3283,Provenance: Intermediate Digest Masking,ATTACK,REJECTED,PROVENANCE,PROVENANCE,true,0
3,3284,Provenance: Intermediate Digest Masking,ATTACK,REJECTED,PROVENANCE,PROVENANCE,true,0
3,3285,Provenance: Intermediate Digest Masking,ATTACK,REJECTED,PROVENANCE,PROVENANCE,true,0
3,3286,Provenance: Intermediate Digest Masking,ATTACK,REJECTED,PROVENANCE,PROVENANCE,true,0
3,3287,Provenance: Intermediate Digest Masking,ATTACK,REJECTED,PROVENANCE,PROVENANCE,true,0
3,3288,Provenance: Intermediate Digest Masking,ATTACK,REJECTED,PROVENANCE,PROVENANCE,true,0
3,3289,Provenance: Intermediate Digest Masking,ATTACK,REJECTED,PROVENANCE,PROVENANCE,true,0
3,3290,Provenance: Intermediate Digest Masking,ATTACK,REJECTED,PROVENANCE,PROVENANCE,true,0
3,3291,Provenance: Intermediate Digest Masking,ATTACK,REJECTED,PROVENANCE,PROVENANCE,true,0
3,3292,Provenance: Intermediate Digest Masking,ATTACK,REJECTED,PROVENANCE,PROVENANCE,true,0
3,3293,Provenance: Intermediate Digest Masking,ATTACK,REJECTED,PROVENANCE,PROVENANCE,true,0
3,3294,Provenance: Intermediate Digest Masking,ATTACK,REJECTED,PROVENANCE,PROVENANCE,true,0
3,3295,Provenance: Intermediate Digest Masking,ATTACK,REJECTED,PROVENANCE,PROVENANCE,true,0
3,3296,Provenance: Intermediate Digest Masking,ATTACK,REJECTED,PROVENANCE,PROVENANCE,true,0
3,3297,Provenance: Intermediate Digest Masking,ATTACK,REJECTED,PROVENANCE,PROVENANCE,true,0
3,3298,Provenance: Intermediate Digest Masking,ATTACK,REJECTED,PROVENANCE,PROVENANCE,true,0
3,3299,Provenance: Intermediate Digest Masking,ATTACK,REJECTED,PROVENANCE,PROVENANCE,true,0
3,3300,Provenance: Intermediate Digest Masking,ATTACK,REJECTED,PROVENANCE,PROVENANCE,true,0
3,3301,Signature: Foreign Key from Untrusted Store,ATTACK,REJECTED,SIGNATURE,SIGNATURE,true,0
3,3302,Signature: Foreign Key from Untrusted Store,ATTACK,REJECTED,SIGNATURE,SIGNATURE,true,0
3,3303,Signature: Foreign Key from Untrusted Store,ATTACK,REJECTED,SIGNATURE,SIGNATURE,true,0
3,3304,Signature: Foreign Key from Untrusted Store,ATTACK,REJECTED,SIGNATURE,SIGNATURE,true,0
3,3305,Signature: Foreign Key from Untrusted Store,ATTACK,REJECTED,SIGNATURE,SIGNATURE,true,0
3,3306,Signature: Foreign Key from Untrusted Store,ATTACK,REJECTED,SIGNATURE,SIGNATURE,true,0
3,3307,Signature: Foreign Key from Untrusted Store,ATTACK,REJECTED,SIGNATURE,SIGNATURE,true,0
3,3308,Signature: Foreign Key from Untrusted Store,ATTACK,REJECTED,SIGNATURE,SIGNATURE,true,0
3,3309,Signature: Foreign Key from Untrusted Store,ATTACK,REJECTED,SIGNATURE,SIGNATURE,true,0
3,3310,Signature: Foreign Key from Untrusted Store,ATTACK,REJECTED,SIGNATURE,SIGNATURE,true,0
3,3311,Signature: Foreign Key from Untrusted Store,ATTACK,REJECTED,SIGNATURE,SIGNATURE,true,0
3,3312,Signature: Foreign Key from Untrusted Store,ATTACK,REJECTED,SIGNATURE,SIGNATURE,true,0
3,3313,Signature: Foreign Key from Untrusted Store,ATTACK,REJECTED,SIGNATURE,SIGNATURE,true,0
3,3314,Signature: Foreign Key from Untrusted Store,ATTACK,REJECTED,SIGNATURE,SIGNATURE,true,0
3,3315,Signature: Foreign Key from Untrusted Store,ATTACK,REJECTED,SIGNATURE,SIGNATURE,true,0
3,3316,Signature: Foreign Key from Untrusted Store,ATTACK,REJECTED,SIGNATURE,SIGNATURE,true,0
3,3317,Signature: Foreign Key from Untrusted Store,ATTACK,REJECTED,SIGNATURE,SIGNATURE,true,0
3,3318,Signature: Foreign Key from Untrusted Store,ATTACK,REJECTED,SIGNATURE,SIGNATURE,true,0
3,3319,Signature: Foreign Key from Untrusted Store,ATTACK,REJECTED,SIGNATURE,SIGNATURE,true,0
3,3320,Signature: Foreign Key from Untrusted Store,ATTACK,REJECTED,SIGNATURE,SIGNATURE,true,0
3,3321,Signature: Foreign Key from Untrusted Store,ATTACK,REJECTED,SIGNATURE,SIGNATURE,true,0
3,3322,Signature: Foreign Key from Untrusted Store,ATTACK,REJECTED,SIGNATURE,SIGNATURE,true,0
3,3323,Signature: Foreign Key from Untrusted Store,ATTACK,REJECTED,SIGNATURE,SIGNATURE,true,0
3,3324,Signature: Foreign Key from Untrusted Store,ATTACK,REJECTED,SIGNATURE,SIGNATURE,true,0
3,3325,Signature: Foreign Key from Untrusted Store,ATTACK,REJECTED,SIGNATURE,SIGNATURE,true,0
3,3326,Signature: Foreign Key from Untrusted Store,ATTACK,REJECTED,SIGNATURE,SIGNATURE,true,0
3,3327,Signature: Foreign Key from Untrusted Store,ATTACK,REJECTED,SIGNATURE,SIGNATURE,true,0
3,3328,Signature: Foreign Key from Untrusted Store,ATTACK,REJECTED,SIGNATURE,SIGNATURE,true,0
3,3329,Signature: Foreign Key from Untrusted Store,ATTACK,REJECTED,SIGNATURE,SIGNATURE,true,0
3,3330,Signature: Foreign Key from Untrusted Store,ATTACK,REJECTED,SIGNATURE,SIGNATURE,true,0
3,3331,Signature: Foreign Key from Untrusted Store,ATTACK,REJECTED,SIGNATURE,SIGNATURE,true,0
3,3332,Signature: Foreign Key from Untrusted Store,ATTACK,REJECTED,SIGNATURE,SIGNATURE,true,0
3,3333,Signature: Foreign Key from Untrusted Store,ATTACK,REJECTED,SIGNATURE,SIGNATURE,true,0
3,3334,Signature: Foreign Key from Untrusted Store,ATTACK,REJECTED,SIGNATURE,SIGNATURE,true,0
3,3335,Signature: Foreign Key from Untrusted Store,ATTACK,REJECTED,SIGNATURE,SIGNATURE,true,0
3,3336,Signature: Foreign Key from Untrusted Store,ATTACK,REJECTED,SIGNATURE,SIGNATURE,true,0
3,3337,Signature: Foreign Key from Untrusted Store,ATTACK,REJECTED,SIGNATURE,SIGNATURE,true,0
3,3338,Signature: Foreign Key from Untrusted Store,ATTACK,REJECTED,SIGNATURE,SIGNATURE,true,0
3,3339,Signature: Foreign Key from Untrusted Store,ATTACK,REJECTED,SIGNATURE,SIGNATURE,true,0
3,3340,Signature: Foreign Key from Untrusted Store,ATTACK,REJECTED,SIGNATURE,SIGNATURE,true,0
3,3341,Signature: Foreign Key from Untrusted Store,ATTACK,REJECTED,SIGNATURE,SIGNATURE,true,0
3,3342,Signature: Foreign Key from Untrusted Store,ATTACK,REJECTED,SIGNATURE,SIGNATURE,true,0
3,3343,Signature: Foreign Key from Untrusted Store,ATTACK,REJECTED,SIGNATURE,SIGNATURE,true,0
3,3344,Signature: Foreign Key from Untrusted Store,ATTACK,REJECTED,SIGNATURE,SIGNATURE,true,0
3,3345,Signature: Foreign Key from Untrusted Store,ATTACK,REJECTED,SIGNATURE,SIGNATURE,true,0
3,3346,Signature: Foreign Key from Untrusted Store,ATTACK,REJECTED,SIGNATURE,SIGNATURE,true,0
3,3347,Signature: Foreign Key from Untrusted Store,ATTACK,REJECTED,SIGNATURE,SIGNATURE,true,0
3,3348,Signature: Foreign Key from Untrusted Store,ATTACK,REJECTED,SIGNATURE,SIGNATURE,true,0
3,3349,Signature: Foreign Key from Untrusted Store,ATTACK,REJECTED,SIGNATURE,SIGNATURE,true,0
3,3350,Signature: Foreign Key from Untrusted Store,ATTACK,REJECTED,SIGNATURE,SIGNATURE,true,0
3,3351,Temporal: Impossible Causality Inversion,ATTACK,REJECTED,PROVENANCE,PROVENANCE,true,0
3,3352,Temporal: Impossible Causality Inversion,ATTACK,REJECTED,PROVENANCE,PROVENANCE,true,0
3,3353,Temporal: Impossible Causality Inversion,ATTACK,REJECTED,PROVENANCE,PROVENANCE,true,0
3,3354,Temporal: Impossible Causality Inversion,ATTACK,REJECTED,PROVENANCE,PROVENANCE,true,0
3,3355,Temporal: Impossible Causality Inversion,ATTACK,REJECTED,PROVENANCE,PROVENANCE,true,0
3,3356,Temporal: Impossible Causality Inversion,ATTACK,REJECTED,PROVENANCE,PROVENANCE,true,0
3,3357,Temporal: Impossible Causality Inversion,ATTACK,REJECTED,PROVENANCE,PROVENANCE,true,0
3,3358,Temporal: Impossible Causality Inversion,ATTACK,REJECTED,PROVENANCE,PROVENANCE,true,0
3,3359,Temporal: Impossible Causality Inversion,ATTACK,REJECTED,PROVENANCE,PROVENANCE,true,0
3,3360,Temporal: Impossible Causality Inversion,ATTACK,REJECTED,PROVENANCE,PROVENANCE,true,0
3,3361,Temporal: Impossible Causality Inversion,ATTACK,REJECTED,PROVENANCE,PROVENANCE,true,0
3,3362,Temporal: Impossible Causality Inversion,ATTACK,REJECTED,PROVENANCE,PROVENANCE,true,0
3,3363,Temporal: Impossible Causality Inversion,ATTACK,REJECTED,PROVENANCE,PROVENANCE,true,0
3,3364,Temporal: Impossible Causality Inversion,ATTACK,REJECTED,PROVENANCE,PROVENANCE,true,0
3,3365,Temporal: Impossible Causality Inversion,ATTACK,REJECTED,PROVENANCE,PROVENANCE,true,0
3,3366,Temporal: Impossible Causality Inversion,ATTACK,REJECTED,PROVENANCE,PROVENANCE,true,0
3,3367,Temporal: Impossible Causality Inversion,ATTACK,REJECTED,PROVENANCE,PROVENANCE,true,0
3,3368,Temporal: Impossible Causality Inversion,ATTACK,REJECTED,PROVENANCE,PROVENANCE,true,0
3,3369,Temporal: Impossible Causality Inversion,ATTACK,REJECTED,PROVENANCE,PROVENANCE,true,0
3,3370,Temporal: Impossible Causality Inversion,ATTACK,REJECTED,PROVENANCE,PROVENANCE,true,0
3,3371,Temporal: Impossible Causality Inversion,ATTACK,REJECTED,PROVENANCE,PROVENANCE,true,0
3,3372,Temporal: Impossible Causality Inversion,ATTACK,REJECTED,PROVENANCE,PROVENANCE,true,0
3,3373,Temporal: Impossible Causality Inversion,ATTACK,REJECTED,PROVENANCE,PROVENANCE,true,0
3,3374,Temporal: Impossible Causality Inversion,ATTACK,REJECTED,PROVENANCE,PROVENANCE,true,0
3,3375,Temporal: Impossible Causality Inversion,ATTACK,REJECTED,PROVENANCE,PROVENANCE,true,0
3,3376,Temporal: Impossible Causality Inversion,ATTACK,REJECTED,PROVENANCE,PROVENANCE,true,0
3,3377,Temporal: Impossible Causality Inversion,ATTACK,REJECTED,PROVENANCE,PROVENANCE,true,0
3,3378,Temporal: Impossible Causality Inversion,ATTACK,REJECTED,PROVENANCE,PROVENANCE,true,0
3,3379,Temporal: Impossible Causality Inversion,ATTACK,REJECTED,PROVENANCE,PROVENANCE,true,0
3,3380,Temporal: Impossible Causality Inversion,ATTACK,REJECTED,PROVENANCE,PROVENANCE,true,0
3,3381,Temporal: Impossible Causality Inversion,ATTACK,REJECTED,PROVENANCE,PROVENANCE,true,0
3,3382,Temporal: Impossible Causality Inversion,ATTACK,REJECTED,PROVENANCE,PROVENANCE,true,0
3,3383,Temporal: Impossible Causality Inversion,ATTACK,REJECTED,PROVENANCE,PROVENANCE,true,0
3,3384,Temporal: Impossible Causality Inversion,ATTACK,REJECTED,PROVENANCE,PROVENANCE,true,0
3,3385,Temporal: Impossible Causality Inversion,ATTACK,REJECTED,PROVENANCE,PROVENANCE,true,0
3,3386,Temporal: Impossible Causality Inversion,ATTACK,REJECTED,PROVENANCE,PROVENANCE,true,0
3,3387,Temporal: Impossible Causality Inversion,ATTACK,REJECTED,PROVENANCE,PROVENANCE,true,0
3,3388,Temporal: Impossible Causality Inversion,ATTACK,REJECTED,PROVENANCE,PROVENANCE,true,0
3,3389,Temporal: Impossible Causality Inversion,ATTACK,REJECTED,PROVENANCE,PROVENANCE,true,0
3,3390,Temporal: Impossible Causality Inversion,ATTACK,REJECTED,PROVENANCE,PROVENANCE,true,0
3,3391,Temporal: Impossible Causality Inversion,ATTACK,REJECTED,PROVENANCE,PROVENANCE,true,0
3,3392,Temporal: Impossible Causality Inversion,ATTACK,REJECTED,PROVENANCE,PROVENANCE,true,0
3,3393,Temporal: Impossible Causality Inversion,ATTACK,REJECTED,PROVENANCE,PROVENANCE,true,0
3,3394,Temporal: Impossible Causality Inversion,ATTACK,REJECTED,PROVENANCE,PROVENANCE,true,0
3,3395,Temporal: Impossible Causality Inversion,ATTACK,REJECTED,PROVENANCE,PROVENANCE,true,1731
3,3396,Temporal: Impossible Causality Inversion,ATTACK,REJECTED,PROVENANCE,PROVENANCE,true,0
3,3397,Temporal: Impossible Causality Inversion,ATTACK,REJECTED,PROVENANCE,PROVENANCE,true,0
3,3398,Temporal: Impossible Causality Inversion,ATTACK,REJECTED,PROVENANCE,PROVENANCE,true,0
3,3399,Temporal: Impossible Causality Inversion,ATTACK,REJECTED,PROVENANCE,PROVENANCE,true,0
3,3400,Temporal: Impossible Causality Inversion,ATTACK,REJECTED,PROVENANCE,PROVENANCE,true,0
3,3401,Composed: Dual-Layer Source + Dependency Attack,ATTACK,REJECTED,SOURCE,SOURCE,true,0
3,3402,Composed: Dual-Layer Source + Dependency Attack,ATTACK,REJECTED,SOURCE,SOURCE,true,0
3,3403,Composed: Dual-Layer Source + Dependency Attack,ATTACK,REJECTED,SOURCE,SOURCE,true,0
3,3404,Composed: Dual-Layer Source + Dependency Attack,ATTACK,REJECTED,SOURCE,SOURCE,true,0
3,3405,Composed: Dual-Layer Source + Dependency Attack,ATTACK,REJECTED,SOURCE,SOURCE,true,0
3,3406,Composed: Dual-Layer Source + Dependency Attack,ATTACK,REJECTED,SOURCE,SOURCE,true,0
3,3407,Composed: Dual-Layer Source + Dependency Attack,ATTACK,REJECTED,SOURCE,SOURCE,true,0
3,3408,Composed: Dual-Layer Source + Dependency Attack,ATTACK,REJECTED,SOURCE,SOURCE,true,0
3,3409,Composed: Dual-Layer Source + Dependency Attack,ATTACK,REJECTED,SOURCE,SOURCE,true,0
3,3410,Composed: Dual-Layer Source + Dependency Attack,ATTACK,REJECTED,SOURCE,SOURCE,true,0
3,3411,Composed: Dual-Layer Source + Dependency Attack,ATTACK,REJECTED,SOURCE,SOURCE,true,0
3,3412,Composed: Dual-Layer Source + Dependency Attack,ATTACK,REJECTED,SOURCE,SOURCE,true,0
3,3413,Composed: Dual-Layer Source + Dependency Attack,ATTACK,REJECTED,SOURCE,SOURCE,true,0
3,3414,Composed: Dual-Layer Source + Dependency Attack,ATTACK,REJECTED,SOURCE,SOURCE,true,0
3,3415,Composed: Dual-Layer Source + Dependency Attack,ATTACK,REJECTED,SOURCE,SOURCE,true,0
3,3416,Composed: Dual-Layer Source + Dependency Attack,ATTACK,REJECTED,SOURCE,SOURCE,true,0
3,3417,Composed: Dual-Layer Source + Dependency Attack,ATTACK,REJECTED,SOURCE,SOURCE,true,0
3,3418,Composed: Dual-Layer Source + Dependency Attack,ATTACK,REJECTED,SOURCE,SOURCE,true,0
3,3419,Composed: Dual-Layer Source + Dependency Attack,ATTACK,REJECTED,SOURCE,SOURCE,true,0
3,3420,Composed: Dual-Layer Source + Dependency Attack,ATTACK,REJECTED,SOURCE,SOURCE,true,0
3,3421,Composed: Dual-Layer Source + Dependency Attack,ATTACK,REJECTED,SOURCE,SOURCE,true,0
3,3422,Composed: Dual-Layer Source + Dependency Attack,ATTACK,REJECTED,SOURCE,SOURCE,true,0
3,3423,Composed: Dual-Layer Source + Dependency Attack,ATTACK,REJECTED,SOURCE,SOURCE,true,0
3,3424,Composed: Dual-Layer Source + Dependency Attack,ATTACK,REJECTED,SOURCE,SOURCE,true,0
3,3425,Composed: Dual-Layer Source + Dependency Attack,ATTACK,REJECTED,SOURCE,SOURCE,true,0
3,3426,Composed: Dual-Layer Source + Dependency Attack,ATTACK,REJECTED,SOURCE,SOURCE,true,0
3,3427,Composed: Dual-Layer Source + Dependency Attack,ATTACK,REJECTED,SOURCE,SOURCE,true,0
3,3428,Composed: Dual-Layer Source + Dependency Attack,ATTACK,REJECTED,SOURCE,SOURCE,true,0
3,3429,Composed: Dual-Layer Source + Dependency Attack,ATTACK,REJECTED,SOURCE,SOURCE,true,0
3,3430,Composed: Dual-Layer Source + Dependency Attack,ATTACK,REJECTED,SOURCE,SOURCE,true,0
3,3431,Composed: Dual-Layer Source + Dependency Attack,ATTACK,REJECTED,SOURCE,SOURCE,true,0
3,3432,Composed: Dual-Layer Source + Dependency Attack,ATTACK,REJECTED,SOURCE,SOURCE,true,0
3,3433,Composed: Dual-Layer Source + Dependency Attack,ATTACK,REJECTED,SOURCE,SOURCE,true,0
3,3434,Composed: Dual-Layer Source + Dependency Attack,ATTACK,REJECTED,SOURCE,SOURCE,true,0
3,3435,Composed: Dual-Layer Source + Dependency Attack,ATTACK,REJECTED,SOURCE,SOURCE,true,0
3,3436,Composed: Dual-Layer Source + Dependency Attack,ATTACK,REJECTED,SOURCE,SOURCE,true,0
3,3437,Composed: Dual-Layer Source + Dependency Attack,ATTACK,REJECTED,SOURCE,SOURCE,true,0
3,3438,Composed: Dual-Layer Source + Dependency Attack,ATTACK,REJECTED,SOURCE,SOURCE,true,0
3,3439,Composed: Dual-Layer Source + Dependency Attack,ATTACK,REJECTED,SOURCE,SOURCE,true,0
3,3440,Composed: Dual-Layer Source + Dependency Attack,ATTACK,REJECTED,SOURCE,SOURCE,true,0
3,3441,Composed: Dual-Layer Source + Dependency Attack,ATTACK,REJECTED,SOURCE,SOURCE,true,0
3,3442,Composed: Dual-Layer Source + Dependency Attack,ATTACK,REJECTED,SOURCE,SOURCE,true,0
3,3443,Composed: Dual-Layer Source + Dependency Attack,ATTACK,REJECTED,SOURCE,SOURCE,true,0
3,3444,Composed: Dual-Layer Source + Dependency Attack,ATTACK,REJECTED,SOURCE,SOURCE,true,0
3,3445,Composed: Dual-Layer Source + Dependency Attack,ATTACK,REJECTED,SOURCE,SOURCE,true,0
3,3446,Composed: Dual-Layer Source + Dependency Attack,ATTACK,REJECTED,SOURCE,SOURCE,true,0
3,3447,Composed: Dual-Layer Source + Dependency Attack,ATTACK,REJECTED,SOURCE,SOURCE,true,0
3,3448,Composed: Dual-Layer Source + Dependency Attack,ATTACK,REJECTED,SOURCE,SOURCE,true,0
3,3449,Composed: Dual-Layer Source + Dependency Attack,ATTACK,REJECTED,SOURCE,SOURCE,true,0
3,3450,Composed: Dual-Layer Source + Dependency Attack,ATTACK,REJECTED,SOURCE,SOURCE,true,0
3,3451,Composed: Triple-Layer Process + Network + Binary,ATTACK,REJECTED,PROCESS,PROCESS,true,0
3,3452,Composed: Triple-Layer Process + Network + Binary,ATTACK,REJECTED,PROCESS,PROCESS,true,0
3,3453,Composed: Triple-Layer Process + Network + Binary,ATTACK,REJECTED,PROCESS,PROCESS,true,0
3,3454,Composed: Triple-Layer Process + Network + Binary,ATTACK,REJECTED,PROCESS,PROCESS,true,0
3,3455,Composed: Triple-Layer Process + Network + Binary,ATTACK,REJECTED,PROCESS,PROCESS,true,0
3,3456,Composed: Triple-Layer Process + Network + Binary,ATTACK,REJECTED,PROCESS,PROCESS,true,0
3,3457,Composed: Triple-Layer Process + Network + Binary,ATTACK,REJECTED,PROCESS,PROCESS,true,0
3,3458,Composed: Triple-Layer Process + Network + Binary,ATTACK,REJECTED,PROCESS,PROCESS,true,0
3,3459,Composed: Triple-Layer Process + Network + Binary,ATTACK,REJECTED,PROCESS,PROCESS,true,0
3,3460,Composed: Triple-Layer Process + Network + Binary,ATTACK,REJECTED,PROCESS,PROCESS,true,0
3,3461,Composed: Triple-Layer Process + Network + Binary,ATTACK,REJECTED,PROCESS,PROCESS,true,0
3,3462,Composed: Triple-Layer Process + Network + Binary,ATTACK,REJECTED,PROCESS,PROCESS,true,0
3,3463,Composed: Triple-Layer Process + Network + Binary,ATTACK,REJECTED,PROCESS,PROCESS,true,0
3,3464,Composed: Triple-Layer Process + Network + Binary,ATTACK,REJECTED,PROCESS,PROCESS,true,0
3,3465,Composed: Triple-Layer Process + Network + Binary,ATTACK,REJECTED,PROCESS,PROCESS,true,0
3,3466,Composed: Triple-Layer Process + Network + Binary,ATTACK,REJECTED,PROCESS,PROCESS,true,0
3,3467,Composed: Triple-Layer Process + Network + Binary,ATTACK,REJECTED,PROCESS,PROCESS,true,0
3,3468,Composed: Triple-Layer Process + Network + Binary,ATTACK,REJECTED,PROCESS,PROCESS,true,0
3,3469,Composed: Triple-Layer Process + Network + Binary,ATTACK,REJECTED,PROCESS,PROCESS,true,0
3,3470,Composed: Triple-Layer Process + Network + Binary,ATTACK,REJECTED,PROCESS,PROCESS,true,0
3,3471,Composed: Triple-Layer Process + Network + Binary,ATTACK,REJECTED,PROCESS,PROCESS,true,0
3,3472,Composed: Triple-Layer Process + Network + Binary,ATTACK,REJECTED,PROCESS,PROCESS,true,0
3,3473,Composed: Triple-Layer Process + Network + Binary,ATTACK,REJECTED,PROCESS,PROCESS,true,0
3,3474,Composed: Triple-Layer Process + Network + Binary,ATTACK,REJECTED,PROCESS,PROCESS,true,0
3,3475,Composed: Triple-Layer Process + Network + Binary,ATTACK,REJECTED,PROCESS,PROCESS,true,0
3,3476,Composed: Triple-Layer Process + Network + Binary,ATTACK,REJECTED,PROCESS,PROCESS,true,0
3,3477,Composed: Triple-Layer Process + Network + Binary,ATTACK,REJECTED,PROCESS,PROCESS,true,0
3,3478,Composed: Triple-Layer Process + Network + Binary,ATTACK,REJECTED,PROCESS,PROCESS,true,0
3,3479,Composed: Triple-Layer Process + Network + Binary,ATTACK,REJECTED,PROCESS,PROCESS,true,0
3,3480,Composed: Triple-Layer Process + Network + Binary,ATTACK,REJECTED,PROCESS,PROCESS,true,0
3,3481,Composed: Triple-Layer Process + Network + Binary,ATTACK,REJECTED,PROCESS,PROCESS,true,0
3,3482,Composed: Triple-Layer Process + Network + Binary,ATTACK,REJECTED,PROCESS,PROCESS,true,0
3,3483,Composed: Triple-Layer Process + Network + Binary,ATTACK,REJECTED,PROCESS,PROCESS,true,0
3,3484,Composed: Triple-Layer Process + Network + Binary,ATTACK,REJECTED,PROCESS,PROCESS,true,0
3,3485,Composed: Triple-Layer Process + Network + Binary,ATTACK,REJECTED,PROCESS,PROCESS,true,0
3,3486,Composed: Triple-Layer Process + Network + Binary,ATTACK,REJECTED,PROCESS,PROCESS,true,0
3,3487,Composed: Triple-Layer Process + Network + Binary,ATTACK,REJECTED,PROCESS,PROCESS,true,0
3,3488,Composed: Triple-Layer Process + Network + Binary,ATTACK,REJECTED,PROCESS,PROCESS,true,0
3,3489,Composed: Triple-Layer Process + Network + Binary,ATTACK,REJECTED,PROCESS,PROCESS,true,0
3,3490,Composed: Triple-Layer Process + Network + Binary,ATTACK,REJECTED,PROCESS,PROCESS,true,0
3,3491,Composed: Triple-Layer Process + Network + Binary,ATTACK,REJECTED,PROCESS,PROCESS,true,0
3,3492,Composed: Triple-Layer Process + Network + Binary,ATTACK,REJECTED,PROCESS,PROCESS,true,0
3,3493,Composed: Triple-Layer Process + Network + Binary,ATTACK,REJECTED,PROCESS,PROCESS,true,0
3,3494,Composed: Triple-Layer Process + Network + Binary,ATTACK,REJECTED,PROCESS,PROCESS,true,0
3,3495,Composed: Triple-Layer Process + Network + Binary,ATTACK,REJECTED,PROCESS,PROCESS,true,1006
3,3496,Composed: Triple-Layer Process + Network + Binary,ATTACK,REJECTED,PROCESS,PROCESS,true,0
3,3497,Composed: Triple-Layer Process + Network + Binary,ATTACK,REJECTED,PROCESS,PROCESS,true,0
3,3498,Composed: Triple-Layer Process + Network + Binary,ATTACK,REJECTED,PROCESS,PROCESS,true,0
3,3499,Composed: Triple-Layer Process + Network + Binary,ATTACK,REJECTED,PROCESS,PROCESS,true,0
3,3500,Composed: Triple-Layer Process + Network + Binary,ATTACK,REJECTED,PROCESS,PROCESS,true,0
3,3501,Benign: Compiler Patch Version Bump (go1.23.5->6),BENIGN,TRUSTED,,,true,0
3,3502,Benign: Compiler Patch Version Bump (go1.23.5->6),BENIGN,TRUSTED,,,true,0
3,3503,Benign: Compiler Patch Version Bump (go1.23.5->6),BENIGN,TRUSTED,,,true,0
3,3504,Benign: Compiler Patch Version Bump (go1.23.5->6),BENIGN,TRUSTED,,,true,0
3,3505,Benign: Compiler Patch Version Bump (go1.23.5->6),BENIGN,TRUSTED,,,true,0
3,3506,Benign: Compiler Patch Version Bump (go1.23.5->6),BENIGN,TRUSTED,,,true,0
3,3507,Benign: Compiler Patch Version Bump (go1.23.5->6),BENIGN,TRUSTED,,,true,0
3,3508,Benign: Compiler Patch Version Bump (go1.23.5->6),BENIGN,TRUSTED,,,true,0
3,3509,Benign: Compiler Patch Version Bump (go1.23.5->6),BENIGN,TRUSTED,,,true,0
3,3510,Benign: Compiler Patch Version Bump (go1.23.5->6),BENIGN,TRUSTED,,,true,0
3,3511,Benign: Compiler Patch Version Bump (go1.23.5->6),BENIGN,TRUSTED,,,true,0
3,3512,Benign: Compiler Patch Version Bump (go1.23.5->6),BENIGN,TRUSTED,,,true,0
3,3513,Benign: Compiler Patch Version Bump (go1.23.5->6),BENIGN,TRUSTED,,,true,0
3,3514,Benign: Compiler Patch Version Bump (go1.23.5->6),BENIGN,TRUSTED,,,true,0
3,3515,Benign: Compiler Patch Version Bump (go1.23.5->6),BENIGN,TRUSTED,,,true,0
3,3516,Benign: Compiler Patch Version Bump (go1.23.5->6),BENIGN,TRUSTED,,,true,0
3,3517,Benign: Compiler Patch Version Bump (go1.23.5->6),BENIGN,TRUSTED,,,true,0
3,3518,Benign: Compiler Patch Version Bump (go1.23.5->6),BENIGN,TRUSTED,,,true,0
3,3519,Benign: Compiler Patch Version Bump (go1.23.5->6),BENIGN,TRUSTED,,,true,0
3,3520,Benign: Compiler Patch Version Bump (go1.23.5->6),BENIGN,TRUSTED,,,true,0
3,3521,Benign: Compiler Patch Version Bump (go1.23.5->6),BENIGN,TRUSTED,,,true,0
3,3522,Benign: Compiler Patch Version Bump (go1.23.5->6),BENIGN,TRUSTED,,,true,0
3,3523,Benign: Compiler Patch Version Bump (go1.23.5->6),BENIGN,TRUSTED,,,true,0
3,3524,Benign: Compiler Patch Version Bump (go1.23.5->6),BENIGN,TRUSTED,,,true,0
3,3525,Benign: Compiler Patch Version Bump (go1.23.5->6),BENIGN,TRUSTED,,,true,0
3,3526,Benign: Compiler Patch Version Bump (go1.23.5->6),BENIGN,TRUSTED,,,true,0
3,3527,Benign: Compiler Patch Version Bump (go1.23.5->6),BENIGN,TRUSTED,,,true,0
3,3528,Benign: Compiler Patch Version Bump (go1.23.5->6),BENIGN,TRUSTED,,,true,0
3,3529,Benign: Compiler Patch Version Bump (go1.23.5->6),BENIGN,TRUSTED,,,true,0
3,3530,Benign: Compiler Patch Version Bump (go1.23.5->6),BENIGN,TRUSTED,,,true,0
3,3531,Benign: Compiler Patch Version Bump (go1.23.5->6),BENIGN,TRUSTED,,,true,0
3,3532,Benign: Compiler Patch Version Bump (go1.23.5->6),BENIGN,TRUSTED,,,true,0
3,3533,Benign: Compiler Patch Version Bump (go1.23.5->6),BENIGN,TRUSTED,,,true,0
3,3534,Benign: Compiler Patch Version Bump (go1.23.5->6),BENIGN,TRUSTED,,,true,0
3,3535,Benign: Compiler Patch Version Bump (go1.23.5->6),BENIGN,TRUSTED,,,true,0
3,3536,Benign: Compiler Patch Version Bump (go1.23.5->6),BENIGN,TRUSTED,,,true,0
3,3537,Benign: Compiler Patch Version Bump (go1.23.5->6),BENIGN,TRUSTED,,,true,0
3,3538,Benign: Compiler Patch Version Bump (go1.23.5->6),BENIGN,TRUSTED,,,true,0
3,3539,Benign: Compiler Patch Version Bump (go1.23.5->6),BENIGN,TRUSTED,,,true,0
3,3540,Benign: Compiler Patch Version Bump (go1.23.5->6),BENIGN,TRUSTED,,,true,0
3,3541,Benign: Compiler Patch Version Bump (go1.23.5->6),BENIGN,TRUSTED,,,true,0
3,3542,Benign: Compiler Patch Version Bump (go1.23.5->6),BENIGN,TRUSTED,,,true,0
3,3543,Benign: Compiler Patch Version Bump (go1.23.5->6),BENIGN,TRUSTED,,,true,0
3,3544,Benign: Compiler Patch Version Bump (go1.23.5->6),BENIGN,TRUSTED,,,true,0
3,3545,Benign: Compiler Patch Version Bump (go1.23.5->6),BENIGN,TRUSTED,,,true,0
3,3546,Benign: Compiler Patch Version Bump (go1.23.5->6),BENIGN,TRUSTED,,,true,0
3,3547,Benign: Compiler Patch Version Bump (go1.23.5->6),BENIGN,TRUSTED,,,true,0
3,3548,Benign: Compiler Patch Version Bump (go1.23.5->6),BENIGN,TRUSTED,,,true,0
3,3549,Benign: Compiler Patch Version Bump (go1.23.5->6),BENIGN,TRUSTED,,,true,0
3,3550,Benign: Compiler Patch Version Bump (go1.23.5->6),BENIGN,TRUSTED,,,true,0
3,3551,Benign: Build Workspace Path Relocation,BENIGN,TRUSTED,,,true,0
3,3552,Benign: Build Workspace Path Relocation,BENIGN,TRUSTED,,,true,0
3,3553,Benign: Build Workspace Path Relocation,BENIGN,TRUSTED,,,true,0
3,3554,Benign: Build Workspace Path Relocation,BENIGN,TRUSTED,,,true,0
3,3555,Benign: Build Workspace Path Relocation,BENIGN,TRUSTED,,,true,0
3,3556,Benign: Build Workspace Path Relocation,BENIGN,TRUSTED,,,true,0
3,3557,Benign: Build Workspace Path Relocation,BENIGN,TRUSTED,,,true,0
3,3558,Benign: Build Workspace Path Relocation,BENIGN,TRUSTED,,,true,0
3,3559,Benign: Build Workspace Path Relocation,BENIGN,TRUSTED,,,true,0
3,3560,Benign: Build Workspace Path Relocation,BENIGN,TRUSTED,,,true,0
3,3561,Benign: Build Workspace Path Relocation,BENIGN,TRUSTED,,,true,0
3,3562,Benign: Build Workspace Path Relocation,BENIGN,TRUSTED,,,true,0
3,3563,Benign: Build Workspace Path Relocation,BENIGN,TRUSTED,,,true,0
3,3564,Benign: Build Workspace Path Relocation,BENIGN,TRUSTED,,,true,0
3,3565,Benign: Build Workspace Path Relocation,BENIGN,TRUSTED,,,true,0
3,3566,Benign: Build Workspace Path Relocation,BENIGN,TRUSTED,,,true,0
3,3567,Benign: Build Workspace Path Relocation,BENIGN,TRUSTED,,,true,0
3,3568,Benign: Build Workspace Path Relocation,BENIGN,TRUSTED,,,true,0
3,3569,Benign: Build Workspace Path Relocation,BENIGN,TRUSTED,,,true,0
3,3570,Benign: Build Workspace Path Relocation,BENIGN,TRUSTED,,,true,0
3,3571,Benign: Build Workspace Path Relocation,BENIGN,TRUSTED,,,true,0
3,3572,Benign: Build Workspace Path Relocation,BENIGN,TRUSTED,,,true,0
3,3573,Benign: Build Workspace Path Relocation,BENIGN,TRUSTED,,,true,0
3,3574,Benign: Build Workspace Path Relocation,BENIGN,TRUSTED,,,true,0
3,3575,Benign: Build Workspace Path Relocation,BENIGN,TRUSTED,,,true,0
3,3576,Benign: Build Workspace Path Relocation,BENIGN,TRUSTED,,,true,0
3,3577,Benign: Build Workspace Path Relocation,BENIGN,TRUSTED,,,true,0
3,3578,Benign: Build Workspace Path Relocation,BENIGN,TRUSTED,,,true,0
3,3579,Benign: Build Workspace Path Relocation,BENIGN,TRUSTED,,,true,0
3,3580,Benign: Build Workspace Path Relocation,BENIGN,TRUSTED,,,true,0
3,3581,Benign: Build Workspace Path Relocation,BENIGN,TRUSTED,,,true,0
3,3582,Benign: Build Workspace Path Relocation,BENIGN,TRUSTED,,,true,0
3,3583,Benign: Build Workspace Path Relocation,BENIGN,TRUSTED,,,true,0
3,3584,Benign: Build Workspace Path Relocation,BENIGN,TRUSTED,,,true,0
3,3585,Benign: Build Workspace Path Relocation,BENIGN,TRUSTED,,,true,0
3,3586,Benign: Build Workspace Path Relocation,BENIGN,TRUSTED,,,true,0
3,3587,Benign: Build Workspace Path Relocation,BENIGN,TRUSTED,,,true,0
3,3588,Benign: Build Workspace Path Relocation,BENIGN,TRUSTED,,,true,0
3,3589,Benign: Build Workspace Path Relocation,BENIGN,TRUSTED,,,true,0
3,3590,Benign: Build Workspace Path Relocation,BENIGN,TRUSTED,,,true,0
3,3591,Benign: Build Workspace Path Relocation,BENIGN,TRUSTED,,,true,0
3,3592,Benign: Build Workspace Path Relocation,BENIGN,TRUSTED,,,true,0
3,3593,Benign: Build Workspace Path Relocation,BENIGN,TRUSTED,,,true,0
3,3594,Benign: Build Workspace Path Relocation,BENIGN,TRUSTED,,,true,0
3,3595,Benign: Build Workspace Path Relocation,BENIGN,TRUSTED,,,true,0
3,3596,Benign: Build Workspace Path Relocation,BENIGN,TRUSTED,,,true,0
3,3597,Benign: Build Workspace Path Relocation,BENIGN,TRUSTED,,,true,0
3,3598,Benign: Build Workspace Path Relocation,BENIGN,TRUSTED,,,true,0
3,3599,Benign: Build Workspace Path Relocation,BENIGN,TRUSTED,,,true,0
3,3600,Benign: Build Workspace Path Relocation,BENIGN,TRUSTED,,,true,0
3,3601,Benign: Synchronized Lockfile Version Bump,BENIGN,TRUSTED,,,true,0
3,3602,Benign: Synchronized Lockfile Version Bump,BENIGN,TRUSTED,,,true,0
3,3603,Benign: Synchronized Lockfile Version Bump,BENIGN,TRUSTED,,,true,0
3,3604,Benign: Synchronized Lockfile Version Bump,BENIGN,TRUSTED,,,true,0
3,3605,Benign: Synchronized Lockfile Version Bump,BENIGN,TRUSTED,,,true,0
3,3606,Benign: Synchronized Lockfile Version Bump,BENIGN,TRUSTED,,,true,0
3,3607,Benign: Synchronized Lockfile Version Bump,BENIGN,TRUSTED,,,true,0
3,3608,Benign: Synchronized Lockfile Version Bump,BENIGN,TRUSTED,,,true,0
3,3609,Benign: Synchronized Lockfile Version Bump,BENIGN,TRUSTED,,,true,0
3,3610,Benign: Synchronized Lockfile Version Bump,BENIGN,TRUSTED,,,true,0
3,3611,Benign: Synchronized Lockfile Version Bump,BENIGN,TRUSTED,,,true,0
3,3612,Benign: Synchronized Lockfile Version Bump,BENIGN,TRUSTED,,,true,0
3,3613,Benign: Synchronized Lockfile Version Bump,BENIGN,TRUSTED,,,true,0
3,3614,Benign: Synchronized Lockfile Version Bump,BENIGN,TRUSTED,,,true,0
3,3615,Benign: Synchronized Lockfile Version Bump,BENIGN,TRUSTED,,,true,1394
3,3616,Benign: Synchronized Lockfile Version Bump,BENIGN,TRUSTED,,,true,0
3,3617,Benign: Synchronized Lockfile Version Bump,BENIGN,TRUSTED,,,true,0
3,3618,Benign: Synchronized Lockfile Version Bump,BENIGN,TRUSTED,,,true,0
3,3619,Benign: Synchronized Lockfile Version Bump,BENIGN,TRUSTED,,,true,0
3,3620,Benign: Synchronized Lockfile Version Bump,BENIGN,TRUSTED,,,true,0
3,3621,Benign: Synchronized Lockfile Version Bump,BENIGN,TRUSTED,,,true,0
3,3622,Benign: Synchronized Lockfile Version Bump,BENIGN,TRUSTED,,,true,0
3,3623,Benign: Synchronized Lockfile Version Bump,BENIGN,TRUSTED,,,true,0
3,3624,Benign: Synchronized Lockfile Version Bump,BENIGN,TRUSTED,,,true,0
3,3625,Benign: Synchronized Lockfile Version Bump,BENIGN,TRUSTED,,,true,0
3,3626,Benign: Synchronized Lockfile Version Bump,BENIGN,TRUSTED,,,true,0
3,3627,Benign: Synchronized Lockfile Version Bump,BENIGN,TRUSTED,,,true,0
3,3628,Benign: Synchronized Lockfile Version Bump,BENIGN,TRUSTED,,,true,0
3,3629,Benign: Synchronized Lockfile Version Bump,BENIGN,TRUSTED,,,true,0
3,3630,Benign: Synchronized Lockfile Version Bump,BENIGN,TRUSTED,,,true,0
3,3631,Benign: Synchronized Lockfile Version Bump,BENIGN,TRUSTED,,,true,0
3,3632,Benign: Synchronized Lockfile Version Bump,BENIGN,TRUSTED,,,true,0
3,3633,Benign: Synchronized Lockfile Version Bump,BENIGN,TRUSTED,,,true,0
3,3634,Benign: Synchronized Lockfile Version Bump,BENIGN,TRUSTED,,,true,0
3,3635,Benign: Synchronized Lockfile Version Bump,BENIGN,TRUSTED,,,true,0
3,3636,Benign: Synchronized Lockfile Version Bump,BENIGN,TRUSTED,,,true,0
3,3637,Benign: Synchronized Lockfile Version Bump,BENIGN,TRUSTED,,,true,0
3,3638,Benign: Synchronized Lockfile Version Bump,BENIGN,TRUSTED,,,true,0
3,3639,Benign: Synchronized Lockfile Version Bump,BENIGN,TRUSTED,,,true,0
3,3640,Benign: Synchronized Lockfile Version Bump,BENIGN,TRUSTED,,,true,0
3,3641,Benign: Synchronized Lockfile Version Bump,BENIGN,TRUSTED,,,true,0
3,3642,Benign: Synchronized Lockfile Version Bump,BENIGN,TRUSTED,,,true,0
3,3643,Benign: Synchronized Lockfile Version Bump,BENIGN,TRUSTED,,,true,0
3,3644,Benign: Synchronized Lockfile Version Bump,BENIGN,TRUSTED,,,true,0
3,3645,Benign: Synchronized Lockfile Version Bump,BENIGN,TRUSTED,,,true,0
3,3646,Benign: Synchronized Lockfile Version Bump,BENIGN,TRUSTED,,,true,0
3,3647,Benign: Synchronized Lockfile Version Bump,BENIGN,TRUSTED,,,true,0
3,3648,Benign: Synchronized Lockfile Version Bump,BENIGN,TRUSTED,,,true,0
3,3649,Benign: Synchronized Lockfile Version Bump,BENIGN,TRUSTED,,,true,0
3,3650,Benign: Synchronized Lockfile Version Bump,BENIGN,TRUSTED,,,true,0
3,3651,Benign: Reordered JSON/SBOM Attribute Keys,BENIGN,TRUSTED,,,true,0
3,3652,Benign: Reordered JSON/SBOM Attribute Keys,BENIGN,TRUSTED,,,true,0
3,3653,Benign: Reordered JSON/SBOM Attribute Keys,BENIGN,TRUSTED,,,true,0
3,3654,Benign: Reordered JSON/SBOM Attribute Keys,BENIGN,TRUSTED,,,true,0
3,3655,Benign: Reordered JSON/SBOM Attribute Keys,BENIGN,TRUSTED,,,true,0
3,3656,Benign: Reordered JSON/SBOM Attribute Keys,BENIGN,TRUSTED,,,true,0
3,3657,Benign: Reordered JSON/SBOM Attribute Keys,BENIGN,TRUSTED,,,true,0
3,3658,Benign: Reordered JSON/SBOM Attribute Keys,BENIGN,TRUSTED,,,true,0
3,3659,Benign: Reordered JSON/SBOM Attribute Keys,BENIGN,TRUSTED,,,true,0
3,3660,Benign: Reordered JSON/SBOM Attribute Keys,BENIGN,TRUSTED,,,true,0
3,3661,Benign: Reordered JSON/SBOM Attribute Keys,BENIGN,TRUSTED,,,true,0
3,3662,Benign: Reordered JSON/SBOM Attribute Keys,BENIGN,TRUSTED,,,true,0
3,3663,Benign: Reordered JSON/SBOM Attribute Keys,BENIGN,TRUSTED,,,true,0
3,3664,Benign: Reordered JSON/SBOM Attribute Keys,BENIGN,TRUSTED,,,true,0
3,3665,Benign: Reordered JSON/SBOM Attribute Keys,BENIGN,TRUSTED,,,true,0
3,3666,Benign: Reordered JSON/SBOM Attribute Keys,BENIGN,TRUSTED,,,true,0
3,3667,Benign: Reordered JSON/SBOM Attribute Keys,BENIGN,TRUSTED,,,true,0
3,3668,Benign: Reordered JSON/SBOM Attribute Keys,BENIGN,TRUSTED,,,true,0
3,3669,Benign: Reordered JSON/SBOM Attribute Keys,BENIGN,TRUSTED,,,true,0
3,3670,Benign: Reordered JSON/SBOM Attribute Keys,BENIGN,TRUSTED,,,true,0
3,3671,Benign: Reordered JSON/SBOM Attribute Keys,BENIGN,TRUSTED,,,true,0
3,3672,Benign: Reordered JSON/SBOM Attribute Keys,BENIGN,TRUSTED,,,true,0
3,3673,Benign: Reordered JSON/SBOM Attribute Keys,BENIGN,TRUSTED,,,true,0
3,3674,Benign: Reordered JSON/SBOM Attribute Keys,BENIGN,TRUSTED,,,true,0
3,3675,Benign: Reordered JSON/SBOM Attribute Keys,BENIGN,TRUSTED,,,true,0
3,3676,Benign: Reordered JSON/SBOM Attribute Keys,BENIGN,TRUSTED,,,true,0
3,3677,Benign: Reordered JSON/SBOM Attribute Keys,BENIGN,TRUSTED,,,true,0
3,3678,Benign: Reordered JSON/SBOM Attribute Keys,BENIGN,TRUSTED,,,true,0
3,3679,Benign: Reordered JSON/SBOM Attribute Keys,BENIGN,TRUSTED,,,true,0
3,3680,Benign: Reordered JSON/SBOM Attribute Keys,BENIGN,TRUSTED,,,true,0
3,3681,Benign: Reordered JSON/SBOM Attribute Keys,BENIGN,TRUSTED,,,true,0
3,3682,Benign: Reordered JSON/SBOM Attribute Keys,BENIGN,TRUSTED,,,true,0
3,3683,Benign: Reordered JSON/SBOM Attribute Keys,BENIGN,TRUSTED,,,true,0
3,3684,Benign: Reordered JSON/SBOM Attribute Keys,BENIGN,TRUSTED,,,true,0
3,3685,Benign: Reordered JSON/SBOM Attribute Keys,BENIGN,TRUSTED,,,true,0
3,3686,Benign: Reordered JSON/SBOM Attribute Keys,BENIGN,TRUSTED,,,true,0
3,3687,Benign: Reordered JSON/SBOM Attribute Keys,BENIGN,TRUSTED,,,true,0
3,3688,Benign: Reordered JSON/SBOM Attribute Keys,BENIGN,TRUSTED,,,true,0
3,3689,Benign: Reordered JSON/SBOM Attribute Keys,BENIGN,TRUSTED,,,true,0
3,3690,Benign: Reordered JSON/SBOM Attribute Keys,BENIGN,TRUSTED,,,true,0
3,3691,Benign: Reordered JSON/SBOM Attribute Keys,BENIGN,TRUSTED,,,true,0
3,3692,Benign: Reordered JSON/SBOM Attribute Keys,BENIGN,TRUSTED,,,true,0
3,3693,Benign: Reordered JSON/SBOM Attribute Keys,BENIGN,TRUSTED,,,true,0
3,3694,Benign: Reordered JSON/SBOM Attribute Keys,BENIGN,TRUSTED,,,true,0
3,3695,Benign: Reordered JSON/SBOM Attribute Keys,BENIGN,TRUSTED,,,true,0
3,3696,Benign: Reordered JSON/SBOM Attribute Keys,BENIGN,TRUSTED,,,true,0
3,3697,Benign: Reordered JSON/SBOM Attribute Keys,BENIGN,TRUSTED,,,true,0
3,3698,Benign: Reordered JSON/SBOM Attribute Keys,BENIGN,TRUSTED,,,true,0
3,3699,Benign: Reordered JSON/SBOM Attribute Keys,BENIGN,TRUSTED,,,true,0
3,3700,Benign: Reordered JSON/SBOM Attribute Keys,BENIGN,TRUSTED,,,true,0
3,3701,Benign: Incremental Build with Object Cache Hit,BENIGN,TRUSTED,,,true,0
3,3702,Benign: Incremental Build with Object Cache Hit,BENIGN,TRUSTED,,,true,0
3,3703,Benign: Incremental Build with Object Cache Hit,BENIGN,TRUSTED,,,true,0
3,3704,Benign: Incremental Build with Object Cache Hit,BENIGN,TRUSTED,,,true,0
3,3705,Benign: Incremental Build with Object Cache Hit,BENIGN,TRUSTED,,,true,0
3,3706,Benign: Incremental Build with Object Cache Hit,BENIGN,TRUSTED,,,true,0
3,3707,Benign: Incremental Build with Object Cache Hit,BENIGN,TRUSTED,,,true,0
3,3708,Benign: Incremental Build with Object Cache Hit,BENIGN,TRUSTED,,,true,0
3,3709,Benign: Incremental Build with Object Cache Hit,BENIGN,TRUSTED,,,true,0
3,3710,Benign: Incremental Build with Object Cache Hit,BENIGN,TRUSTED,,,true,0
3,3711,Benign: Incremental Build with Object Cache Hit,BENIGN,TRUSTED,,,true,0
3,3712,Benign: Incremental Build with Object Cache Hit,BENIGN,TRUSTED,,,true,0
3,3713,Benign: Incremental Build with Object Cache Hit,BENIGN,TRUSTED,,,true,0
3,3714,Benign: Incremental Build with Object Cache Hit,BENIGN,TRUSTED,,,true,0
3,3715,Benign: Incremental Build with Object Cache Hit,BENIGN,TRUSTED,,,true,0
3,3716,Benign: Incremental Build with Object Cache Hit,BENIGN,TRUSTED,,,true,0
3,3717,Benign: Incremental Build with Object Cache Hit,BENIGN,TRUSTED,,,true,0
3,3718,Benign: Incremental Build with Object Cache Hit,BENIGN,TRUSTED,,,true,0
3,3719,Benign: Incremental Build with Object Cache Hit,BENIGN,TRUSTED,,,true,0
3,3720,Benign: Incremental Build with Object Cache Hit,BENIGN,TRUSTED,,,true,0
3,3721,Benign: Incremental Build with Object Cache Hit,BENIGN,TRUSTED,,,true,0
3,3722,Benign: Incremental Build with Object Cache Hit,BENIGN,TRUSTED,,,true,0
3,3723,Benign: Incremental Build with Object Cache Hit,BENIGN,TRUSTED,,,true,0
3,3724,Benign: Incremental Build with Object Cache Hit,BENIGN,TRUSTED,,,true,0
3,3725,Benign: Incremental Build with Object Cache Hit,BENIGN,TRUSTED,,,true,0
3,3726,Benign: Incremental Build with Object Cache Hit,BENIGN,TRUSTED,,,true,0
3,3727,Benign: Incremental Build with Object Cache Hit,BENIGN,TRUSTED,,,true,0
3,3728,Benign: Incremental Build with Object Cache Hit,BENIGN,TRUSTED,,,true,0
3,3729,Benign: Incremental Build with Object Cache Hit,BENIGN,TRUSTED,,,true,0
3,3730,Benign: Incremental Build with Object Cache Hit,BENIGN,TRUSTED,,,true,0
3,3731,Benign: Incremental Build with Object Cache Hit,BENIGN,TRUSTED,,,true,0
3,3732,Benign: Incremental Build with Object Cache Hit,BENIGN,TRUSTED,,,true,0
3,3733,Benign: Incremental Build with Object Cache Hit,BENIGN,TRUSTED,,,true,0
3,3734,Benign: Incremental Build with Object Cache Hit,BENIGN,TRUSTED,,,true,0
3,3735,Benign: Incremental Build with Object Cache Hit,BENIGN,TRUSTED,,,true,0
3,3736,Benign: Incremental Build with Object Cache Hit,BENIGN,TRUSTED,,,true,999
3,3737,Benign: Incremental Build with Object Cache Hit,BENIGN,TRUSTED,,,true,0
3,3738,Benign: Incremental Build with Object Cache Hit,BENIGN,TRUSTED,,,true,0
3,3739,Benign: Incremental Build with Object Cache Hit,BENIGN,TRUSTED,,,true,0
3,3740,Benign: Incremental Build with Object Cache Hit,BENIGN,TRUSTED,,,true,0
3,3741,Benign: Incremental Build with Object Cache Hit,BENIGN,TRUSTED,,,true,0
3,3742,Benign: Incremental Build with Object Cache Hit,BENIGN,TRUSTED,,,true,0
3,3743,Benign: Incremental Build with Object Cache Hit,BENIGN,TRUSTED,,,true,0
3,3744,Benign: Incremental Build with Object Cache Hit,BENIGN,TRUSTED,,,true,0
3,3745,Benign: Incremental Build with Object Cache Hit,BENIGN,TRUSTED,,,true,0
3,3746,Benign: Incremental Build with Object Cache Hit,BENIGN,TRUSTED,,,true,0
3,3747,Benign: Incremental Build with Object Cache Hit,BENIGN,TRUSTED,,,true,0
3,3748,Benign: Incremental Build with Object Cache Hit,BENIGN,TRUSTED,,,true,0
3,3749,Benign: Incremental Build with Object Cache Hit,BENIGN,TRUSTED,,,true,0
3,3750,Benign: Incremental Build with Object Cache Hit,BENIGN,TRUSTED,,,true,0
4,3751,Source: Stealth Uncommitted Code,ATTACK,REJECTED,SOURCE,SOURCE,true,0
4,3752,Source: Stealth Uncommitted Code,ATTACK,REJECTED,SOURCE,SOURCE,true,0
4,3753,Source: Stealth Uncommitted Code,ATTACK,REJECTED,SOURCE,SOURCE,true,0
4,3754,Source: Stealth Uncommitted Code,ATTACK,REJECTED,SOURCE,SOURCE,true,0
4,3755,Source: Stealth Uncommitted Code,ATTACK,REJECTED,SOURCE,SOURCE,true,0
4,3756,Source: Stealth Uncommitted Code,ATTACK,REJECTED,SOURCE,SOURCE,true,0
4,3757,Source: Stealth Uncommitted Code,ATTACK,REJECTED,SOURCE,SOURCE,true,0
4,3758,Source: Stealth Uncommitted Code,ATTACK,REJECTED,SOURCE,SOURCE,true,0
4,3759,Source: Stealth Uncommitted Code,ATTACK,REJECTED,SOURCE,SOURCE,true,0
4,3760,Source: Stealth Uncommitted Code,ATTACK,REJECTED,SOURCE,SOURCE,true,0
4,3761,Source: Stealth Uncommitted Code,ATTACK,REJECTED,SOURCE,SOURCE,true,0
4,3762,Source: Stealth Uncommitted Code,ATTACK,REJECTED,SOURCE,SOURCE,true,0
4,3763,Source: Stealth Uncommitted Code,ATTACK,REJECTED,SOURCE,SOURCE,true,0
4,3764,Source: Stealth Uncommitted Code,ATTACK,REJECTED,SOURCE,SOURCE,true,0
4,3765,Source: Stealth Uncommitted Code,ATTACK,REJECTED,SOURCE,SOURCE,true,0
4,3766,Source: Stealth Uncommitted Code,ATTACK,REJECTED,SOURCE,SOURCE,true,0
4,3767,Source: Stealth Uncommitted Code,ATTACK,REJECTED,SOURCE,SOURCE,true,0
4,3768,Source: Stealth Uncommitted Code,ATTACK,REJECTED,SOURCE,SOURCE,true,0
4,3769,Source: Stealth Uncommitted Code,ATTACK,REJECTED,SOURCE,SOURCE,true,0
4,3770,Source: Stealth Uncommitted Code,ATTACK,REJECTED,SOURCE,SOURCE,true,0
4,3771,Source: Stealth Uncommitted Code,ATTACK,REJECTED,SOURCE,SOURCE,true,0
4,3772,Source: Stealth Uncommitted Code,ATTACK,REJECTED,SOURCE,SOURCE,true,0
4,3773,Source: Stealth Uncommitted Code,ATTACK,REJECTED,SOURCE,SOURCE,true,0
4,3774,Source: Stealth Uncommitted Code,ATTACK,REJECTED,SOURCE,SOURCE,true,0
4,3775,Source: Stealth Uncommitted Code,ATTACK,REJECTED,SOURCE,SOURCE,true,0
4,3776,Source: Stealth Uncommitted Code,ATTACK,REJECTED,SOURCE,SOURCE,true,0
4,3777,Source: Stealth Uncommitted Code,ATTACK,REJECTED,SOURCE,SOURCE,true,0
4,3778,Source: Stealth Uncommitted Code,ATTACK,REJECTED,SOURCE,SOURCE,true,0
4,3779,Source: Stealth Uncommitted Code,ATTACK,REJECTED,SOURCE,SOURCE,true,0
4,3780,Source: Stealth Uncommitted Code,ATTACK,REJECTED,SOURCE,SOURCE,true,0
4,3781,Source: Stealth Uncommitted Code,ATTACK,REJECTED,SOURCE,SOURCE,true,0
4,3782,Source: Stealth Uncommitted Code,ATTACK,REJECTED,SOURCE,SOURCE,true,0
4,3783,Source: Stealth Uncommitted Code,ATTACK,REJECTED,SOURCE,SOURCE,true,0
4,3784,Source: Stealth Uncommitted Code,ATTACK,REJECTED,SOURCE,SOURCE,true,0
4,3785,Source: Stealth Uncommitted Code,ATTACK,REJECTED,SOURCE,SOURCE,true,0
4,3786,Source: Stealth Uncommitted Code,ATTACK,REJECTED,SOURCE,SOURCE,true,0
4,3787,Source: Stealth Uncommitted Code,ATTACK,REJECTED,SOURCE,SOURCE,true,0
4,3788,Source: Stealth Uncommitted Code,ATTACK,REJECTED,SOURCE,SOURCE,true,0
4,3789,Source: Stealth Uncommitted Code,ATTACK,REJECTED,SOURCE,SOURCE,true,0
4,3790,Source: Stealth Uncommitted Code,ATTACK,REJECTED,SOURCE,SOURCE,true,0
4,3791,Source: Stealth Uncommitted Code,ATTACK,REJECTED,SOURCE,SOURCE,true,0
4,3792,Source: Stealth Uncommitted Code,ATTACK,REJECTED,SOURCE,SOURCE,true,0
4,3793,Source: Stealth Uncommitted Code,ATTACK,REJECTED,SOURCE,SOURCE,true,0
4,3794,Source: Stealth Uncommitted Code,ATTACK,REJECTED,SOURCE,SOURCE,true,0
4,3795,Source: Stealth Uncommitted Code,ATTACK,REJECTED,SOURCE,SOURCE,true,0
4,3796,Source: Stealth Uncommitted Code,ATTACK,REJECTED,SOURCE,SOURCE,true,0
4,3797,Source: Stealth Uncommitted Code,ATTACK,REJECTED,SOURCE,SOURCE,true,0
4,3798,Source: Stealth Uncommitted Code,ATTACK,REJECTED,SOURCE,SOURCE,true,0
4,3799,Source: Stealth Uncommitted Code,ATTACK,REJECTED,SOURCE,SOURCE,true,0
4,3800,Source: Stealth Uncommitted Code,ATTACK,REJECTED,SOURCE,SOURCE,true,0
4,3801,Source: Commit Author/Email Spoofing,ATTACK,TRUSTED,,SOURCE,false,0
4,3802,Source: Commit Author/Email Spoofing,ATTACK,TRUSTED,,SOURCE,false,0
4,3803,Source: Commit Author/Email Spoofing,ATTACK,TRUSTED,,SOURCE,false,0
4,3804,Source: Commit Author/Email Spoofing,ATTACK,TRUSTED,,SOURCE,false,0
4,3805,Source: Commit Author/Email Spoofing,ATTACK,TRUSTED,,SOURCE,false,0
4,3806,Source: Commit Author/Email Spoofing,ATTACK,TRUSTED,,SOURCE,false,0
4,3807,Source: Commit Author/Email Spoofing,ATTACK,TRUSTED,,SOURCE,false,0
4,3808,Source: Commit Author/Email Spoofing,ATTACK,TRUSTED,,SOURCE,false,0
4,3809,Source: Commit Author/Email Spoofing,ATTACK,TRUSTED,,SOURCE,false,0
4,3810,Source: Commit Author/Email Spoofing,ATTACK,TRUSTED,,SOURCE,false,0
4,3811,Source: Commit Author/Email Spoofing,ATTACK,TRUSTED,,SOURCE,false,0
4,3812,Source: Commit Author/Email Spoofing,ATTACK,TRUSTED,,SOURCE,false,0
4,3813,Source: Commit Author/Email Spoofing,ATTACK,TRUSTED,,SOURCE,false,0
4,3814,Source: Commit Author/Email Spoofing,ATTACK,TRUSTED,,SOURCE,false,0
4,3815,Source: Commit Author/Email Spoofing,ATTACK,TRUSTED,,SOURCE,false,0
4,3816,Source: Commit Author/Email Spoofing,ATTACK,TRUSTED,,SOURCE,false,0
4,3817,Source: Commit Author/Email Spoofing,ATTACK,TRUSTED,,SOURCE,false,0
4,3818,Source: Commit Author/Email Spoofing,ATTACK,TRUSTED,,SOURCE,false,0
4,3819,Source: Commit Author/Email Spoofing,ATTACK,TRUSTED,,SOURCE,false,0
4,3820,Source: Commit Author/Email Spoofing,ATTACK,TRUSTED,,SOURCE,false,0
4,3821,Source: Commit Author/Email Spoofing,ATTACK,TRUSTED,,SOURCE,false,0
4,3822,Source: Commit Author/Email Spoofing,ATTACK,TRUSTED,,SOURCE,false,0
4,3823,Source: Commit Author/Email Spoofing,ATTACK,TRUSTED,,SOURCE,false,0
4,3824,Source: Commit Author/Email Spoofing,ATTACK,TRUSTED,,SOURCE,false,0
4,3825,Source: Commit Author/Email Spoofing,ATTACK,TRUSTED,,SOURCE,false,0
4,3826,Source: Commit Author/Email Spoofing,ATTACK,TRUSTED,,SOURCE,false,0
4,3827,Source: Commit Author/Email Spoofing,ATTACK,TRUSTED,,SOURCE,false,0
4,3828,Source: Commit Author/Email Spoofing,ATTACK,TRUSTED,,SOURCE,false,0
4,3829,Source: Commit Author/Email Spoofing,ATTACK,TRUSTED,,SOURCE,false,0
4,3830,Source: Commit Author/Email Spoofing,ATTACK,TRUSTED,,SOURCE,false,0
4,3831,Source: Commit Author/Email Spoofing,ATTACK,TRUSTED,,SOURCE,false,0
4,3832,Source: Commit Author/Email Spoofing,ATTACK,TRUSTED,,SOURCE,false,0
4,3833,Source: Commit Author/Email Spoofing,ATTACK,TRUSTED,,SOURCE,false,0
4,3834,Source: Commit Author/Email Spoofing,ATTACK,TRUSTED,,SOURCE,false,0
4,3835,Source: Commit Author/Email Spoofing,ATTACK,TRUSTED,,SOURCE,false,0
4,3836,Source: Commit Author/Email Spoofing,ATTACK,TRUSTED,,SOURCE,false,0
4,3837,Source: Commit Author/Email Spoofing,ATTACK,TRUSTED,,SOURCE,false,0
4,3838,Source: Commit Author/Email Spoofing,ATTACK,TRUSTED,,SOURCE,false,0
4,3839,Source: Commit Author/Email Spoofing,ATTACK,TRUSTED,,SOURCE,false,0
4,3840,Source: Commit Author/Email Spoofing,ATTACK,TRUSTED,,SOURCE,false,0
4,3841,Source: Commit Author/Email Spoofing,ATTACK,TRUSTED,,SOURCE,false,0
4,3842,Source: Commit Author/Email Spoofing,ATTACK,TRUSTED,,SOURCE,false,0
4,3843,Source: Commit Author/Email Spoofing,ATTACK,TRUSTED,,SOURCE,false,0
4,3844,Source: Commit Author/Email Spoofing,ATTACK,TRUSTED,,SOURCE,false,0
4,3845,Source: Commit Author/Email Spoofing,ATTACK,TRUSTED,,SOURCE,false,0
4,3846,Source: Commit Author/Email Spoofing,ATTACK,TRUSTED,,SOURCE,false,0
4,3847,Source: Commit Author/Email Spoofing,ATTACK,TRUSTED,,SOURCE,false,0
4,3848,Source: Commit Author/Email Spoofing,ATTACK,TRUSTED,,SOURCE,false,0
4,3849,Source: Commit Author/Email Spoofing,ATTACK,TRUSTED,,SOURCE,false,0
4,3850,Source: Commit Author/Email Spoofing,ATTACK,TRUSTED,,SOURCE,false,0
4,3851,Dependency: Compatible Semver Substitution,ATTACK,REJECTED,DEPENDENCIES,DEPENDENCIES,true,0
4,3852,Dependency: Compatible Semver Substitution,ATTACK,REJECTED,DEPENDENCIES,DEPENDENCIES,true,0
4,3853,Dependency: Compatible Semver Substitution,ATTACK,REJECTED,DEPENDENCIES,DEPENDENCIES,true,0
4,3854,Dependency: Compatible Semver Substitution,ATTACK,REJECTED,DEPENDENCIES,DEPENDENCIES,true,0
4,3855,Dependency: Compatible Semver Substitution,ATTACK,REJECTED,DEPENDENCIES,DEPENDENCIES,true,0
4,3856,Dependency: Compatible Semver Substitution,ATTACK,REJECTED,DEPENDENCIES,DEPENDENCIES,true,0
4,3857,Dependency: Compatible Semver Substitution,ATTACK,REJECTED,DEPENDENCIES,DEPENDENCIES,true,0
4,3858,Dependency: Compatible Semver Substitution,ATTACK,REJECTED,DEPENDENCIES,DEPENDENCIES,true,0
4,3859,Dependency: Compatible Semver Substitution,ATTACK,REJECTED,DEPENDENCIES,DEPENDENCIES,true,0
4,3860,Dependency: Compatible Semver Substitution,ATTACK,REJECTED,DEPENDENCIES,DEPENDENCIES,true,0
4,3861,Dependency: Compatible Semver Substitution,ATTACK,REJECTED,DEPENDENCIES,DEPENDENCIES,true,0
4,3862,Dependency: Compatible Semver Substitution,ATTACK,REJECTED,DEPENDENCIES,DEPENDENCIES,true,0
4,3863,Dependency: Compatible Semver Substitution,ATTACK,REJECTED,DEPENDENCIES,DEPENDENCIES,true,0
4,3864,Dependency: Compatible Semver Substitution,ATTACK,REJECTED,DEPENDENCIES,DEPENDENCIES,true,0
4,3865,Dependency: Compatible Semver Substitution,ATTACK,REJECTED,DEPENDENCIES,DEPENDENCIES,true,0
4,3866,Dependency: Compatible Semver Substitution,ATTACK,REJECTED,DEPENDENCIES,DEPENDENCIES,true,0
4,3867,Dependency: Compatible Semver Substitution,ATTACK,REJECTED,DEPENDENCIES,DEPENDENCIES,true,0
4,3868,Dependency: Compatible Semver Substitution,ATTACK,REJECTED,DEPENDENCIES,DEPENDENCIES,true,0
4,3869,Dependency: Compatible Semver Substitution,ATTACK,REJECTED,DEPENDENCIES,DEPENDENCIES,true,0
4,3870,Dependency: Compatible Semver Substitution,ATTACK,REJECTED,DEPENDENCIES,DEPENDENCIES,true,0
4,3871,Dependency: Compatible Semver Substitution,ATTACK,REJECTED,DEPENDENCIES,DEPENDENCIES,true,0
4,3872,Dependency: Compatible Semver Substitution,ATTACK,REJECTED,DEPENDENCIES,DEPENDENCIES,true,0
4,3873,Dependency: Compatible Semver Substitution,ATTACK,REJECTED,DEPENDENCIES,DEPENDENCIES,true,0
4,3874,Dependency: Compatible Semver Substitution,ATTACK,REJECTED,DEPENDENCIES,DEPENDENCIES,true,0
4,3875,Dependency: Compatible Semver Substitution,ATTACK,REJECTED,DEPENDENCIES,DEPENDENCIES,true,0
4,3876,Dependency: Compatible Semver Substitution,ATTACK,REJECTED,DEPENDENCIES,DEPENDENCIES,true,0
4,3877,Dependency: Compatible Semver Substitution,ATTACK,REJECTED,DEPENDENCIES,DEPENDENCIES,true,0
4,3878,Dependency: Compatible Semver Substitution,ATTACK,REJECTED,DEPENDENCIES,DEPENDENCIES,true,0
4,3879,Dependency: Compatible Semver Substitution,ATTACK,REJECTED,DEPENDENCIES,DEPENDENCIES,true,0
4,3880,Dependency: Compatible Semver Substitution,ATTACK,REJECTED,DEPENDENCIES,DEPENDENCIES,true,0
4,3881,Dependency: Compatible Semver Substitution,ATTACK,REJECTED,DEPENDENCIES,DEPENDENCIES,true,0
4,3882,Dependency: Compatible Semver Substitution,ATTACK,REJECTED,DEPENDENCIES,DEPENDENCIES,true,0
4,3883,Dependency: Compatible Semver Substitution,ATTACK,REJECTED,DEPENDENCIES,DEPENDENCIES,true,0
4,3884,Dependency: Compatible Semver Substitution,ATTACK,REJECTED,DEPENDENCIES,DEPENDENCIES,true,0
4,3885,Dependency: Compatible Semver Substitution,ATTACK,REJECTED,DEPENDENCIES,DEPENDENCIES,true,0
4,3886,Dependency: Compatible Semver Substitution,ATTACK,REJECTED,DEPENDENCIES,DEPENDENCIES,true,0
4,3887,Dependency: Compatible Semver Substitution,ATTACK,REJECTED,DEPENDENCIES,DEPENDENCIES,true,0
4,3888,Dependency: Compatible Semver Substitution,ATTACK,REJECTED,DEPENDENCIES,DEPENDENCIES,true,999
4,3889,Dependency: Compatible Semver Substitution,ATTACK,REJECTED,DEPENDENCIES,DEPENDENCIES,true,0
4,3890,Dependency: Compatible Semver Substitution,ATTACK,REJECTED,DEPENDENCIES,DEPENDENCIES,true,0
4,3891,Dependency: Compatible Semver Substitution,ATTACK,REJECTED,DEPENDENCIES,DEPENDENCIES,true,0
4,3892,Dependency: Compatible Semver Substitution,ATTACK,REJECTED,DEPENDENCIES,DEPENDENCIES,true,0
4,3893,Dependency: Compatible Semver Substitution,ATTACK,REJECTED,DEPENDENCIES,DEPENDENCIES,true,0
4,3894,Dependency: Compatible Semver Substitution,ATTACK,REJECTED,DEPENDENCIES,DEPENDENCIES,true,0
4,3895,Dependency: Compatible Semver Substitution,ATTACK,REJECTED,DEPENDENCIES,DEPENDENCIES,true,0
4,3896,Dependency: Compatible Semver Substitution,ATTACK,REJECTED,DEPENDENCIES,DEPENDENCIES,true,0
4,3897,Dependency: Compatible Semver Substitution,ATTACK,REJECTED,DEPENDENCIES,DEPENDENCIES,true,0
4,3898,Dependency: Compatible Semver Substitution,ATTACK,REJECTED,DEPENDENCIES,DEPENDENCIES,true,0
4,3899,Dependency: Compatible Semver Substitution,ATTACK,REJECTED,DEPENDENCIES,DEPENDENCIES,true,0
4,3900,Dependency: Compatible Semver Substitution,ATTACK,REJECTED,DEPENDENCIES,DEPENDENCIES,true,0
4,3901,Dependency: Unapproved Mirror Registry,ATTACK,REJECTED,DEPENDENCIES,DEPENDENCIES,true,0
4,3902,Dependency: Unapproved Mirror Registry,ATTACK,REJECTED,DEPENDENCIES,DEPENDENCIES,true,0
4,3903,Dependency: Unapproved Mirror Registry,ATTACK,REJECTED,DEPENDENCIES,DEPENDENCIES,true,0
4,3904,Dependency: Unapproved Mirror Registry,ATTACK,REJECTED,DEPENDENCIES,DEPENDENCIES,true,0
4,3905,Dependency: Unapproved Mirror Registry,ATTACK,REJECTED,DEPENDENCIES,DEPENDENCIES,true,0
4,3906,Dependency: Unapproved Mirror Registry,ATTACK,REJECTED,DEPENDENCIES,DEPENDENCIES,true,0
4,3907,Dependency: Unapproved Mirror Registry,ATTACK,REJECTED,DEPENDENCIES,DEPENDENCIES,true,0
4,3908,Dependency: Unapproved Mirror Registry,ATTACK,REJECTED,DEPENDENCIES,DEPENDENCIES,true,0
4,3909,Dependency: Unapproved Mirror Registry,ATTACK,REJECTED,DEPENDENCIES,DEPENDENCIES,true,0
4,3910,Dependency: Unapproved Mirror Registry,ATTACK,REJECTED,DEPENDENCIES,DEPENDENCIES,true,0
4,3911,Dependency: Unapproved Mirror Registry,ATTACK,REJECTED,DEPENDENCIES,DEPENDENCIES,true,0
4,3912,Dependency: Unapproved Mirror Registry,ATTACK,REJECTED,DEPENDENCIES,DEPENDENCIES,true,0
4,3913,Dependency: Unapproved Mirror Registry,ATTACK,REJECTED,DEPENDENCIES,DEPENDENCIES,true,0
4,3914,Dependency: Unapproved Mirror Registry,ATTACK,REJECTED,DEPENDENCIES,DEPENDENCIES,true,0
4,3915,Dependency: Unapproved Mirror Registry,ATTACK,REJECTED,DEPENDENCIES,DEPENDENCIES,true,0
4,3916,Dependency: Unapproved Mirror Registry,ATTACK,REJECTED,DEPENDENCIES,DEPENDENCIES,true,0
4,3917,Dependency: Unapproved Mirror Registry,ATTACK,REJECTED,DEPENDENCIES,DEPENDENCIES,true,0
4,3918,Dependency: Unapproved Mirror Registry,ATTACK,REJECTED,DEPENDENCIES,DEPENDENCIES,true,0
4,3919,Dependency: Unapproved Mirror Registry,ATTACK,REJECTED,DEPENDENCIES,DEPENDENCIES,true,0
4,3920,Dependency: Unapproved Mirror Registry,ATTACK,REJECTED,DEPENDENCIES,DEPENDENCIES,true,0
4,3921,Dependency: Unapproved Mirror Registry,ATTACK,REJECTED,DEPENDENCIES,DEPENDENCIES,true,0
4,3922,Dependency: Unapproved Mirror Registry,ATTACK,REJECTED,DEPENDENCIES,DEPENDENCIES,true,0
4,3923,Dependency: Unapproved Mirror Registry,ATTACK,REJECTED,DEPENDENCIES,DEPENDENCIES,true,0
4,3924,Dependency: Unapproved Mirror Registry,ATTACK,REJECTED,DEPENDENCIES,DEPENDENCIES,true,0
4,3925,Dependency: Unapproved Mirror Registry,ATTACK,REJECTED,DEPENDENCIES,DEPENDENCIES,true,0
4,3926,Dependency: Unapproved Mirror Registry,ATTACK,REJECTED,DEPENDENCIES,DEPENDENCIES,true,0
4,3927,Dependency: Unapproved Mirror Registry,ATTACK,REJECTED,DEPENDENCIES,DEPENDENCIES,true,0
4,3928,Dependency: Unapproved Mirror Registry,ATTACK,REJECTED,DEPENDENCIES,DEPENDENCIES,true,0
4,3929,Dependency: Unapproved Mirror Registry,ATTACK,REJECTED,DEPENDENCIES,DEPENDENCIES,true,0
4,3930,Dependency: Unapproved Mirror Registry,ATTACK,REJECTED,DEPENDENCIES,DEPENDENCIES,true,0
4,3931,Dependency: Unapproved Mirror Registry,ATTACK,REJECTED,DEPENDENCIES,DEPENDENCIES,true,0
4,3932,Dependency: Unapproved Mirror Registry,ATTACK,REJECTED,DEPENDENCIES,DEPENDENCIES,true,0
4,3933,Dependency: Unapproved Mirror Registry,ATTACK,REJECTED,DEPENDENCIES,DEPENDENCIES,true,0
4,3934,Dependency: Unapproved Mirror Registry,ATTACK,REJECTED,DEPENDENCIES,DEPENDENCIES,true,0
4,3935,Dependency: Unapproved Mirror Registry,ATTACK,REJECTED,DEPENDENCIES,DEPENDENCIES,true,0
4,3936,Dependency: Unapproved Mirror Registry,ATTACK,REJECTED,DEPENDENCIES,DEPENDENCIES,true,0
4,3937,Dependency: Unapproved Mirror Registry,ATTACK,REJECTED,DEPENDENCIES,DEPENDENCIES,true,0
4,3938,Dependency: Unapproved Mirror Registry,ATTACK,REJECTED,DEPENDENCIES,DEPENDENCIES,true,0
4,3939,Dependency: Unapproved Mirror Registry,ATTACK,REJECTED,DEPENDENCIES,DEPENDENCIES,true,0
4,3940,Dependency: Unapproved Mirror Registry,ATTACK,REJECTED,DEPENDENCIES,DEPENDENCIES,true,0
4,3941,Dependency: Unapproved Mirror Registry,ATTACK,REJECTED,DEPENDENCIES,DEPENDENCIES,true,0
4,3942,Dependency: Unapproved Mirror Registry,ATTACK,REJECTED,DEPENDENCIES,DEPENDENCIES,true,0
4,3943,Dependency: Unapproved Mirror Registry,ATTACK,REJECTED,DEPENDENCIES,DEPENDENCIES,true,0
4,3944,Dependency: Unapproved Mirror Registry,ATTACK,REJECTED,DEPENDENCIES,DEPENDENCIES,true,0
4,3945,Dependency: Unapproved Mirror Registry,ATTACK,REJECTED,DEPENDENCIES,DEPENDENCIES,true,0
4,3946,Dependency: Unapproved Mirror Registry,ATTACK,REJECTED,DEPENDENCIES,DEPENDENCIES,true,0
4,3947,Dependency: Unapproved Mirror Registry,ATTACK,REJECTED,DEPENDENCIES,DEPENDENCIES,true,0
4,3948,Dependency: Unapproved Mirror Registry,ATTACK,REJECTED,DEPENDENCIES,DEPENDENCIES,true,0
4,3949,Dependency: Unapproved Mirror Registry,ATTACK,REJECTED,DEPENDENCIES,DEPENDENCIES,true,0
4,3950,Dependency: Unapproved Mirror Registry,ATTACK,REJECTED,DEPENDENCIES,DEPENDENCIES,true,0
4,3951,Lockfile: Missing/Stripped Hash Integrity,ATTACK,REJECTED,DEPENDENCIES,LOCKFILE,true,0
4,3952,Lockfile: Missing/Stripped Hash Integrity,ATTACK,REJECTED,DEPENDENCIES,LOCKFILE,true,0
4,3953,Lockfile: Missing/Stripped Hash Integrity,ATTACK,REJECTED,DEPENDENCIES,LOCKFILE,true,0
4,3954,Lockfile: Missing/Stripped Hash Integrity,ATTACK,REJECTED,DEPENDENCIES,LOCKFILE,true,0
4,3955,Lockfile: Missing/Stripped Hash Integrity,ATTACK,REJECTED,DEPENDENCIES,LOCKFILE,true,0
4,3956,Lockfile: Missing/Stripped Hash Integrity,ATTACK,REJECTED,DEPENDENCIES,LOCKFILE,true,0
4,3957,Lockfile: Missing/Stripped Hash Integrity,ATTACK,REJECTED,DEPENDENCIES,LOCKFILE,true,0
4,3958,Lockfile: Missing/Stripped Hash Integrity,ATTACK,REJECTED,DEPENDENCIES,LOCKFILE,true,0
4,3959,Lockfile: Missing/Stripped Hash Integrity,ATTACK,REJECTED,DEPENDENCIES,LOCKFILE,true,0
4,3960,Lockfile: Missing/Stripped Hash Integrity,ATTACK,REJECTED,DEPENDENCIES,LOCKFILE,true,0
4,3961,Lockfile: Missing/Stripped Hash Integrity,ATTACK,REJECTED,DEPENDENCIES,LOCKFILE,true,0
4,3962,Lockfile: Missing/Stripped Hash Integrity,ATTACK,REJECTED,DEPENDENCIES,LOCKFILE,true,0
4,3963,Lockfile: Missing/Stripped Hash Integrity,ATTACK,REJECTED,DEPENDENCIES,LOCKFILE,true,0
4,3964,Lockfile: Missing/Stripped Hash Integrity,ATTACK,REJECTED,DEPENDENCIES,LOCKFILE,true,0
4,3965,Lockfile: Missing/Stripped Hash Integrity,ATTACK,REJECTED,DEPENDENCIES,LOCKFILE,true,0
4,3966,Lockfile: Missing/Stripped Hash Integrity,ATTACK,REJECTED,DEPENDENCIES,LOCKFILE,true,0
4,3967,Lockfile: Missing/Stripped Hash Integrity,ATTACK,REJECTED,DEPENDENCIES,LOCKFILE,true,0
4,3968,Lockfile: Missing/Stripped Hash Integrity,ATTACK,REJECTED,DEPENDENCIES,LOCKFILE,true,0
4,3969,Lockfile: Missing/Stripped Hash Integrity,ATTACK,REJECTED,DEPENDENCIES,LOCKFILE,true,0
4,3970,Lockfile: Missing/Stripped Hash Integrity,ATTACK,REJECTED,DEPENDENCIES,LOCKFILE,true,0
4,3971,Lockfile: Missing/Stripped Hash Integrity,ATTACK,REJECTED,DEPENDENCIES,LOCKFILE,true,0
4,3972,Lockfile: Missing/Stripped Hash Integrity,ATTACK,REJECTED,DEPENDENCIES,LOCKFILE,true,0
4,3973,Lockfile: Missing/Stripped Hash Integrity,ATTACK,REJECTED,DEPENDENCIES,LOCKFILE,true,0
4,3974,Lockfile: Missing/Stripped Hash Integrity,ATTACK,REJECTED,DEPENDENCIES,LOCKFILE,true,0
4,3975,Lockfile: Missing/Stripped Hash Integrity,ATTACK,REJECTED,DEPENDENCIES,LOCKFILE,true,0
4,3976,Lockfile: Missing/Stripped Hash Integrity,ATTACK,REJECTED,DEPENDENCIES,LOCKFILE,true,0
4,3977,Lockfile: Missing/Stripped Hash Integrity,ATTACK,REJECTED,DEPENDENCIES,LOCKFILE,true,0
4,3978,Lockfile: Missing/Stripped Hash Integrity,ATTACK,REJECTED,DEPENDENCIES,LOCKFILE,true,0
4,3979,Lockfile: Missing/Stripped Hash Integrity,ATTACK,REJECTED,DEPENDENCIES,LOCKFILE,true,0
4,3980,Lockfile: Missing/Stripped Hash Integrity,ATTACK,REJECTED,DEPENDENCIES,LOCKFILE,true,0
4,3981,Lockfile: Missing/Stripped Hash Integrity,ATTACK,REJECTED,DEPENDENCIES,LOCKFILE,true,0
4,3982,Lockfile: Missing/Stripped Hash Integrity,ATTACK,REJECTED,DEPENDENCIES,LOCKFILE,true,0
4,3983,Lockfile: Missing/Stripped Hash Integrity,ATTACK,REJECTED,DEPENDENCIES,LOCKFILE,true,0
4,3984,Lockfile: Missing/Stripped Hash Integrity,ATTACK,REJECTED,DEPENDENCIES,LOCKFILE,true,0
4,3985,Lockfile: Missing/Stripped Hash Integrity,ATTACK,REJECTED,DEPENDENCIES,LOCKFILE,true,0
4,3986,Lockfile: Missing/Stripped Hash Integrity,ATTACK,REJECTED,DEPENDENCIES,LOCKFILE,true,0
4,3987,Lockfile: Missing/Stripped Hash Integrity,ATTACK,REJECTED,DEPENDENCIES,LOCKFILE,true,0
4,3988,Lockfile: Missing/Stripped Hash Integrity,ATTACK,REJECTED,DEPENDENCIES,LOCKFILE,true,0
4,3989,Lockfile: Missing/Stripped Hash Integrity,ATTACK,REJECTED,DEPENDENCIES,LOCKFILE,true,0
4,3990,Lockfile: Missing/Stripped Hash Integrity,ATTACK,REJECTED,DEPENDENCIES,LOCKFILE,true,0
4,3991,Lockfile: Missing/Stripped Hash Integrity,ATTACK,REJECTED,DEPENDENCIES,LOCKFILE,true,0
4,3992,Lockfile: Missing/Stripped Hash Integrity,ATTACK,REJECTED,DEPENDENCIES,LOCKFILE,true,0
4,3993,Lockfile: Missing/Stripped Hash Integrity,ATTACK,REJECTED,DEPENDENCIES,LOCKFILE,true,0
4,3994,Lockfile: Missing/Stripped Hash Integrity,ATTACK,REJECTED,DEPENDENCIES,LOCKFILE,true,0
4,3995,Lockfile: Missing/Stripped Hash Integrity,ATTACK,REJECTED,DEPENDENCIES,LOCKFILE,true,0
4,3996,Lockfile: Missing/Stripped Hash Integrity,ATTACK,REJECTED,DEPENDENCIES,LOCKFILE,true,0
4,3997,Lockfile: Missing/Stripped Hash Integrity,ATTACK,REJECTED,DEPENDENCIES,LOCKFILE,true,0
4,3998,Lockfile: Missing/Stripped Hash Integrity,ATTACK,REJECTED,DEPENDENCIES,LOCKFILE,true,0
4,3999,Lockfile: Missing/Stripped Hash Integrity,ATTACK,REJECTED,DEPENDENCIES,LOCKFILE,true,0
4,4000,Lockfile: Missing/Stripped Hash Integrity,ATTACK,REJECTED,DEPENDENCIES,LOCKFILE,true,0
4,4001,Process: Short-Lived Subprocess (Polling Evasion),ATTACK,TRUSTED,,PROCESS,false,0
4,4002,Process: Short-Lived Subprocess (Polling Evasion),ATTACK,TRUSTED,,PROCESS,false,0
4,4003,Process: Short-Lived Subprocess (Polling Evasion),ATTACK,TRUSTED,,PROCESS,false,0
4,4004,Process: Short-Lived Subprocess (Polling Evasion),ATTACK,TRUSTED,,PROCESS,false,0
4,4005,Process: Short-Lived Subprocess (Polling Evasion),ATTACK,TRUSTED,,PROCESS,false,0
4,4006,Process: Short-Lived Subprocess (Polling Evasion),ATTACK,TRUSTED,,PROCESS,false,0
4,4007,Process: Short-Lived Subprocess (Polling Evasion),ATTACK,TRUSTED,,PROCESS,false,0
4,4008,Process: Short-Lived Subprocess (Polling Evasion),ATTACK,TRUSTED,,PROCESS,false,0
4,4009,Process: Short-Lived Subprocess (Polling Evasion),ATTACK,TRUSTED,,PROCESS,false,0
4,4010,Process: Short-Lived Subprocess (Polling Evasion),ATTACK,TRUSTED,,PROCESS,false,0
4,4011,Process: Short-Lived Subprocess (Polling Evasion),ATTACK,TRUSTED,,PROCESS,false,0
4,4012,Process: Short-Lived Subprocess (Polling Evasion),ATTACK,TRUSTED,,PROCESS,false,0
4,4013,Process: Short-Lived Subprocess (Polling Evasion),ATTACK,TRUSTED,,PROCESS,false,0
4,4014,Process: Short-Lived Subprocess (Polling Evasion),ATTACK,TRUSTED,,PROCESS,false,0
4,4015,Process: Short-Lived Subprocess (Polling Evasion),ATTACK,TRUSTED,,PROCESS,false,0
4,4016,Process: Short-Lived Subprocess (Polling Evasion),ATTACK,TRUSTED,,PROCESS,false,0
4,4017,Process: Short-Lived Subprocess (Polling Evasion),ATTACK,TRUSTED,,PROCESS,false,0
4,4018,Process: Short-Lived Subprocess (Polling Evasion),ATTACK,TRUSTED,,PROCESS,false,0
4,4019,Process: Short-Lived Subprocess (Polling Evasion),ATTACK,TRUSTED,,PROCESS,false,0
4,4020,Process: Short-Lived Subprocess (Polling Evasion),ATTACK,TRUSTED,,PROCESS,false,0
4,4021,Process: Short-Lived Subprocess (Polling Evasion),ATTACK,TRUSTED,,PROCESS,false,0
4,4022,Process: Short-Lived Subprocess (Polling Evasion),ATTACK,TRUSTED,,PROCESS,false,0
4,4023,Process: Short-Lived Subprocess (Polling Evasion),ATTACK,TRUSTED,,PROCESS,false,0
4,4024,Process: Short-Lived Subprocess (Polling Evasion),ATTACK,TRUSTED,,PROCESS,false,0
4,4025,Process: Short-Lived Subprocess (Polling Evasion),ATTACK,TRUSTED,,PROCESS,false,0
4,4026,Process: Short-Lived Subprocess (Polling Evasion),ATTACK,TRUSTED,,PROCESS,false,0
4,4027,Process: Short-Lived Subprocess (Polling Evasion),ATTACK,TRUSTED,,PROCESS,false,0
4,4028,Process: Short-Lived Subprocess (Polling Evasion),ATTACK,TRUSTED,,PROCESS,false,0
4,4029,Process: Short-Lived Subprocess (Polling Evasion),ATTACK,TRUSTED,,PROCESS,false,0
4,4030,Process: Short-Lived Subprocess (Polling Evasion),ATTACK,TRUSTED,,PROCESS,false,0
4,4031,Process: Short-Lived Subprocess (Polling Evasion),ATTACK,TRUSTED,,PROCESS,false,0
4,4032,Process: Short-Lived Subprocess (Polling Evasion),ATTACK,TRUSTED,,PROCESS,false,0
4,4033,Process: Short-Lived Subprocess (Polling Evasion),ATTACK,TRUSTED,,PROCESS,false,0
4,4034,Process: Short-Lived Subprocess (Polling Evasion),ATTACK,TRUSTED,,PROCESS,false,0
4,4035,Process: Short-Lived Subprocess (Polling Evasion),ATTACK,TRUSTED,,PROCESS,false,0
4,4036,Process: Short-Lived Subprocess (Polling Evasion),ATTACK,TRUSTED,,PROCESS,false,0
4,4037,Process: Short-Lived Subprocess (Polling Evasion),ATTACK,TRUSTED,,PROCESS,false,0
4,4038,Process: Short-Lived Subprocess (Polling Evasion),ATTACK,TRUSTED,,PROCESS,false,0
4,4039,Process: Short-Lived Subprocess (Polling Evasion),ATTACK,TRUSTED,,PROCESS,false,0
4,4040,Process: Short-Lived Subprocess (Polling Evasion),ATTACK,TRUSTED,,PROCESS,false,0
4,4041,Process: Short-Lived Subprocess (Polling Evasion),ATTACK,TRUSTED,,PROCESS,false,0
4,4042,Process: Short-Lived Subprocess (Polling Evasion),ATTACK,TRUSTED,,PROCESS,false,0
4,4043,Process: Short-Lived Subprocess (Polling Evasion),ATTACK,TRUSTED,,PROCESS,false,0
4,4044,Process: Short-Lived Subprocess (Polling Evasion),ATTACK,TRUSTED,,PROCESS,false,0
4,4045,Process: Short-Lived Subprocess (Polling Evasion),ATTACK,TRUSTED,,PROCESS,false,0
4,4046,Process: Short-Lived Subprocess (Polling Evasion),ATTACK,TRUSTED,,PROCESS,false,0
4,4047,Process: Short-Lived Subprocess (Polling Evasion),ATTACK,TRUSTED,,PROCESS,false,1509
4,4048,Process: Short-Lived Subprocess (Polling Evasion),ATTACK,TRUSTED,,PROCESS,false,0
4,4049,Process: Short-Lived Subprocess (Polling Evasion),ATTACK,TRUSTED,,PROCESS,false,0
4,4050,Process: Short-Lived Subprocess (Polling Evasion),ATTACK,TRUSTED,,PROCESS,false,0
4,4051,Process: Renamed Binary Execution (svchost/python),ATTACK,REJECTED,PROCESS,PROCESS,true,0
4,4052,Process: Renamed Binary Execution (svchost/python),ATTACK,REJECTED,PROCESS,PROCESS,true,0
4,4053,Process: Renamed Binary Execution (svchost/python),ATTACK,REJECTED,PROCESS,PROCESS,true,0
4,4054,Process: Renamed Binary Execution (svchost/python),ATTACK,REJECTED,PROCESS,PROCESS,true,0
4,4055,Process: Renamed Binary Execution (svchost/python),ATTACK,REJECTED,PROCESS,PROCESS,true,0
4,4056,Process: Renamed Binary Execution (svchost/python),ATTACK,REJECTED,PROCESS,PROCESS,true,0
4,4057,Process: Renamed Binary Execution (svchost/python),ATTACK,REJECTED,PROCESS,PROCESS,true,0
4,4058,Process: Renamed Binary Execution (svchost/python),ATTACK,REJECTED,PROCESS,PROCESS,true,0
4,4059,Process: Renamed Binary Execution (svchost/python),ATTACK,REJECTED,PROCESS,PROCESS,true,0
4,4060,Process: Renamed Binary Execution (svchost/python),ATTACK,REJECTED,PROCESS,PROCESS,true,0
4,4061,Process: Renamed Binary Execution (svchost/python),ATTACK,REJECTED,PROCESS,PROCESS,true,0
4,4062,Process: Renamed Binary Execution (svchost/python),ATTACK,REJECTED,PROCESS,PROCESS,true,0
4,4063,Process: Renamed Binary Execution (svchost/python),ATTACK,REJECTED,PROCESS,PROCESS,true,0
4,4064,Process: Renamed Binary Execution (svchost/python),ATTACK,REJECTED,PROCESS,PROCESS,true,0
4,4065,Process: Renamed Binary Execution (svchost/python),ATTACK,REJECTED,PROCESS,PROCESS,true,0
4,4066,Process: Renamed Binary Execution (svchost/python),ATTACK,REJECTED,PROCESS,PROCESS,true,0
4,4067,Process: Renamed Binary Execution (svchost/python),ATTACK,REJECTED,PROCESS,PROCESS,true,0
4,4068,Process: Renamed Binary Execution (svchost/python),ATTACK,REJECTED,PROCESS,PROCESS,true,515
4,4069,Process: Renamed Binary Execution (svchost/python),ATTACK,REJECTED,PROCESS,PROCESS,true,0
4,4070,Process: Renamed Binary Execution (svchost/python),ATTACK,REJECTED,PROCESS,PROCESS,true,0
4,4071,Process: Renamed Binary Execution (svchost/python),ATTACK,REJECTED,PROCESS,PROCESS,true,0
4,4072,Process: Renamed Binary Execution (svchost/python),ATTACK,REJECTED,PROCESS,PROCESS,true,0
4,4073,Process: Renamed Binary Execution (svchost/python),ATTACK,REJECTED,PROCESS,PROCESS,true,0
4,4074,Process: Renamed Binary Execution (svchost/python),ATTACK,REJECTED,PROCESS,PROCESS,true,0
4,4075,Process: Renamed Binary Execution (svchost/python),ATTACK,REJECTED,PROCESS,PROCESS,true,0
4,4076,Process: Renamed Binary Execution (svchost/python),ATTACK,REJECTED,PROCESS,PROCESS,true,0
4,4077,Process: Renamed Binary Execution (svchost/python),ATTACK,REJECTED,PROCESS,PROCESS,true,0
4,4078,Process: Renamed Binary Execution (svchost/python),ATTACK,REJECTED,PROCESS,PROCESS,true,0
4,4079,Process: Renamed Binary Execution (svchost/python),ATTACK,REJECTED,PROCESS,PROCESS,true,0
4,4080,Process: Renamed Binary Execution (svchost/python),ATTACK,REJECTED,PROCESS,PROCESS,true,0
4,4081,Process: Renamed Binary Execution (svchost/python),ATTACK,REJECTED,PROCESS,PROCESS,true,0
4,4082,Process: Renamed Binary Execution (svchost/python),ATTACK,REJECTED,PROCESS,PROCESS,true,0
4,4083,Process: Renamed Binary Execution (svchost/python),ATTACK,REJECTED,PROCESS,PROCESS,true,0
4,4084,Process: Renamed Binary Execution (svchost/python),ATTACK,REJECTED,PROCESS,PROCESS,true,0
4,4085,Process: Renamed Binary Execution (svchost/python),ATTACK,REJECTED,PROCESS,PROCESS,true,0
4,4086,Process: Renamed Binary Execution (svchost/python),ATTACK,REJECTED,PROCESS,PROCESS,true,0
4,4087,Process: Renamed Binary Execution (svchost/python),ATTACK,REJECTED,PROCESS,PROCESS,true,0
4,4088,Process: Renamed Binary Execution (svchost/python),ATTACK,REJECTED,PROCESS,PROCESS,true,0
4,4089,Process: Renamed Binary Execution (svchost/python),ATTACK,REJECTED,PROCESS,PROCESS,true,0
4,4090,Process: Renamed Binary Execution (svchost/python),ATTACK,REJECTED,PROCESS,PROCESS,true,0
4,4091,Process: Renamed Binary Execution (svchost/python),ATTACK,REJECTED,PROCESS,PROCESS,true,0
4,4092,Process: Renamed Binary Execution (svchost/python),ATTACK,REJECTED,PROCESS,PROCESS,true,0
4,4093,Process: Renamed Binary Execution (svchost/python),ATTACK,REJECTED,PROCESS,PROCESS,true,0
4,4094,Process: Renamed Binary Execution (svchost/python),ATTACK,REJECTED,PROCESS,PROCESS,true,0
4,4095,Process: Renamed Binary Execution (svchost/python),ATTACK,REJECTED,PROCESS,PROCESS,true,0
4,4096,Process: Renamed Binary Execution (svchost/python),ATTACK,REJECTED,PROCESS,PROCESS,true,0
4,4097,Process: Renamed Binary Execution (svchost/python),ATTACK,REJECTED,PROCESS,PROCESS,true,0
4,4098,Process: Renamed Binary Execution (svchost/python),ATTACK,REJECTED,PROCESS,PROCESS,true,0
4,4099,Process: Renamed Binary Execution (svchost/python),ATTACK,REJECTED,PROCESS,PROCESS,true,0
4,4100,Process: Renamed Binary Execution (svchost/python),ATTACK,REJECTED,PROCESS,PROCESS,true,0
4,4101,Filesystem: Boundary Escape (/tmp or %TEMP%),ATTACK,TRUSTED,,FILESYSTEM,false,0
4,4102,Filesystem: Boundary Escape (/tmp or %TEMP%),ATTACK,TRUSTED,,FILESYSTEM,false,0
4,4103,Filesystem: Boundary Escape (/tmp or %TEMP%),ATTACK,TRUSTED,,FILESYSTEM,false,0
4,4104,Filesystem: Boundary Escape (/tmp or %TEMP%),ATTACK,TRUSTED,,FILESYSTEM,false,510
4,4105,Filesystem: Boundary Escape (/tmp or %TEMP%),ATTACK,TRUSTED,,FILESYSTEM,false,0
4,4106,Filesystem: Boundary Escape (/tmp or %TEMP%),ATTACK,TRUSTED,,FILESYSTEM,false,0
4,4107,Filesystem: Boundary Escape (/tmp or %TEMP%),ATTACK,TRUSTED,,FILESYSTEM,false,0
4,4108,Filesystem: Boundary Escape (/tmp or %TEMP%),ATTACK,TRUSTED,,FILESYSTEM,false,0
4,4109,Filesystem: Boundary Escape (/tmp or %TEMP%),ATTACK,TRUSTED,,FILESYSTEM,false,0
4,4110,Filesystem: Boundary Escape (/tmp or %TEMP%),ATTACK,TRUSTED,,FILESYSTEM,false,0
4,4111,Filesystem: Boundary Escape (/tmp or %TEMP%),ATTACK,TRUSTED,,FILESYSTEM,false,0
4,4112,Filesystem: Boundary Escape (/tmp or %TEMP%),ATTACK,TRUSTED,,FILESYSTEM,false,0
4,4113,Filesystem: Boundary Escape (/tmp or %TEMP%),ATTACK,TRUSTED,,FILESYSTEM,false,0
4,4114,Filesystem: Boundary Escape (/tmp or %TEMP%),ATTACK,TRUSTED,,FILESYSTEM,false,0
4,4115,Filesystem: Boundary Escape (/tmp or %TEMP%),ATTACK,TRUSTED,,FILESYSTEM,false,0
4,4116,Filesystem: Boundary Escape (/tmp or %TEMP%),ATTACK,TRUSTED,,FILESYSTEM,false,0
4,4117,Filesystem: Boundary Escape (/tmp or %TEMP%),ATTACK,TRUSTED,,FILESYSTEM,false,0
4,4118,Filesystem: Boundary Escape (/tmp or %TEMP%),ATTACK,TRUSTED,,FILESYSTEM,false,0
4,4119,Filesystem: Boundary Escape (/tmp or %TEMP%),ATTACK,TRUSTED,,FILESYSTEM,false,0
4,4120,Filesystem: Boundary Escape (/tmp or %TEMP%),ATTACK,TRUSTED,,FILESYSTEM,false,0
4,4121,Filesystem: Boundary Escape (/tmp or %TEMP%),ATTACK,TRUSTED,,FILESYSTEM,false,0
4,4122,Filesystem: Boundary Escape (/tmp or %TEMP%),ATTACK,TRUSTED,,FILESYSTEM,false,0
4,4123,Filesystem: Boundary Escape (/tmp or %TEMP%),ATTACK,TRUSTED,,FILESYSTEM,false,0
4,4124,Filesystem: Boundary Escape (/tmp or %TEMP%),ATTACK,TRUSTED,,FILESYSTEM,false,0
4,4125,Filesystem: Boundary Escape (/tmp or %TEMP%),ATTACK,TRUSTED,,FILESYSTEM,false,0
4,4126,Filesystem: Boundary Escape (/tmp or %TEMP%),ATTACK,TRUSTED,,FILESYSTEM,false,0
4,4127,Filesystem: Boundary Escape (/tmp or %TEMP%),ATTACK,TRUSTED,,FILESYSTEM,false,0
4,4128,Filesystem: Boundary Escape (/tmp or %TEMP%),ATTACK,TRUSTED,,FILESYSTEM,false,0
4,4129,Filesystem: Boundary Escape (/tmp or %TEMP%),ATTACK,TRUSTED,,FILESYSTEM,false,0
4,4130,Filesystem: Boundary Escape (/tmp or %TEMP%),ATTACK,TRUSTED,,FILESYSTEM,false,0
4,4131,Filesystem: Boundary Escape (/tmp or %TEMP%),ATTACK,TRUSTED,,FILESYSTEM,false,0
4,4132,Filesystem: Boundary Escape (/tmp or %TEMP%),ATTACK,TRUSTED,,FILESYSTEM,false,0
4,4133,Filesystem: Boundary Escape (/tmp or %TEMP%),ATTACK,TRUSTED,,FILESYSTEM,false,0
4,4134,Filesystem: Boundary Escape (/tmp or %TEMP%),ATTACK,TRUSTED,,FILESYSTEM,false,0
4,4135,Filesystem: Boundary Escape (/tmp or %TEMP%),ATTACK,TRUSTED,,FILESYSTEM,false,0
4,4136,Filesystem: Boundary Escape (/tmp or %TEMP%),ATTACK,TRUSTED,,FILESYSTEM,false,0
4,4137,Filesystem: Boundary Escape (/tmp or %TEMP%),ATTACK,TRUSTED,,FILESYSTEM,false,0
4,4138,Filesystem: Boundary Escape (/tmp or %TEMP%),ATTACK,TRUSTED,,FILESYSTEM,false,0
4,4139,Filesystem: Boundary Escape (/tmp or %TEMP%),ATTACK,TRUSTED,,FILESYSTEM,false,0
4,4140,Filesystem: Boundary Escape (/tmp or %TEMP%),ATTACK,TRUSTED,,FILESYSTEM,false,0
4,4141,Filesystem: Boundary Escape (/tmp or %TEMP%),ATTACK,TRUSTED,,FILESYSTEM,false,0
4,4142,Filesystem: Boundary Escape (/tmp or %TEMP%),ATTACK,TRUSTED,,FILESYSTEM,false,0
4,4143,Filesystem: Boundary Escape (/tmp or %TEMP%),ATTACK,TRUSTED,,FILESYSTEM,false,0
4,4144,Filesystem: Boundary Escape (/tmp or %TEMP%),ATTACK,TRUSTED,,FILESYSTEM,false,0
4,4145,Filesystem: Boundary Escape (/tmp or %TEMP%),ATTACK,TRUSTED,,FILESYSTEM,false,0
4,4146,Filesystem: Boundary Escape (/tmp or %TEMP%),ATTACK,TRUSTED,,FILESYSTEM,false,0
4,4147,Filesystem: Boundary Escape (/tmp or %TEMP%),ATTACK,TRUSTED,,FILESYSTEM,false,0
4,4148,Filesystem: Boundary Escape (/tmp or %TEMP%),ATTACK,TRUSTED,,FILESYSTEM,false,0
4,4149,Filesystem: Boundary Escape (/tmp or %TEMP%),ATTACK,TRUSTED,,FILESYSTEM,false,0
4,4150,Filesystem: Boundary Escape (/tmp or %TEMP%),ATTACK,TRUSTED,,FILESYSTEM,false,0
4,4151,Filesystem: Payload Swap (Preserved Size/Time),ATTACK,REJECTED,FILESYSTEM,FILESYSTEM,true,0
4,4152,Filesystem: Payload Swap (Preserved Size/Time),ATTACK,REJECTED,FILESYSTEM,FILESYSTEM,true,0
4,4153,Filesystem: Payload Swap (Preserved Size/Time),ATTACK,REJECTED,FILESYSTEM,FILESYSTEM,true,0
4,4154,Filesystem: Payload Swap (Preserved Size/Time),ATTACK,REJECTED,FILESYSTEM,FILESYSTEM,true,0
4,4155,Filesystem: Payload Swap (Preserved Size/Time),ATTACK,REJECTED,FILESYSTEM,FILESYSTEM,true,0
4,4156,Filesystem: Payload Swap (Preserved Size/Time),ATTACK,REJECTED,FILESYSTEM,FILESYSTEM,true,0
4,4157,Filesystem: Payload Swap (Preserved Size/Time),ATTACK,REJECTED,FILESYSTEM,FILESYSTEM,true,0
4,4158,Filesystem: Payload Swap (Preserved Size/Time),ATTACK,REJECTED,FILESYSTEM,FILESYSTEM,true,0
4,4159,Filesystem: Payload Swap (Preserved Size/Time),ATTACK,REJECTED,FILESYSTEM,FILESYSTEM,true,0
4,4160,Filesystem: Payload Swap (Preserved Size/Time),ATTACK,REJECTED,FILESYSTEM,FILESYSTEM,true,0
4,4161,Filesystem: Payload Swap (Preserved Size/Time),ATTACK,REJECTED,FILESYSTEM,FILESYSTEM,true,0
4,4162,Filesystem: Payload Swap (Preserved Size/Time),ATTACK,REJECTED,FILESYSTEM,FILESYSTEM,true,0
4,4163,Filesystem: Payload Swap (Preserved Size/Time),ATTACK,REJECTED,FILESYSTEM,FILESYSTEM,true,0
4,4164,Filesystem: Payload Swap (Preserved Size/Time),ATTACK,REJECTED,FILESYSTEM,FILESYSTEM,true,0
4,4165,Filesystem: Payload Swap (Preserved Size/Time),ATTACK,REJECTED,FILESYSTEM,FILESYSTEM,true,0
4,4166,Filesystem: Payload Swap (Preserved Size/Time),ATTACK,REJECTED,FILESYSTEM,FILESYSTEM,true,706
4,4167,Filesystem: Payload Swap (Preserved Size/Time),ATTACK,REJECTED,FILESYSTEM,FILESYSTEM,true,0
4,4168,Filesystem: Payload Swap (Preserved Size/Time),ATTACK,REJECTED,FILESYSTEM,FILESYSTEM,true,0
4,4169,Filesystem: Payload Swap (Preserved Size/Time),ATTACK,REJECTED,FILESYSTEM,FILESYSTEM,true,0
4,4170,Filesystem: Payload Swap (Preserved Size/Time),ATTACK,REJECTED,FILESYSTEM,FILESYSTEM,true,0
4,4171,Filesystem: Payload Swap (Preserved Size/Time),ATTACK,REJECTED,FILESYSTEM,FILESYSTEM,true,0
4,4172,Filesystem: Payload Swap (Preserved Size/Time),ATTACK,REJECTED,FILESYSTEM,FILESYSTEM,true,0
4,4173,Filesystem: Payload Swap (Preserved Size/Time),ATTACK,REJECTED,FILESYSTEM,FILESYSTEM,true,0
4,4174,Filesystem: Payload Swap (Preserved Size/Time),ATTACK,REJECTED,FILESYSTEM,FILESYSTEM,true,0
4,4175,Filesystem: Payload Swap (Preserved Size/Time),ATTACK,REJECTED,FILESYSTEM,FILESYSTEM,true,0
4,4176,Filesystem: Payload Swap (Preserved Size/Time),ATTACK,REJECTED,FILESYSTEM,FILESYSTEM,true,0
4,4177,Filesystem: Payload Swap (Preserved Size/Time),ATTACK,REJECTED,FILESYSTEM,FILESYSTEM,true,0
4,4178,Filesystem: Payload Swap (Preserved Size/Time),ATTACK,REJECTED,FILESYSTEM,FILESYSTEM,true,0
4,4179,Filesystem: Payload Swap (Preserved Size/Time),ATTACK,REJECTED,FILESYSTEM,FILESYSTEM,true,0
4,4180,Filesystem: Payload Swap (Preserved Size/Time),ATTACK,REJECTED,FILESYSTEM,FILESYSTEM,true,0
4,4181,Filesystem: Payload Swap (Preserved Size/Time),ATTACK,REJECTED,FILESYSTEM,FILESYSTEM,true,0
4,4182,Filesystem: Payload Swap (Preserved Size/Time),ATTACK,REJECTED,FILESYSTEM,FILESYSTEM,true,0
4,4183,Filesystem: Payload Swap (Preserved Size/Time),ATTACK,REJECTED,FILESYSTEM,FILESYSTEM,true,0
4,4184,Filesystem: Payload Swap (Preserved Size/Time),ATTACK,REJECTED,FILESYSTEM,FILESYSTEM,true,0
4,4185,Filesystem: Payload Swap (Preserved Size/Time),ATTACK,REJECTED,FILESYSTEM,FILESYSTEM,true,0
4,4186,Filesystem: Payload Swap (Preserved Size/Time),ATTACK,REJECTED,FILESYSTEM,FILESYSTEM,true,0
4,4187,Filesystem: Payload Swap (Preserved Size/Time),ATTACK,REJECTED,FILESYSTEM,FILESYSTEM,true,0
4,4188,Filesystem: Payload Swap (Preserved Size/Time),ATTACK,REJECTED,FILESYSTEM,FILESYSTEM,true,0
4,4189,Filesystem: Payload Swap (Preserved Size/Time),ATTACK,REJECTED,FILESYSTEM,FILESYSTEM,true,0
4,4190,Filesystem: Payload Swap (Preserved Size/Time),ATTACK,REJECTED,FILESYSTEM,FILESYSTEM,true,0
4,4191,Filesystem: Payload Swap (Preserved Size/Time),ATTACK,REJECTED,FILESYSTEM,FILESYSTEM,true,0
4,4192,Filesystem: Payload Swap (Preserved Size/Time),ATTACK,REJECTED,FILESYSTEM,FILESYSTEM,true,0
4,4193,Filesystem: Payload Swap (Preserved Size/Time),ATTACK,REJECTED,FILESYSTEM,FILESYSTEM,true,0
4,4194,Filesystem: Payload Swap (Preserved Size/Time),ATTACK,REJECTED,FILESYSTEM,FILESYSTEM,true,0
4,4195,Filesystem: Payload Swap (Preserved Size/Time),ATTACK,REJECTED,FILESYSTEM,FILESYSTEM,true,0
4,4196,Filesystem: Payload Swap (Preserved Size/Time),ATTACK,REJECTED,FILESYSTEM,FILESYSTEM,true,0
4,4197,Filesystem: Payload Swap (Preserved Size/Time),ATTACK,REJECTED,FILESYSTEM,FILESYSTEM,true,0
4,4198,Filesystem: Payload Swap (Preserved Size/Time),ATTACK,REJECTED,FILESYSTEM,FILESYSTEM,true,0
4,4199,Filesystem: Payload Swap (Preserved Size/Time),ATTACK,REJECTED,FILESYSTEM,FILESYSTEM,true,0
4,4200,Filesystem: Payload Swap (Preserved Size/Time),ATTACK,REJECTED,FILESYSTEM,FILESYSTEM,true,0
4,4201,Network: Ephemeral UDP/DNS Exfiltration,ATTACK,TRUSTED,,NETWORK,false,0
4,4202,Network: Ephemeral UDP/DNS Exfiltration,ATTACK,TRUSTED,,NETWORK,false,0
4,4203,Network: Ephemeral UDP/DNS Exfiltration,ATTACK,TRUSTED,,NETWORK,false,0
4,4204,Network: Ephemeral UDP/DNS Exfiltration,ATTACK,TRUSTED,,NETWORK,false,0
4,4205,Network: Ephemeral UDP/DNS Exfiltration,ATTACK,TRUSTED,,NETWORK,false,0
4,4206,Network: Ephemeral UDP/DNS Exfiltration,ATTACK,TRUSTED,,NETWORK,false,0
4,4207,Network: Ephemeral UDP/DNS Exfiltration,ATTACK,TRUSTED,,NETWORK,false,0
4,4208,Network: Ephemeral UDP/DNS Exfiltration,ATTACK,TRUSTED,,NETWORK,false,0
4,4209,Network: Ephemeral UDP/DNS Exfiltration,ATTACK,TRUSTED,,NETWORK,false,0
4,4210,Network: Ephemeral UDP/DNS Exfiltration,ATTACK,TRUSTED,,NETWORK,false,0
4,4211,Network: Ephemeral UDP/DNS Exfiltration,ATTACK,TRUSTED,,NETWORK,false,0
4,4212,Network: Ephemeral UDP/DNS Exfiltration,ATTACK,TRUSTED,,NETWORK,false,0
4,4213,Network: Ephemeral UDP/DNS Exfiltration,ATTACK,TRUSTED,,NETWORK,false,0
4,4214,Network: Ephemeral UDP/DNS Exfiltration,ATTACK,TRUSTED,,NETWORK,false,0
4,4215,Network: Ephemeral UDP/DNS Exfiltration,ATTACK,TRUSTED,,NETWORK,false,0
4,4216,Network: Ephemeral UDP/DNS Exfiltration,ATTACK,TRUSTED,,NETWORK,false,0
4,4217,Network: Ephemeral UDP/DNS Exfiltration,ATTACK,TRUSTED,,NETWORK,false,0
4,4218,Network: Ephemeral UDP/DNS Exfiltration,ATTACK,TRUSTED,,NETWORK,false,0
4,4219,Network: Ephemeral UDP/DNS Exfiltration,ATTACK,TRUSTED,,NETWORK,false,0
4,4220,Network: Ephemeral UDP/DNS Exfiltration,ATTACK,TRUSTED,,NETWORK,false,0
4,4221,Network: Ephemeral UDP/DNS Exfiltration,ATTACK,TRUSTED,,NETWORK,false,0
4,4222,Network: Ephemeral UDP/DNS Exfiltration,ATTACK,TRUSTED,,NETWORK,false,0
4,4223,Network: Ephemeral UDP/DNS Exfiltration,ATTACK,TRUSTED,,NETWORK,false,0
4,4224,Network: Ephemeral UDP/DNS Exfiltration,ATTACK,TRUSTED,,NETWORK,false,0
4,4225,Network: Ephemeral UDP/DNS Exfiltration,ATTACK,TRUSTED,,NETWORK,false,0
4,4226,Network: Ephemeral UDP/DNS Exfiltration,ATTACK,TRUSTED,,NETWORK,false,0
4,4227,Network: Ephemeral UDP/DNS Exfiltration,ATTACK,TRUSTED,,NETWORK,false,0
4,4228,Network: Ephemeral UDP/DNS Exfiltration,ATTACK,TRUSTED,,NETWORK,false,0
4,4229,Network: Ephemeral UDP/DNS Exfiltration,ATTACK,TRUSTED,,NETWORK,false,0
4,4230,Network: Ephemeral UDP/DNS Exfiltration,ATTACK,TRUSTED,,NETWORK,false,0
4,4231,Network: Ephemeral UDP/DNS Exfiltration,ATTACK,TRUSTED,,NETWORK,false,0
4,4232,Network: Ephemeral UDP/DNS Exfiltration,ATTACK,TRUSTED,,NETWORK,false,0
4,4233,Network: Ephemeral UDP/DNS Exfiltration,ATTACK,TRUSTED,,NETWORK,false,0
4,4234,Network: Ephemeral UDP/DNS Exfiltration,ATTACK,TRUSTED,,NETWORK,false,0
4,4235,Network: Ephemeral UDP/DNS Exfiltration,ATTACK,TRUSTED,,NETWORK,false,0
4,4236,Network: Ephemeral UDP/DNS Exfiltration,ATTACK,TRUSTED,,NETWORK,false,0
4,4237,Network: Ephemeral UDP/DNS Exfiltration,ATTACK,TRUSTED,,NETWORK,false,0
4,4238,Network: Ephemeral UDP/DNS Exfiltration,ATTACK,TRUSTED,,NETWORK,false,0
4,4239,Network: Ephemeral UDP/DNS Exfiltration,ATTACK,TRUSTED,,NETWORK,false,0
4,4240,Network: Ephemeral UDP/DNS Exfiltration,ATTACK,TRUSTED,,NETWORK,false,0
4,4241,Network: Ephemeral UDP/DNS Exfiltration,ATTACK,TRUSTED,,NETWORK,false,0
4,4242,Network: Ephemeral UDP/DNS Exfiltration,ATTACK,TRUSTED,,NETWORK,false,0
4,4243,Network: Ephemeral UDP/DNS Exfiltration,ATTACK,TRUSTED,,NETWORK,false,0
4,4244,Network: Ephemeral UDP/DNS Exfiltration,ATTACK,TRUSTED,,NETWORK,false,0
4,4245,Network: Ephemeral UDP/DNS Exfiltration,ATTACK,TRUSTED,,NETWORK,false,0
4,4246,Network: Ephemeral UDP/DNS Exfiltration,ATTACK,TRUSTED,,NETWORK,false,0
4,4247,Network: Ephemeral UDP/DNS Exfiltration,ATTACK,TRUSTED,,NETWORK,false,0
4,4248,Network: Ephemeral UDP/DNS Exfiltration,ATTACK,TRUSTED,,NETWORK,false,0
4,4249,Network: Ephemeral UDP/DNS Exfiltration,ATTACK,TRUSTED,,NETWORK,false,0
4,4250,Network: Ephemeral UDP/DNS Exfiltration,ATTACK,TRUSTED,,NETWORK,false,0
4,4251,Network: Allowed CDN Subdomain Multiplexing,ATTACK,REJECTED,NETWORK,NETWORK,true,0
4,4252,Network: Allowed CDN Subdomain Multiplexing,ATTACK,REJECTED,NETWORK,NETWORK,true,0
4,4253,Network: Allowed CDN Subdomain Multiplexing,ATTACK,REJECTED,NETWORK,NETWORK,true,0
4,4254,Network: Allowed CDN Subdomain Multiplexing,ATTACK,REJECTED,NETWORK,NETWORK,true,0
4,4255,Network: Allowed CDN Subdomain Multiplexing,ATTACK,REJECTED,NETWORK,NETWORK,true,0
4,4256,Network: Allowed CDN Subdomain Multiplexing,ATTACK,REJECTED,NETWORK,NETWORK,true,0
4,4257,Network: Allowed CDN Subdomain Multiplexing,ATTACK,REJECTED,NETWORK,NETWORK,true,0
4,4258,Network: Allowed CDN Subdomain Multiplexing,ATTACK,REJECTED,NETWORK,NETWORK,true,0
4,4259,Network: Allowed CDN Subdomain Multiplexing,ATTACK,REJECTED,NETWORK,NETWORK,true,0
4,4260,Network: Allowed CDN Subdomain Multiplexing,ATTACK,REJECTED,NETWORK,NETWORK,true,0
4,4261,Network: Allowed CDN Subdomain Multiplexing,ATTACK,REJECTED,NETWORK,NETWORK,true,0
4,4262,Network: Allowed CDN Subdomain Multiplexing,ATTACK,REJECTED,NETWORK,NETWORK,true,0
4,4263,Network: Allowed CDN Subdomain Multiplexing,ATTACK,REJECTED,NETWORK,NETWORK,true,0
4,4264,Network: Allowed CDN Subdomain Multiplexing,ATTACK,REJECTED,NETWORK,NETWORK,true,0
4,4265,Network: Allowed CDN Subdomain Multiplexing,ATTACK,REJECTED,NETWORK,NETWORK,true,0
4,4266,Network: Allowed CDN Subdomain Multiplexing,ATTACK,REJECTED,NETWORK,NETWORK,true,0
4,4267,Network: Allowed CDN Subdomain Multiplexing,ATTACK,REJECTED,NETWORK,NETWORK,true,0
4,4268,Network: Allowed CDN Subdomain Multiplexing,ATTACK,REJECTED,NETWORK,NETWORK,true,1003
4,4269,Network: Allowed CDN Subdomain Multiplexing,ATTACK,REJECTED,NETWORK,NETWORK,true,0
4,4270,Network: Allowed CDN Subdomain Multiplexing,ATTACK,REJECTED,NETWORK,NETWORK,true,0
4,4271,Network: Allowed CDN Subdomain Multiplexing,ATTACK,REJECTED,NETWORK,NETWORK,true,0
4,4272,Network: Allowed CDN Subdomain Multiplexing,ATTACK,REJECTED,NETWORK,NETWORK,true,0
4,4273,Network: Allowed CDN Subdomain Multiplexing,ATTACK,REJECTED,NETWORK,NETWORK,true,0
4,4274,Network: Allowed CDN Subdomain Multiplexing,ATTACK,REJECTED,NETWORK,NETWORK,true,0
4,4275,Network: Allowed CDN Subdomain Multiplexing,ATTACK,REJECTED,NETWORK,NETWORK,true,0
4,4276,Network: Allowed CDN Subdomain Multiplexing,ATTACK,REJECTED,NETWORK,NETWORK,true,0
4,4277,Network: Allowed CDN Subdomain Multiplexing,ATTACK,REJECTED,NETWORK,NETWORK,true,0
4,4278,Network: Allowed CDN Subdomain Multiplexing,ATTACK,REJECTED,NETWORK,NETWORK,true,0
4,4279,Network: Allowed CDN Subdomain Multiplexing,ATTACK,REJECTED,NETWORK,NETWORK,true,0
4,4280,Network: Allowed CDN Subdomain Multiplexing,ATTACK,REJECTED,NETWORK,NETWORK,true,0
4,4281,Network: Allowed CDN Subdomain Multiplexing,ATTACK,REJECTED,NETWORK,NETWORK,true,0
4,4282,Network: Allowed CDN Subdomain Multiplexing,ATTACK,REJECTED,NETWORK,NETWORK,true,0
4,4283,Network: Allowed CDN Subdomain Multiplexing,ATTACK,REJECTED,NETWORK,NETWORK,true,0
4,4284,Network: Allowed CDN Subdomain Multiplexing,ATTACK,REJECTED,NETWORK,NETWORK,true,0
4,4285,Network: Allowed CDN Subdomain Multiplexing,ATTACK,REJECTED,NETWORK,NETWORK,true,0
4,4286,Network: Allowed CDN Subdomain Multiplexing,ATTACK,REJECTED,NETWORK,NETWORK,true,0
4,4287,Network: Allowed CDN Subdomain Multiplexing,ATTACK,REJECTED,NETWORK,NETWORK,true,0
4,4288,Network: Allowed CDN Subdomain Multiplexing,ATTACK,REJECTED,NETWORK,NETWORK,true,0
4,4289,Network: Allowed CDN Subdomain Multiplexing,ATTACK,REJECTED,NETWORK,NETWORK,true,0
4,4290,Network: Allowed CDN Subdomain Multiplexing,ATTACK,REJECTED,NETWORK,NETWORK,true,0
4,4291,Network: Allowed CDN Subdomain Multiplexing,ATTACK,REJECTED,NETWORK,NETWORK,true,0
4,4292,Network: Allowed CDN Subdomain Multiplexing,ATTACK,REJECTED,NETWORK,NETWORK,true,0
4,4293,Network: Allowed CDN Subdomain Multiplexing,ATTACK,REJECTED,NETWORK,NETWORK,true,0
4,4294,Network: Allowed CDN Subdomain Multiplexing,ATTACK,REJECTED,NETWORK,NETWORK,true,0
4,4295,Network: Allowed CDN Subdomain Multiplexing,ATTACK,REJECTED,NETWORK,NETWORK,true,0
4,4296,Network: Allowed CDN Subdomain Multiplexing,ATTACK,REJECTED,NETWORK,NETWORK,true,0
4,4297,Network: Allowed CDN Subdomain Multiplexing,ATTACK,REJECTED,NETWORK,NETWORK,true,0
4,4298,Network: Allowed CDN Subdomain Multiplexing,ATTACK,REJECTED,NETWORK,NETWORK,true,0
4,4299,Network: Allowed CDN Subdomain Multiplexing,ATTACK,REJECTED,NETWORK,NETWORK,true,0
4,4300,Network: Allowed CDN Subdomain Multiplexing,ATTACK,REJECTED,NETWORK,NETWORK,true,0
4,4301,Artifact: Post-Build Binary Swap,ATTACK,REJECTED,PROVENANCE,PROVENANCE,true,0
4,4302,Artifact: Post-Build Binary Swap,ATTACK,REJECTED,PROVENANCE,PROVENANCE,true,0
4,4303,Artifact: Post-Build Binary Swap,ATTACK,REJECTED,PROVENANCE,PROVENANCE,true,0
4,4304,Artifact: Post-Build Binary Swap,ATTACK,REJECTED,PROVENANCE,PROVENANCE,true,0
4,4305,Artifact: Post-Build Binary Swap,ATTACK,REJECTED,PROVENANCE,PROVENANCE,true,504
4,4306,Artifact: Post-Build Binary Swap,ATTACK,REJECTED,PROVENANCE,PROVENANCE,true,0
4,4307,Artifact: Post-Build Binary Swap,ATTACK,REJECTED,PROVENANCE,PROVENANCE,true,0
4,4308,Artifact: Post-Build Binary Swap,ATTACK,REJECTED,PROVENANCE,PROVENANCE,true,0
4,4309,Artifact: Post-Build Binary Swap,ATTACK,REJECTED,PROVENANCE,PROVENANCE,true,0
4,4310,Artifact: Post-Build Binary Swap,ATTACK,REJECTED,PROVENANCE,PROVENANCE,true,0
4,4311,Artifact: Post-Build Binary Swap,ATTACK,REJECTED,PROVENANCE,PROVENANCE,true,0
4,4312,Artifact: Post-Build Binary Swap,ATTACK,REJECTED,PROVENANCE,PROVENANCE,true,0
4,4313,Artifact: Post-Build Binary Swap,ATTACK,REJECTED,PROVENANCE,PROVENANCE,true,0
4,4314,Artifact: Post-Build Binary Swap,ATTACK,REJECTED,PROVENANCE,PROVENANCE,true,0
4,4315,Artifact: Post-Build Binary Swap,ATTACK,REJECTED,PROVENANCE,PROVENANCE,true,0
4,4316,Artifact: Post-Build Binary Swap,ATTACK,REJECTED,PROVENANCE,PROVENANCE,true,0
4,4317,Artifact: Post-Build Binary Swap,ATTACK,REJECTED,PROVENANCE,PROVENANCE,true,0
4,4318,Artifact: Post-Build Binary Swap,ATTACK,REJECTED,PROVENANCE,PROVENANCE,true,0
4,4319,Artifact: Post-Build Binary Swap,ATTACK,REJECTED,PROVENANCE,PROVENANCE,true,0
4,4320,Artifact: Post-Build Binary Swap,ATTACK,REJECTED,PROVENANCE,PROVENANCE,true,0
4,4321,Artifact: Post-Build Binary Swap,ATTACK,REJECTED,PROVENANCE,PROVENANCE,true,0
4,4322,Artifact: Post-Build Binary Swap,ATTACK,REJECTED,PROVENANCE,PROVENANCE,true,0
4,4323,Artifact: Post-Build Binary Swap,ATTACK,REJECTED,PROVENANCE,PROVENANCE,true,0
4,4324,Artifact: Post-Build Binary Swap,ATTACK,REJECTED,PROVENANCE,PROVENANCE,true,0
4,4325,Artifact: Post-Build Binary Swap,ATTACK,REJECTED,PROVENANCE,PROVENANCE,true,0
4,4326,Artifact: Post-Build Binary Swap,ATTACK,REJECTED,PROVENANCE,PROVENANCE,true,0
4,4327,Artifact: Post-Build Binary Swap,ATTACK,REJECTED,PROVENANCE,PROVENANCE,true,0
4,4328,Artifact: Post-Build Binary Swap,ATTACK,REJECTED,PROVENANCE,PROVENANCE,true,0
4,4329,Artifact: Post-Build Binary Swap,ATTACK,REJECTED,PROVENANCE,PROVENANCE,true,0
4,4330,Artifact: Post-Build Binary Swap,ATTACK,REJECTED,PROVENANCE,PROVENANCE,true,0
4,4331,Artifact: Post-Build Binary Swap,ATTACK,REJECTED,PROVENANCE,PROVENANCE,true,0
4,4332,Artifact: Post-Build Binary Swap,ATTACK,REJECTED,PROVENANCE,PROVENANCE,true,0
4,4333,Artifact: Post-Build Binary Swap,ATTACK,REJECTED,PROVENANCE,PROVENANCE,true,0
4,4334,Artifact: Post-Build Binary Swap,ATTACK,REJECTED,PROVENANCE,PROVENANCE,true,0
4,4335,Artifact: Post-Build Binary Swap,ATTACK,REJECTED,PROVENANCE,PROVENANCE,true,0
4,4336,Artifact: Post-Build Binary Swap,ATTACK,REJECTED,PROVENANCE,PROVENANCE,true,0
4,4337,Artifact: Post-Build Binary Swap,ATTACK,REJECTED,PROVENANCE,PROVENANCE,true,0
4,4338,Artifact: Post-Build Binary Swap,ATTACK,REJECTED,PROVENANCE,PROVENANCE,true,0
4,4339,Artifact: Post-Build Binary Swap,ATTACK,REJECTED,PROVENANCE,PROVENANCE,true,0
4,4340,Artifact: Post-Build Binary Swap,ATTACK,REJECTED,PROVENANCE,PROVENANCE,true,0
4,4341,Artifact: Post-Build Binary Swap,ATTACK,REJECTED,PROVENANCE,PROVENANCE,true,0
4,4342,Artifact: Post-Build Binary Swap,ATTACK,REJECTED,PROVENANCE,PROVENANCE,true,0
4,4343,Artifact: Post-Build Binary Swap,ATTACK,REJECTED,PROVENANCE,PROVENANCE,true,0
4,4344,Artifact: Post-Build Binary Swap,ATTACK,REJECTED,PROVENANCE,PROVENANCE,true,0
4,4345,Artifact: Post-Build Binary Swap,ATTACK,REJECTED,PROVENANCE,PROVENANCE,true,0
4,4346,Artifact: Post-Build Binary Swap,ATTACK,REJECTED,PROVENANCE,PROVENANCE,true,0
4,4347,Artifact: Post-Build Binary Swap,ATTACK,REJECTED,PROVENANCE,PROVENANCE,true,0
4,4348,Artifact: Post-Build Binary Swap,ATTACK,REJECTED,PROVENANCE,PROVENANCE,true,0
4,4349,Artifact: Post-Build Binary Swap,ATTACK,REJECTED,PROVENANCE,PROVENANCE,true,0
4,4350,Artifact: Post-Build Binary Swap,ATTACK,REJECTED,PROVENANCE,PROVENANCE,true,0
4,4351,Artifact: Appended Trailing Overlay Payload,ATTACK,REJECTED,PROVENANCE,PROVENANCE,true,0
4,4352,Artifact: Appended Trailing Overlay Payload,ATTACK,REJECTED,PROVENANCE,PROVENANCE,true,0
4,4353,Artifact: Appended Trailing Overlay Payload,ATTACK,REJECTED,PROVENANCE,PROVENANCE,true,0
4,4354,Artifact: Appended Trailing Overlay Payload,ATTACK,REJECTED,PROVENANCE,PROVENANCE,true,0
4,4355,Artifact: Appended Trailing Overlay Payload,ATTACK,REJECTED,PROVENANCE,PROVENANCE,true,0
4,4356,Artifact: Appended Trailing Overlay Payload,ATTACK,REJECTED,PROVENANCE,PROVENANCE,true,0
4,4357,Artifact: Appended Trailing Overlay Payload,ATTACK,REJECTED,PROVENANCE,PROVENANCE,true,0
4,4358,Artifact: Appended Trailing Overlay Payload,ATTACK,REJECTED,PROVENANCE,PROVENANCE,true,0
4,4359,Artifact: Appended Trailing Overlay Payload,ATTACK,REJECTED,PROVENANCE,PROVENANCE,true,0
4,4360,Artifact: Appended Trailing Overlay Payload,ATTACK,REJECTED,PROVENANCE,PROVENANCE,true,1006
4,4361,Artifact: Appended Trailing Overlay Payload,ATTACK,REJECTED,PROVENANCE,PROVENANCE,true,0
4,4362,Artifact: Appended Trailing Overlay Payload,ATTACK,REJECTED,PROVENANCE,PROVENANCE,true,0
4,4363,Artifact: Appended Trailing Overlay Payload,ATTACK,REJECTED,PROVENANCE,PROVENANCE,true,0
4,4364,Artifact: Appended Trailing Overlay Payload,ATTACK,REJECTED,PROVENANCE,PROVENANCE,true,0
4,4365,Artifact: Appended Trailing Overlay Payload,ATTACK,REJECTED,PROVENANCE,PROVENANCE,true,0
4,4366,Artifact: Appended Trailing Overlay Payload,ATTACK,REJECTED,PROVENANCE,PROVENANCE,true,0
4,4367,Artifact: Appended Trailing Overlay Payload,ATTACK,REJECTED,PROVENANCE,PROVENANCE,true,0
4,4368,Artifact: Appended Trailing Overlay Payload,ATTACK,REJECTED,PROVENANCE,PROVENANCE,true,0
4,4369,Artifact: Appended Trailing Overlay Payload,ATTACK,REJECTED,PROVENANCE,PROVENANCE,true,0
4,4370,Artifact: Appended Trailing Overlay Payload,ATTACK,REJECTED,PROVENANCE,PROVENANCE,true,0
4,4371,Artifact: Appended Trailing Overlay Payload,ATTACK,REJECTED,PROVENANCE,PROVENANCE,true,0
4,4372,Artifact: Appended Trailing Overlay Payload,ATTACK,REJECTED,PROVENANCE,PROVENANCE,true,0
4,4373,Artifact: Appended Trailing Overlay Payload,ATTACK,REJECTED,PROVENANCE,PROVENANCE,true,0
4,4374,Artifact: Appended Trailing Overlay Payload,ATTACK,REJECTED,PROVENANCE,PROVENANCE,true,0
4,4375,Artifact: Appended Trailing Overlay Payload,ATTACK,REJECTED,PROVENANCE,PROVENANCE,true,0
4,4376,Artifact: Appended Trailing Overlay Payload,ATTACK,REJECTED,PROVENANCE,PROVENANCE,true,0
4,4377,Artifact: Appended Trailing Overlay Payload,ATTACK,REJECTED,PROVENANCE,PROVENANCE,true,0
4,4378,Artifact: Appended Trailing Overlay Payload,ATTACK,REJECTED,PROVENANCE,PROVENANCE,true,0
4,4379,Artifact: Appended Trailing Overlay Payload,ATTACK,REJECTED,PROVENANCE,PROVENANCE,true,0
4,4380,Artifact: Appended Trailing Overlay Payload,ATTACK,REJECTED,PROVENANCE,PROVENANCE,true,0
4,4381,Artifact: Appended Trailing Overlay Payload,ATTACK,REJECTED,PROVENANCE,PROVENANCE,true,0
4,4382,Artifact: Appended Trailing Overlay Payload,ATTACK,REJECTED,PROVENANCE,PROVENANCE,true,0
4,4383,Artifact: Appended Trailing Overlay Payload,ATTACK,REJECTED,PROVENANCE,PROVENANCE,true,0
4,4384,Artifact: Appended Trailing Overlay Payload,ATTACK,REJECTED,PROVENANCE,PROVENANCE,true,0
4,4385,Artifact: Appended Trailing Overlay Payload,ATTACK,REJECTED,PROVENANCE,PROVENANCE,true,0
4,4386,Artifact: Appended Trailing Overlay Payload,ATTACK,REJECTED,PROVENANCE,PROVENANCE,true,0
4,4387,Artifact: Appended Trailing Overlay Payload,ATTACK,REJECTED,PROVENANCE,PROVENANCE,true,0
4,4388,Artifact: Appended Trailing Overlay Payload,ATTACK,REJECTED,PROVENANCE,PROVENANCE,true,0
4,4389,Artifact: Appended Trailing Overlay Payload,ATTACK,REJECTED,PROVENANCE,PROVENANCE,true,0
4,4390,Artifact: Appended Trailing Overlay Payload,ATTACK,REJECTED,PROVENANCE,PROVENANCE,true,0
4,4391,Artifact: Appended Trailing Overlay Payload,ATTACK,REJECTED,PROVENANCE,PROVENANCE,true,0
4,4392,Artifact: Appended Trailing Overlay Payload,ATTACK,REJECTED,PROVENANCE,PROVENANCE,true,0
4,4393,Artifact: Appended Trailing Overlay Payload,ATTACK,REJECTED,PROVENANCE,PROVENANCE,true,0
4,4394,Artifact: Appended Trailing Overlay Payload,ATTACK,REJECTED,PROVENANCE,PROVENANCE,true,0
4,4395,Artifact: Appended Trailing Overlay Payload,ATTACK,REJECTED,PROVENANCE,PROVENANCE,true,0
4,4396,Artifact: Appended Trailing Overlay Payload,ATTACK,REJECTED,PROVENANCE,PROVENANCE,true,0
4,4397,Artifact: Appended Trailing Overlay Payload,ATTACK,REJECTED,PROVENANCE,PROVENANCE,true,0
4,4398,Artifact: Appended Trailing Overlay Payload,ATTACK,REJECTED,PROVENANCE,PROVENANCE,true,0
4,4399,Artifact: Appended Trailing Overlay Payload,ATTACK,REJECTED,PROVENANCE,PROVENANCE,true,0
4,4400,Artifact: Appended Trailing Overlay Payload,ATTACK,REJECTED,PROVENANCE,PROVENANCE,true,0
4,4401,SBOM: Stealth Transitive Component Omission,ATTACK,REJECTED,SBOM,SBOM,true,0
4,4402,SBOM: Stealth Transitive Component Omission,ATTACK,REJECTED,SBOM,SBOM,true,0
4,4403,SBOM: Stealth Transitive Component Omission,ATTACK,REJECTED,SBOM,SBOM,true,0
4,4404,SBOM: Stealth Transitive Component Omission,ATTACK,REJECTED,SBOM,SBOM,true,0
4,4405,SBOM: Stealth Transitive Component Omission,ATTACK,REJECTED,SBOM,SBOM,true,0
4,4406,SBOM: Stealth Transitive Component Omission,ATTACK,REJECTED,SBOM,SBOM,true,0
4,4407,SBOM: Stealth Transitive Component Omission,ATTACK,REJECTED,SBOM,SBOM,true,0
4,4408,SBOM: Stealth Transitive Component Omission,ATTACK,REJECTED,SBOM,SBOM,true,0
4,4409,SBOM: Stealth Transitive Component Omission,ATTACK,REJECTED,SBOM,SBOM,true,0
4,4410,SBOM: Stealth Transitive Component Omission,ATTACK,REJECTED,SBOM,SBOM,true,0
4,4411,SBOM: Stealth Transitive Component Omission,ATTACK,REJECTED,SBOM,SBOM,true,0
4,4412,SBOM: Stealth Transitive Component Omission,ATTACK,REJECTED,SBOM,SBOM,true,0
4,4413,SBOM: Stealth Transitive Component Omission,ATTACK,REJECTED,SBOM,SBOM,true,0
4,4414,SBOM: Stealth Transitive Component Omission,ATTACK,REJECTED,SBOM,SBOM,true,0
4,4415,SBOM: Stealth Transitive Component Omission,ATTACK,REJECTED,SBOM,SBOM,true,0
4,4416,SBOM: Stealth Transitive Component Omission,ATTACK,REJECTED,SBOM,SBOM,true,0
4,4417,SBOM: Stealth Transitive Component Omission,ATTACK,REJECTED,SBOM,SBOM,true,0
4,4418,SBOM: Stealth Transitive Component Omission,ATTACK,REJECTED,SBOM,SBOM,true,0
4,4419,SBOM: Stealth Transitive Component Omission,ATTACK,REJECTED,SBOM,SBOM,true,0
4,4420,SBOM: Stealth Transitive Component Omission,ATTACK,REJECTED,SBOM,SBOM,true,0
4,4421,SBOM: Stealth Transitive Component Omission,ATTACK,REJECTED,SBOM,SBOM,true,0
4,4422,SBOM: Stealth Transitive Component Omission,ATTACK,REJECTED,SBOM,SBOM,true,0
4,4423,SBOM: Stealth Transitive Component Omission,ATTACK,REJECTED,SBOM,SBOM,true,0
4,4424,SBOM: Stealth Transitive Component Omission,ATTACK,REJECTED,SBOM,SBOM,true,0
4,4425,SBOM: Stealth Transitive Component Omission,ATTACK,REJECTED,SBOM,SBOM,true,0
4,4426,SBOM: Stealth Transitive Component Omission,ATTACK,REJECTED,SBOM,SBOM,true,0
4,4427,SBOM: Stealth Transitive Component Omission,ATTACK,REJECTED,SBOM,SBOM,true,0
4,4428,SBOM: Stealth Transitive Component Omission,ATTACK,REJECTED,SBOM,SBOM,true,0
4,4429,SBOM: Stealth Transitive Component Omission,ATTACK,REJECTED,SBOM,SBOM,true,0
4,4430,SBOM: Stealth Transitive Component Omission,ATTACK,REJECTED,SBOM,SBOM,true,0
4,4431,SBOM: Stealth Transitive Component Omission,ATTACK,REJECTED,SBOM,SBOM,true,0
4,4432,SBOM: Stealth Transitive Component Omission,ATTACK,REJECTED,SBOM,SBOM,true,0
4,4433,SBOM: Stealth Transitive Component Omission,ATTACK,REJECTED,SBOM,SBOM,true,0
4,4434,SBOM: Stealth Transitive Component Omission,ATTACK,REJECTED,SBOM,SBOM,true,0
4,4435,SBOM: Stealth Transitive Component Omission,ATTACK,REJECTED,SBOM,SBOM,true,0
4,4436,SBOM: Stealth Transitive Component Omission,ATTACK,REJECTED,SBOM,SBOM,true,0
4,4437,SBOM: Stealth Transitive Component Omission,ATTACK,REJECTED,SBOM,SBOM,true,0
4,4438,SBOM: Stealth Transitive Component Omission,ATTACK,REJECTED,SBOM,SBOM,true,0
4,4439,SBOM: Stealth Transitive Component Omission,ATTACK,REJECTED,SBOM,SBOM,true,0
4,4440,SBOM: Stealth Transitive Component Omission,ATTACK,REJECTED,SBOM,SBOM,true,0
4,4441,SBOM: Stealth Transitive Component Omission,ATTACK,REJECTED,SBOM,SBOM,true,0
4,4442,SBOM: Stealth Transitive Component Omission,ATTACK,REJECTED,SBOM,SBOM,true,0
4,4443,SBOM: Stealth Transitive Component Omission,ATTACK,REJECTED,SBOM,SBOM,true,0
4,4444,SBOM: Stealth Transitive Component Omission,ATTACK,REJECTED,SBOM,SBOM,true,0
4,4445,SBOM: Stealth Transitive Component Omission,ATTACK,REJECTED,SBOM,SBOM,true,0
4,4446,SBOM: Stealth Transitive Component Omission,ATTACK,REJECTED,SBOM,SBOM,true,0
4,4447,SBOM: Stealth Transitive Component Omission,ATTACK,REJECTED,SBOM,SBOM,true,0
4,4448,SBOM: Stealth Transitive Component Omission,ATTACK,REJECTED,SBOM,SBOM,true,0
4,4449,SBOM: Stealth Transitive Component Omission,ATTACK,REJECTED,SBOM,SBOM,true,0
4,4450,SBOM: Stealth Transitive Component Omission,ATTACK,REJECTED,SBOM,SBOM,true,0
4,4451,Provenance: Stale Attestation Replay Attack,ATTACK,REJECTED,PROVENANCE,PROVENANCE,true,998
4,4452,Provenance: Stale Attestation Replay Attack,ATTACK,REJECTED,PROVENANCE,PROVENANCE,true,0
4,4453,Provenance: Stale Attestation Replay Attack,ATTACK,REJECTED,PROVENANCE,PROVENANCE,true,0
4,4454,Provenance: Stale Attestation Replay Attack,ATTACK,REJECTED,PROVENANCE,PROVENANCE,true,0
4,4455,Provenance: Stale Attestation Replay Attack,ATTACK,REJECTED,PROVENANCE,PROVENANCE,true,0
4,4456,Provenance: Stale Attestation Replay Attack,ATTACK,REJECTED,PROVENANCE,PROVENANCE,true,0
4,4457,Provenance: Stale Attestation Replay Attack,ATTACK,REJECTED,PROVENANCE,PROVENANCE,true,0
4,4458,Provenance: Stale Attestation Replay Attack,ATTACK,REJECTED,PROVENANCE,PROVENANCE,true,0
4,4459,Provenance: Stale Attestation Replay Attack,ATTACK,REJECTED,PROVENANCE,PROVENANCE,true,0
4,4460,Provenance: Stale Attestation Replay Attack,ATTACK,REJECTED,PROVENANCE,PROVENANCE,true,0
4,4461,Provenance: Stale Attestation Replay Attack,ATTACK,REJECTED,PROVENANCE,PROVENANCE,true,0
4,4462,Provenance: Stale Attestation Replay Attack,ATTACK,REJECTED,PROVENANCE,PROVENANCE,true,0
4,4463,Provenance: Stale Attestation Replay Attack,ATTACK,REJECTED,PROVENANCE,PROVENANCE,true,0
4,4464,Provenance: Stale Attestation Replay Attack,ATTACK,REJECTED,PROVENANCE,PROVENANCE,true,0
4,4465,Provenance: Stale Attestation Replay Attack,ATTACK,REJECTED,PROVENANCE,PROVENANCE,true,0
4,4466,Provenance: Stale Attestation Replay Attack,ATTACK,REJECTED,PROVENANCE,PROVENANCE,true,0
4,4467,Provenance: Stale Attestation Replay Attack,ATTACK,REJECTED,PROVENANCE,PROVENANCE,true,0
4,4468,Provenance: Stale Attestation Replay Attack,ATTACK,REJECTED,PROVENANCE,PROVENANCE,true,0
4,4469,Provenance: Stale Attestation Replay Attack,ATTACK,REJECTED,PROVENANCE,PROVENANCE,true,0
4,4470,Provenance: Stale Attestation Replay Attack,ATTACK,REJECTED,PROVENANCE,PROVENANCE,true,0
4,4471,Provenance: Stale Attestation Replay Attack,ATTACK,REJECTED,PROVENANCE,PROVENANCE,true,0
4,4472,Provenance: Stale Attestation Replay Attack,ATTACK,REJECTED,PROVENANCE,PROVENANCE,true,0
4,4473,Provenance: Stale Attestation Replay Attack,ATTACK,REJECTED,PROVENANCE,PROVENANCE,true,0
4,4474,Provenance: Stale Attestation Replay Attack,ATTACK,REJECTED,PROVENANCE,PROVENANCE,true,0
4,4475,Provenance: Stale Attestation Replay Attack,ATTACK,REJECTED,PROVENANCE,PROVENANCE,true,0
4,4476,Provenance: Stale Attestation Replay Attack,ATTACK,REJECTED,PROVENANCE,PROVENANCE,true,0
4,4477,Provenance: Stale Attestation Replay Attack,ATTACK,REJECTED,PROVENANCE,PROVENANCE,true,0
4,4478,Provenance: Stale Attestation Replay Attack,ATTACK,REJECTED,PROVENANCE,PROVENANCE,true,0
4,4479,Provenance: Stale Attestation Replay Attack,ATTACK,REJECTED,PROVENANCE,PROVENANCE,true,0
4,4480,Provenance: Stale Attestation Replay Attack,ATTACK,REJECTED,PROVENANCE,PROVENANCE,true,0
4,4481,Provenance: Stale Attestation Replay Attack,ATTACK,REJECTED,PROVENANCE,PROVENANCE,true,0
4,4482,Provenance: Stale Attestation Replay Attack,ATTACK,REJECTED,PROVENANCE,PROVENANCE,true,0
4,4483,Provenance: Stale Attestation Replay Attack,ATTACK,REJECTED,PROVENANCE,PROVENANCE,true,0
4,4484,Provenance: Stale Attestation Replay Attack,ATTACK,REJECTED,PROVENANCE,PROVENANCE,true,0
4,4485,Provenance: Stale Attestation Replay Attack,ATTACK,REJECTED,PROVENANCE,PROVENANCE,true,0
4,4486,Provenance: Stale Attestation Replay Attack,ATTACK,REJECTED,PROVENANCE,PROVENANCE,true,0
4,4487,Provenance: Stale Attestation Replay Attack,ATTACK,REJECTED,PROVENANCE,PROVENANCE,true,0
4,4488,Provenance: Stale Attestation Replay Attack,ATTACK,REJECTED,PROVENANCE,PROVENANCE,true,0
4,4489,Provenance: Stale Attestation Replay Attack,ATTACK,REJECTED,PROVENANCE,PROVENANCE,true,0
4,4490,Provenance: Stale Attestation Replay Attack,ATTACK,REJECTED,PROVENANCE,PROVENANCE,true,0
4,4491,Provenance: Stale Attestation Replay Attack,ATTACK,REJECTED,PROVENANCE,PROVENANCE,true,0
4,4492,Provenance: Stale Attestation Replay Attack,ATTACK,REJECTED,PROVENANCE,PROVENANCE,true,0
4,4493,Provenance: Stale Attestation Replay Attack,ATTACK,REJECTED,PROVENANCE,PROVENANCE,true,0
4,4494,Provenance: Stale Attestation Replay Attack,ATTACK,REJECTED,PROVENANCE,PROVENANCE,true,0
4,4495,Provenance: Stale Attestation Replay Attack,ATTACK,REJECTED,PROVENANCE,PROVENANCE,true,0
4,4496,Provenance: Stale Attestation Replay Attack,ATTACK,REJECTED,PROVENANCE,PROVENANCE,true,0
4,4497,Provenance: Stale Attestation Replay Attack,ATTACK,REJECTED,PROVENANCE,PROVENANCE,true,0
4,4498,Provenance: Stale Attestation Replay Attack,ATTACK,REJECTED,PROVENANCE,PROVENANCE,true,0
4,4499,Provenance: Stale Attestation Replay Attack,ATTACK,REJECTED,PROVENANCE,PROVENANCE,true,0
4,4500,Provenance: Stale Attestation Replay Attack,ATTACK,REJECTED,PROVENANCE,PROVENANCE,true,0
4,4501,Provenance: Intermediate Digest Masking,ATTACK,REJECTED,PROVENANCE,PROVENANCE,true,0
4,4502,Provenance: Intermediate Digest Masking,ATTACK,REJECTED,PROVENANCE,PROVENANCE,true,0
4,4503,Provenance: Intermediate Digest Masking,ATTACK,REJECTED,PROVENANCE,PROVENANCE,true,0
4,4504,Provenance: Intermediate Digest Masking,ATTACK,REJECTED,PROVENANCE,PROVENANCE,true,0
4,4505,Provenance: Intermediate Digest Masking,ATTACK,REJECTED,PROVENANCE,PROVENANCE,true,0
4,4506,Provenance: Intermediate Digest Masking,ATTACK,REJECTED,PROVENANCE,PROVENANCE,true,0
4,4507,Provenance: Intermediate Digest Masking,ATTACK,REJECTED,PROVENANCE,PROVENANCE,true,0
4,4508,Provenance: Intermediate Digest Masking,ATTACK,REJECTED,PROVENANCE,PROVENANCE,true,0
4,4509,Provenance: Intermediate Digest Masking,ATTACK,REJECTED,PROVENANCE,PROVENANCE,true,0
4,4510,Provenance: Intermediate Digest Masking,ATTACK,REJECTED,PROVENANCE,PROVENANCE,true,0
4,4511,Provenance: Intermediate Digest Masking,ATTACK,REJECTED,PROVENANCE,PROVENANCE,true,0
4,4512,Provenance: Intermediate Digest Masking,ATTACK,REJECTED,PROVENANCE,PROVENANCE,true,0
4,4513,Provenance: Intermediate Digest Masking,ATTACK,REJECTED,PROVENANCE,PROVENANCE,true,0
4,4514,Provenance: Intermediate Digest Masking,ATTACK,REJECTED,PROVENANCE,PROVENANCE,true,0
4,4515,Provenance: Intermediate Digest Masking,ATTACK,REJECTED,PROVENANCE,PROVENANCE,true,0
4,4516,Provenance: Intermediate Digest Masking,ATTACK,REJECTED,PROVENANCE,PROVENANCE,true,0
4,4517,Provenance: Intermediate Digest Masking,ATTACK,REJECTED,PROVENANCE,PROVENANCE,true,0
4,4518,Provenance: Intermediate Digest Masking,ATTACK,REJECTED,PROVENANCE,PROVENANCE,true,0
4,4519,Provenance: Intermediate Digest Masking,ATTACK,REJECTED,PROVENANCE,PROVENANCE,true,0
4,4520,Provenance: Intermediate Digest Masking,ATTACK,REJECTED,PROVENANCE,PROVENANCE,true,0
4,4521,Provenance: Intermediate Digest Masking,ATTACK,REJECTED,PROVENANCE,PROVENANCE,true,0
4,4522,Provenance: Intermediate Digest Masking,ATTACK,REJECTED,PROVENANCE,PROVENANCE,true,0
4,4523,Provenance: Intermediate Digest Masking,ATTACK,REJECTED,PROVENANCE,PROVENANCE,true,0
4,4524,Provenance: Intermediate Digest Masking,ATTACK,REJECTED,PROVENANCE,PROVENANCE,true,0
4,4525,Provenance: Intermediate Digest Masking,ATTACK,REJECTED,PROVENANCE,PROVENANCE,true,0
4,4526,Provenance: Intermediate Digest Masking,ATTACK,REJECTED,PROVENANCE,PROVENANCE,true,0
4,4527,Provenance: Intermediate Digest Masking,ATTACK,REJECTED,PROVENANCE,PROVENANCE,true,0
4,4528,Provenance: Intermediate Digest Masking,ATTACK,REJECTED,PROVENANCE,PROVENANCE,true,0
4,4529,Provenance: Intermediate Digest Masking,ATTACK,REJECTED,PROVENANCE,PROVENANCE,true,0
4,4530,Provenance: Intermediate Digest Masking,ATTACK,REJECTED,PROVENANCE,PROVENANCE,true,0
4,4531,Provenance: Intermediate Digest Masking,ATTACK,REJECTED,PROVENANCE,PROVENANCE,true,0
4,4532,Provenance: Intermediate Digest Masking,ATTACK,REJECTED,PROVENANCE,PROVENANCE,true,0
4,4533,Provenance: Intermediate Digest Masking,ATTACK,REJECTED,PROVENANCE,PROVENANCE,true,0
4,4534,Provenance: Intermediate Digest Masking,ATTACK,REJECTED,PROVENANCE,PROVENANCE,true,0
4,4535,Provenance: Intermediate Digest Masking,ATTACK,REJECTED,PROVENANCE,PROVENANCE,true,0
4,4536,Provenance: Intermediate Digest Masking,ATTACK,REJECTED,PROVENANCE,PROVENANCE,true,0
4,4537,Provenance: Intermediate Digest Masking,ATTACK,REJECTED,PROVENANCE,PROVENANCE,true,1477
4,4538,Provenance: Intermediate Digest Masking,ATTACK,REJECTED,PROVENANCE,PROVENANCE,true,0
4,4539,Provenance: Intermediate Digest Masking,ATTACK,REJECTED,PROVENANCE,PROVENANCE,true,0
4,4540,Provenance: Intermediate Digest Masking,ATTACK,REJECTED,PROVENANCE,PROVENANCE,true,0
4,4541,Provenance: Intermediate Digest Masking,ATTACK,REJECTED,PROVENANCE,PROVENANCE,true,0
4,4542,Provenance: Intermediate Digest Masking,ATTACK,REJECTED,PROVENANCE,PROVENANCE,true,0
4,4543,Provenance: Intermediate Digest Masking,ATTACK,REJECTED,PROVENANCE,PROVENANCE,true,0
4,4544,Provenance: Intermediate Digest Masking,ATTACK,REJECTED,PROVENANCE,PROVENANCE,true,0
4,4545,Provenance: Intermediate Digest Masking,ATTACK,REJECTED,PROVENANCE,PROVENANCE,true,0
4,4546,Provenance: Intermediate Digest Masking,ATTACK,REJECTED,PROVENANCE,PROVENANCE,true,0
4,4547,Provenance: Intermediate Digest Masking,ATTACK,REJECTED,PROVENANCE,PROVENANCE,true,0
4,4548,Provenance: Intermediate Digest Masking,ATTACK,REJECTED,PROVENANCE,PROVENANCE,true,0
4,4549,Provenance: Intermediate Digest Masking,ATTACK,REJECTED,PROVENANCE,PROVENANCE,true,0
4,4550,Provenance: Intermediate Digest Masking,ATTACK,REJECTED,PROVENANCE,PROVENANCE,true,0
4,4551,Signature: Foreign Key from Untrusted Store,ATTACK,REJECTED,SIGNATURE,SIGNATURE,true,0
4,4552,Signature: Foreign Key from Untrusted Store,ATTACK,REJECTED,SIGNATURE,SIGNATURE,true,0
4,4553,Signature: Foreign Key from Untrusted Store,ATTACK,REJECTED,SIGNATURE,SIGNATURE,true,0
4,4554,Signature: Foreign Key from Untrusted Store,ATTACK,REJECTED,SIGNATURE,SIGNATURE,true,0
4,4555,Signature: Foreign Key from Untrusted Store,ATTACK,REJECTED,SIGNATURE,SIGNATURE,true,0
4,4556,Signature: Foreign Key from Untrusted Store,ATTACK,REJECTED,SIGNATURE,SIGNATURE,true,0
4,4557,Signature: Foreign Key from Untrusted Store,ATTACK,REJECTED,SIGNATURE,SIGNATURE,true,0
4,4558,Signature: Foreign Key from Untrusted Store,ATTACK,REJECTED,SIGNATURE,SIGNATURE,true,0
4,4559,Signature: Foreign Key from Untrusted Store,ATTACK,REJECTED,SIGNATURE,SIGNATURE,true,0
4,4560,Signature: Foreign Key from Untrusted Store,ATTACK,REJECTED,SIGNATURE,SIGNATURE,true,0
4,4561,Signature: Foreign Key from Untrusted Store,ATTACK,REJECTED,SIGNATURE,SIGNATURE,true,0
4,4562,Signature: Foreign Key from Untrusted Store,ATTACK,REJECTED,SIGNATURE,SIGNATURE,true,0
4,4563,Signature: Foreign Key from Untrusted Store,ATTACK,REJECTED,SIGNATURE,SIGNATURE,true,0
4,4564,Signature: Foreign Key from Untrusted Store,ATTACK,REJECTED,SIGNATURE,SIGNATURE,true,0
4,4565,Signature: Foreign Key from Untrusted Store,ATTACK,REJECTED,SIGNATURE,SIGNATURE,true,0
4,4566,Signature: Foreign Key from Untrusted Store,ATTACK,REJECTED,SIGNATURE,SIGNATURE,true,0
4,4567,Signature: Foreign Key from Untrusted Store,ATTACK,REJECTED,SIGNATURE,SIGNATURE,true,0
4,4568,Signature: Foreign Key from Untrusted Store,ATTACK,REJECTED,SIGNATURE,SIGNATURE,true,0
4,4569,Signature: Foreign Key from Untrusted Store,ATTACK,REJECTED,SIGNATURE,SIGNATURE,true,0
4,4570,Signature: Foreign Key from Untrusted Store,ATTACK,REJECTED,SIGNATURE,SIGNATURE,true,0
4,4571,Signature: Foreign Key from Untrusted Store,ATTACK,REJECTED,SIGNATURE,SIGNATURE,true,0
4,4572,Signature: Foreign Key from Untrusted Store,ATTACK,REJECTED,SIGNATURE,SIGNATURE,true,0
4,4573,Signature: Foreign Key from Untrusted Store,ATTACK,REJECTED,SIGNATURE,SIGNATURE,true,0
4,4574,Signature: Foreign Key from Untrusted Store,ATTACK,REJECTED,SIGNATURE,SIGNATURE,true,0
4,4575,Signature: Foreign Key from Untrusted Store,ATTACK,REJECTED,SIGNATURE,SIGNATURE,true,0
4,4576,Signature: Foreign Key from Untrusted Store,ATTACK,REJECTED,SIGNATURE,SIGNATURE,true,0
4,4577,Signature: Foreign Key from Untrusted Store,ATTACK,REJECTED,SIGNATURE,SIGNATURE,true,0
4,4578,Signature: Foreign Key from Untrusted Store,ATTACK,REJECTED,SIGNATURE,SIGNATURE,true,0
4,4579,Signature: Foreign Key from Untrusted Store,ATTACK,REJECTED,SIGNATURE,SIGNATURE,true,0
4,4580,Signature: Foreign Key from Untrusted Store,ATTACK,REJECTED,SIGNATURE,SIGNATURE,true,0
4,4581,Signature: Foreign Key from Untrusted Store,ATTACK,REJECTED,SIGNATURE,SIGNATURE,true,0
4,4582,Signature: Foreign Key from Untrusted Store,ATTACK,REJECTED,SIGNATURE,SIGNATURE,true,0
4,4583,Signature: Foreign Key from Untrusted Store,ATTACK,REJECTED,SIGNATURE,SIGNATURE,true,0
4,4584,Signature: Foreign Key from Untrusted Store,ATTACK,REJECTED,SIGNATURE,SIGNATURE,true,0
4,4585,Signature: Foreign Key from Untrusted Store,ATTACK,REJECTED,SIGNATURE,SIGNATURE,true,0
4,4586,Signature: Foreign Key from Untrusted Store,ATTACK,REJECTED,SIGNATURE,SIGNATURE,true,0
4,4587,Signature: Foreign Key from Untrusted Store,ATTACK,REJECTED,SIGNATURE,SIGNATURE,true,0
4,4588,Signature: Foreign Key from Untrusted Store,ATTACK,REJECTED,SIGNATURE,SIGNATURE,true,0
4,4589,Signature: Foreign Key from Untrusted Store,ATTACK,REJECTED,SIGNATURE,SIGNATURE,true,0
4,4590,Signature: Foreign Key from Untrusted Store,ATTACK,REJECTED,SIGNATURE,SIGNATURE,true,0
4,4591,Signature: Foreign Key from Untrusted Store,ATTACK,REJECTED,SIGNATURE,SIGNATURE,true,0
4,4592,Signature: Foreign Key from Untrusted Store,ATTACK,REJECTED,SIGNATURE,SIGNATURE,true,0
4,4593,Signature: Foreign Key from Untrusted Store,ATTACK,REJECTED,SIGNATURE,SIGNATURE,true,0
4,4594,Signature: Foreign Key from Untrusted Store,ATTACK,REJECTED,SIGNATURE,SIGNATURE,true,0
4,4595,Signature: Foreign Key from Untrusted Store,ATTACK,REJECTED,SIGNATURE,SIGNATURE,true,0
4,4596,Signature: Foreign Key from Untrusted Store,ATTACK,REJECTED,SIGNATURE,SIGNATURE,true,0
4,4597,Signature: Foreign Key from Untrusted Store,ATTACK,REJECTED,SIGNATURE,SIGNATURE,true,0
4,4598,Signature: Foreign Key from Untrusted Store,ATTACK,REJECTED,SIGNATURE,SIGNATURE,true,0
4,4599,Signature: Foreign Key from Untrusted Store,ATTACK,REJECTED,SIGNATURE,SIGNATURE,true,0
4,4600,Signature: Foreign Key from Untrusted Store,ATTACK,REJECTED,SIGNATURE,SIGNATURE,true,0
4,4601,Temporal: Impossible Causality Inversion,ATTACK,REJECTED,PROVENANCE,PROVENANCE,true,0
4,4602,Temporal: Impossible Causality Inversion,ATTACK,REJECTED,PROVENANCE,PROVENANCE,true,0
4,4603,Temporal: Impossible Causality Inversion,ATTACK,REJECTED,PROVENANCE,PROVENANCE,true,0
4,4604,Temporal: Impossible Causality Inversion,ATTACK,REJECTED,PROVENANCE,PROVENANCE,true,0
4,4605,Temporal: Impossible Causality Inversion,ATTACK,REJECTED,PROVENANCE,PROVENANCE,true,0
4,4606,Temporal: Impossible Causality Inversion,ATTACK,REJECTED,PROVENANCE,PROVENANCE,true,0
4,4607,Temporal: Impossible Causality Inversion,ATTACK,REJECTED,PROVENANCE,PROVENANCE,true,0
4,4608,Temporal: Impossible Causality Inversion,ATTACK,REJECTED,PROVENANCE,PROVENANCE,true,0
4,4609,Temporal: Impossible Causality Inversion,ATTACK,REJECTED,PROVENANCE,PROVENANCE,true,0
4,4610,Temporal: Impossible Causality Inversion,ATTACK,REJECTED,PROVENANCE,PROVENANCE,true,0
4,4611,Temporal: Impossible Causality Inversion,ATTACK,REJECTED,PROVENANCE,PROVENANCE,true,0
4,4612,Temporal: Impossible Causality Inversion,ATTACK,REJECTED,PROVENANCE,PROVENANCE,true,0
4,4613,Temporal: Impossible Causality Inversion,ATTACK,REJECTED,PROVENANCE,PROVENANCE,true,0
4,4614,Temporal: Impossible Causality Inversion,ATTACK,REJECTED,PROVENANCE,PROVENANCE,true,0
4,4615,Temporal: Impossible Causality Inversion,ATTACK,REJECTED,PROVENANCE,PROVENANCE,true,0
4,4616,Temporal: Impossible Causality Inversion,ATTACK,REJECTED,PROVENANCE,PROVENANCE,true,0
4,4617,Temporal: Impossible Causality Inversion,ATTACK,REJECTED,PROVENANCE,PROVENANCE,true,0
4,4618,Temporal: Impossible Causality Inversion,ATTACK,REJECTED,PROVENANCE,PROVENANCE,true,0
4,4619,Temporal: Impossible Causality Inversion,ATTACK,REJECTED,PROVENANCE,PROVENANCE,true,0
4,4620,Temporal: Impossible Causality Inversion,ATTACK,REJECTED,PROVENANCE,PROVENANCE,true,0
4,4621,Temporal: Impossible Causality Inversion,ATTACK,REJECTED,PROVENANCE,PROVENANCE,true,0
4,4622,Temporal: Impossible Causality Inversion,ATTACK,REJECTED,PROVENANCE,PROVENANCE,true,0
4,4623,Temporal: Impossible Causality Inversion,ATTACK,REJECTED,PROVENANCE,PROVENANCE,true,0
4,4624,Temporal: Impossible Causality Inversion,ATTACK,REJECTED,PROVENANCE,PROVENANCE,true,0
4,4625,Temporal: Impossible Causality Inversion,ATTACK,REJECTED,PROVENANCE,PROVENANCE,true,998
4,4626,Temporal: Impossible Causality Inversion,ATTACK,REJECTED,PROVENANCE,PROVENANCE,true,0
4,4627,Temporal: Impossible Causality Inversion,ATTACK,REJECTED,PROVENANCE,PROVENANCE,true,0
4,4628,Temporal: Impossible Causality Inversion,ATTACK,REJECTED,PROVENANCE,PROVENANCE,true,0
4,4629,Temporal: Impossible Causality Inversion,ATTACK,REJECTED,PROVENANCE,PROVENANCE,true,0
4,4630,Temporal: Impossible Causality Inversion,ATTACK,REJECTED,PROVENANCE,PROVENANCE,true,0
4,4631,Temporal: Impossible Causality Inversion,ATTACK,REJECTED,PROVENANCE,PROVENANCE,true,0
4,4632,Temporal: Impossible Causality Inversion,ATTACK,REJECTED,PROVENANCE,PROVENANCE,true,0
4,4633,Temporal: Impossible Causality Inversion,ATTACK,REJECTED,PROVENANCE,PROVENANCE,true,0
4,4634,Temporal: Impossible Causality Inversion,ATTACK,REJECTED,PROVENANCE,PROVENANCE,true,0
4,4635,Temporal: Impossible Causality Inversion,ATTACK,REJECTED,PROVENANCE,PROVENANCE,true,0
4,4636,Temporal: Impossible Causality Inversion,ATTACK,REJECTED,PROVENANCE,PROVENANCE,true,0
4,4637,Temporal: Impossible Causality Inversion,ATTACK,REJECTED,PROVENANCE,PROVENANCE,true,0
4,4638,Temporal: Impossible Causality Inversion,ATTACK,REJECTED,PROVENANCE,PROVENANCE,true,0
4,4639,Temporal: Impossible Causality Inversion,ATTACK,REJECTED,PROVENANCE,PROVENANCE,true,0
4,4640,Temporal: Impossible Causality Inversion,ATTACK,REJECTED,PROVENANCE,PROVENANCE,true,0
4,4641,Temporal: Impossible Causality Inversion,ATTACK,REJECTED,PROVENANCE,PROVENANCE,true,0
4,4642,Temporal: Impossible Causality Inversion,ATTACK,REJECTED,PROVENANCE,PROVENANCE,true,0
4,4643,Temporal: Impossible Causality Inversion,ATTACK,REJECTED,PROVENANCE,PROVENANCE,true,0
4,4644,Temporal: Impossible Causality Inversion,ATTACK,REJECTED,PROVENANCE,PROVENANCE,true,0
4,4645,Temporal: Impossible Causality Inversion,ATTACK,REJECTED,PROVENANCE,PROVENANCE,true,0
4,4646,Temporal: Impossible Causality Inversion,ATTACK,REJECTED,PROVENANCE,PROVENANCE,true,0
4,4647,Temporal: Impossible Causality Inversion,ATTACK,REJECTED,PROVENANCE,PROVENANCE,true,0
4,4648,Temporal: Impossible Causality Inversion,ATTACK,REJECTED,PROVENANCE,PROVENANCE,true,0
4,4649,Temporal: Impossible Causality Inversion,ATTACK,REJECTED,PROVENANCE,PROVENANCE,true,0
4,4650,Temporal: Impossible Causality Inversion,ATTACK,REJECTED,PROVENANCE,PROVENANCE,true,0
4,4651,Composed: Dual-Layer Source + Dependency Attack,ATTACK,REJECTED,SOURCE,SOURCE,true,0
4,4652,Composed: Dual-Layer Source + Dependency Attack,ATTACK,REJECTED,SOURCE,SOURCE,true,0
4,4653,Composed: Dual-Layer Source + Dependency Attack,ATTACK,REJECTED,SOURCE,SOURCE,true,0
4,4654,Composed: Dual-Layer Source + Dependency Attack,ATTACK,REJECTED,SOURCE,SOURCE,true,0
4,4655,Composed: Dual-Layer Source + Dependency Attack,ATTACK,REJECTED,SOURCE,SOURCE,true,0
4,4656,Composed: Dual-Layer Source + Dependency Attack,ATTACK,REJECTED,SOURCE,SOURCE,true,0
4,4657,Composed: Dual-Layer Source + Dependency Attack,ATTACK,REJECTED,SOURCE,SOURCE,true,0
4,4658,Composed: Dual-Layer Source + Dependency Attack,ATTACK,REJECTED,SOURCE,SOURCE,true,0
4,4659,Composed: Dual-Layer Source + Dependency Attack,ATTACK,REJECTED,SOURCE,SOURCE,true,0
4,4660,Composed: Dual-Layer Source + Dependency Attack,ATTACK,REJECTED,SOURCE,SOURCE,true,0
4,4661,Composed: Dual-Layer Source + Dependency Attack,ATTACK,REJECTED,SOURCE,SOURCE,true,0
4,4662,Composed: Dual-Layer Source + Dependency Attack,ATTACK,REJECTED,SOURCE,SOURCE,true,0
4,4663,Composed: Dual-Layer Source + Dependency Attack,ATTACK,REJECTED,SOURCE,SOURCE,true,0
4,4664,Composed: Dual-Layer Source + Dependency Attack,ATTACK,REJECTED,SOURCE,SOURCE,true,0
4,4665,Composed: Dual-Layer Source + Dependency Attack,ATTACK,REJECTED,SOURCE,SOURCE,true,0
4,4666,Composed: Dual-Layer Source + Dependency Attack,ATTACK,REJECTED,SOURCE,SOURCE,true,0
4,4667,Composed: Dual-Layer Source + Dependency Attack,ATTACK,REJECTED,SOURCE,SOURCE,true,0
4,4668,Composed: Dual-Layer Source + Dependency Attack,ATTACK,REJECTED,SOURCE,SOURCE,true,0
4,4669,Composed: Dual-Layer Source + Dependency Attack,ATTACK,REJECTED,SOURCE,SOURCE,true,0
4,4670,Composed: Dual-Layer Source + Dependency Attack,ATTACK,REJECTED,SOURCE,SOURCE,true,0
4,4671,Composed: Dual-Layer Source + Dependency Attack,ATTACK,REJECTED,SOURCE,SOURCE,true,0
4,4672,Composed: Dual-Layer Source + Dependency Attack,ATTACK,REJECTED,SOURCE,SOURCE,true,0
4,4673,Composed: Dual-Layer Source + Dependency Attack,ATTACK,REJECTED,SOURCE,SOURCE,true,0
4,4674,Composed: Dual-Layer Source + Dependency Attack,ATTACK,REJECTED,SOURCE,SOURCE,true,0
4,4675,Composed: Dual-Layer Source + Dependency Attack,ATTACK,REJECTED,SOURCE,SOURCE,true,0
4,4676,Composed: Dual-Layer Source + Dependency Attack,ATTACK,REJECTED,SOURCE,SOURCE,true,0
4,4677,Composed: Dual-Layer Source + Dependency Attack,ATTACK,REJECTED,SOURCE,SOURCE,true,0
4,4678,Composed: Dual-Layer Source + Dependency Attack,ATTACK,REJECTED,SOURCE,SOURCE,true,0
4,4679,Composed: Dual-Layer Source + Dependency Attack,ATTACK,REJECTED,SOURCE,SOURCE,true,0
4,4680,Composed: Dual-Layer Source + Dependency Attack,ATTACK,REJECTED,SOURCE,SOURCE,true,0
4,4681,Composed: Dual-Layer Source + Dependency Attack,ATTACK,REJECTED,SOURCE,SOURCE,true,0
4,4682,Composed: Dual-Layer Source + Dependency Attack,ATTACK,REJECTED,SOURCE,SOURCE,true,0
4,4683,Composed: Dual-Layer Source + Dependency Attack,ATTACK,REJECTED,SOURCE,SOURCE,true,0
4,4684,Composed: Dual-Layer Source + Dependency Attack,ATTACK,REJECTED,SOURCE,SOURCE,true,0
4,4685,Composed: Dual-Layer Source + Dependency Attack,ATTACK,REJECTED,SOURCE,SOURCE,true,0
4,4686,Composed: Dual-Layer Source + Dependency Attack,ATTACK,REJECTED,SOURCE,SOURCE,true,0
4,4687,Composed: Dual-Layer Source + Dependency Attack,ATTACK,REJECTED,SOURCE,SOURCE,true,0
4,4688,Composed: Dual-Layer Source + Dependency Attack,ATTACK,REJECTED,SOURCE,SOURCE,true,0
4,4689,Composed: Dual-Layer Source + Dependency Attack,ATTACK,REJECTED,SOURCE,SOURCE,true,0
4,4690,Composed: Dual-Layer Source + Dependency Attack,ATTACK,REJECTED,SOURCE,SOURCE,true,0
4,4691,Composed: Dual-Layer Source + Dependency Attack,ATTACK,REJECTED,SOURCE,SOURCE,true,0
4,4692,Composed: Dual-Layer Source + Dependency Attack,ATTACK,REJECTED,SOURCE,SOURCE,true,0
4,4693,Composed: Dual-Layer Source + Dependency Attack,ATTACK,REJECTED,SOURCE,SOURCE,true,0
4,4694,Composed: Dual-Layer Source + Dependency Attack,ATTACK,REJECTED,SOURCE,SOURCE,true,0
4,4695,Composed: Dual-Layer Source + Dependency Attack,ATTACK,REJECTED,SOURCE,SOURCE,true,0
4,4696,Composed: Dual-Layer Source + Dependency Attack,ATTACK,REJECTED,SOURCE,SOURCE,true,0
4,4697,Composed: Dual-Layer Source + Dependency Attack,ATTACK,REJECTED,SOURCE,SOURCE,true,0
4,4698,Composed: Dual-Layer Source + Dependency Attack,ATTACK,REJECTED,SOURCE,SOURCE,true,0
4,4699,Composed: Dual-Layer Source + Dependency Attack,ATTACK,REJECTED,SOURCE,SOURCE,true,0
4,4700,Composed: Dual-Layer Source + Dependency Attack,ATTACK,REJECTED,SOURCE,SOURCE,true,0
4,4701,Composed: Triple-Layer Process + Network + Binary,ATTACK,REJECTED,PROCESS,PROCESS,true,0
4,4702,Composed: Triple-Layer Process + Network + Binary,ATTACK,REJECTED,PROCESS,PROCESS,true,0
4,4703,Composed: Triple-Layer Process + Network + Binary,ATTACK,REJECTED,PROCESS,PROCESS,true,0
4,4704,Composed: Triple-Layer Process + Network + Binary,ATTACK,REJECTED,PROCESS,PROCESS,true,0
4,4705,Composed: Triple-Layer Process + Network + Binary,ATTACK,REJECTED,PROCESS,PROCESS,true,0
4,4706,Composed: Triple-Layer Process + Network + Binary,ATTACK,REJECTED,PROCESS,PROCESS,true,0
4,4707,Composed: Triple-Layer Process + Network + Binary,ATTACK,REJECTED,PROCESS,PROCESS,true,0
4,4708,Composed: Triple-Layer Process + Network + Binary,ATTACK,REJECTED,PROCESS,PROCESS,true,0
4,4709,Composed: Triple-Layer Process + Network + Binary,ATTACK,REJECTED,PROCESS,PROCESS,true,0
4,4710,Composed: Triple-Layer Process + Network + Binary,ATTACK,REJECTED,PROCESS,PROCESS,true,0
4,4711,Composed: Triple-Layer Process + Network + Binary,ATTACK,REJECTED,PROCESS,PROCESS,true,0
4,4712,Composed: Triple-Layer Process + Network + Binary,ATTACK,REJECTED,PROCESS,PROCESS,true,0
4,4713,Composed: Triple-Layer Process + Network + Binary,ATTACK,REJECTED,PROCESS,PROCESS,true,0
4,4714,Composed: Triple-Layer Process + Network + Binary,ATTACK,REJECTED,PROCESS,PROCESS,true,0
4,4715,Composed: Triple-Layer Process + Network + Binary,ATTACK,REJECTED,PROCESS,PROCESS,true,0
4,4716,Composed: Triple-Layer Process + Network + Binary,ATTACK,REJECTED,PROCESS,PROCESS,true,0
4,4717,Composed: Triple-Layer Process + Network + Binary,ATTACK,REJECTED,PROCESS,PROCESS,true,0
4,4718,Composed: Triple-Layer Process + Network + Binary,ATTACK,REJECTED,PROCESS,PROCESS,true,0
4,4719,Composed: Triple-Layer Process + Network + Binary,ATTACK,REJECTED,PROCESS,PROCESS,true,0
4,4720,Composed: Triple-Layer Process + Network + Binary,ATTACK,REJECTED,PROCESS,PROCESS,true,0
4,4721,Composed: Triple-Layer Process + Network + Binary,ATTACK,REJECTED,PROCESS,PROCESS,true,0
4,4722,Composed: Triple-Layer Process + Network + Binary,ATTACK,REJECTED,PROCESS,PROCESS,true,0
4,4723,Composed: Triple-Layer Process + Network + Binary,ATTACK,REJECTED,PROCESS,PROCESS,true,0
4,4724,Composed: Triple-Layer Process + Network + Binary,ATTACK,REJECTED,PROCESS,PROCESS,true,0
4,4725,Composed: Triple-Layer Process + Network + Binary,ATTACK,REJECTED,PROCESS,PROCESS,true,0
4,4726,Composed: Triple-Layer Process + Network + Binary,ATTACK,REJECTED,PROCESS,PROCESS,true,0
4,4727,Composed: Triple-Layer Process + Network + Binary,ATTACK,REJECTED,PROCESS,PROCESS,true,0
4,4728,Composed: Triple-Layer Process + Network + Binary,ATTACK,REJECTED,PROCESS,PROCESS,true,0
4,4729,Composed: Triple-Layer Process + Network + Binary,ATTACK,REJECTED,PROCESS,PROCESS,true,0
4,4730,Composed: Triple-Layer Process + Network + Binary,ATTACK,REJECTED,PROCESS,PROCESS,true,0
4,4731,Composed: Triple-Layer Process + Network + Binary,ATTACK,REJECTED,PROCESS,PROCESS,true,0
4,4732,Composed: Triple-Layer Process + Network + Binary,ATTACK,REJECTED,PROCESS,PROCESS,true,0
4,4733,Composed: Triple-Layer Process + Network + Binary,ATTACK,REJECTED,PROCESS,PROCESS,true,0
4,4734,Composed: Triple-Layer Process + Network + Binary,ATTACK,REJECTED,PROCESS,PROCESS,true,0
4,4735,Composed: Triple-Layer Process + Network + Binary,ATTACK,REJECTED,PROCESS,PROCESS,true,0
4,4736,Composed: Triple-Layer Process + Network + Binary,ATTACK,REJECTED,PROCESS,PROCESS,true,0
4,4737,Composed: Triple-Layer Process + Network + Binary,ATTACK,REJECTED,PROCESS,PROCESS,true,0
4,4738,Composed: Triple-Layer Process + Network + Binary,ATTACK,REJECTED,PROCESS,PROCESS,true,0
4,4739,Composed: Triple-Layer Process + Network + Binary,ATTACK,REJECTED,PROCESS,PROCESS,true,0
4,4740,Composed: Triple-Layer Process + Network + Binary,ATTACK,REJECTED,PROCESS,PROCESS,true,0
4,4741,Composed: Triple-Layer Process + Network + Binary,ATTACK,REJECTED,PROCESS,PROCESS,true,0
4,4742,Composed: Triple-Layer Process + Network + Binary,ATTACK,REJECTED,PROCESS,PROCESS,true,0
4,4743,Composed: Triple-Layer Process + Network + Binary,ATTACK,REJECTED,PROCESS,PROCESS,true,0
4,4744,Composed: Triple-Layer Process + Network + Binary,ATTACK,REJECTED,PROCESS,PROCESS,true,0
4,4745,Composed: Triple-Layer Process + Network + Binary,ATTACK,REJECTED,PROCESS,PROCESS,true,0
4,4746,Composed: Triple-Layer Process + Network + Binary,ATTACK,REJECTED,PROCESS,PROCESS,true,0
4,4747,Composed: Triple-Layer Process + Network + Binary,ATTACK,REJECTED,PROCESS,PROCESS,true,0
4,4748,Composed: Triple-Layer Process + Network + Binary,ATTACK,REJECTED,PROCESS,PROCESS,true,0
4,4749,Composed: Triple-Layer Process + Network + Binary,ATTACK,REJECTED,PROCESS,PROCESS,true,0
4,4750,Composed: Triple-Layer Process + Network + Binary,ATTACK,REJECTED,PROCESS,PROCESS,true,0
4,4751,Benign: Compiler Patch Version Bump (go1.23.5->6),BENIGN,TRUSTED,,,true,0
4,4752,Benign: Compiler Patch Version Bump (go1.23.5->6),BENIGN,TRUSTED,,,true,0
4,4753,Benign: Compiler Patch Version Bump (go1.23.5->6),BENIGN,TRUSTED,,,true,0
4,4754,Benign: Compiler Patch Version Bump (go1.23.5->6),BENIGN,TRUSTED,,,true,0
4,4755,Benign: Compiler Patch Version Bump (go1.23.5->6),BENIGN,TRUSTED,,,true,0
4,4756,Benign: Compiler Patch Version Bump (go1.23.5->6),BENIGN,TRUSTED,,,true,0
4,4757,Benign: Compiler Patch Version Bump (go1.23.5->6),BENIGN,TRUSTED,,,true,0
4,4758,Benign: Compiler Patch Version Bump (go1.23.5->6),BENIGN,TRUSTED,,,true,0
4,4759,Benign: Compiler Patch Version Bump (go1.23.5->6),BENIGN,TRUSTED,,,true,0
4,4760,Benign: Compiler Patch Version Bump (go1.23.5->6),BENIGN,TRUSTED,,,true,0
4,4761,Benign: Compiler Patch Version Bump (go1.23.5->6),BENIGN,TRUSTED,,,true,0
4,4762,Benign: Compiler Patch Version Bump (go1.23.5->6),BENIGN,TRUSTED,,,true,0
4,4763,Benign: Compiler Patch Version Bump (go1.23.5->6),BENIGN,TRUSTED,,,true,0
4,4764,Benign: Compiler Patch Version Bump (go1.23.5->6),BENIGN,TRUSTED,,,true,0
4,4765,Benign: Compiler Patch Version Bump (go1.23.5->6),BENIGN,TRUSTED,,,true,0
4,4766,Benign: Compiler Patch Version Bump (go1.23.5->6),BENIGN,TRUSTED,,,true,0
4,4767,Benign: Compiler Patch Version Bump (go1.23.5->6),BENIGN,TRUSTED,,,true,0
4,4768,Benign: Compiler Patch Version Bump (go1.23.5->6),BENIGN,TRUSTED,,,true,0
4,4769,Benign: Compiler Patch Version Bump (go1.23.5->6),BENIGN,TRUSTED,,,true,0
4,4770,Benign: Compiler Patch Version Bump (go1.23.5->6),BENIGN,TRUSTED,,,true,0
4,4771,Benign: Compiler Patch Version Bump (go1.23.5->6),BENIGN,TRUSTED,,,true,0
4,4772,Benign: Compiler Patch Version Bump (go1.23.5->6),BENIGN,TRUSTED,,,true,0
4,4773,Benign: Compiler Patch Version Bump (go1.23.5->6),BENIGN,TRUSTED,,,true,0
4,4774,Benign: Compiler Patch Version Bump (go1.23.5->6),BENIGN,TRUSTED,,,true,0
4,4775,Benign: Compiler Patch Version Bump (go1.23.5->6),BENIGN,TRUSTED,,,true,0
4,4776,Benign: Compiler Patch Version Bump (go1.23.5->6),BENIGN,TRUSTED,,,true,0
4,4777,Benign: Compiler Patch Version Bump (go1.23.5->6),BENIGN,TRUSTED,,,true,0
4,4778,Benign: Compiler Patch Version Bump (go1.23.5->6),BENIGN,TRUSTED,,,true,0
4,4779,Benign: Compiler Patch Version Bump (go1.23.5->6),BENIGN,TRUSTED,,,true,0
4,4780,Benign: Compiler Patch Version Bump (go1.23.5->6),BENIGN,TRUSTED,,,true,0
4,4781,Benign: Compiler Patch Version Bump (go1.23.5->6),BENIGN,TRUSTED,,,true,0
4,4782,Benign: Compiler Patch Version Bump (go1.23.5->6),BENIGN,TRUSTED,,,true,0
4,4783,Benign: Compiler Patch Version Bump (go1.23.5->6),BENIGN,TRUSTED,,,true,0
4,4784,Benign: Compiler Patch Version Bump (go1.23.5->6),BENIGN,TRUSTED,,,true,0
4,4785,Benign: Compiler Patch Version Bump (go1.23.5->6),BENIGN,TRUSTED,,,true,0
4,4786,Benign: Compiler Patch Version Bump (go1.23.5->6),BENIGN,TRUSTED,,,true,0
4,4787,Benign: Compiler Patch Version Bump (go1.23.5->6),BENIGN,TRUSTED,,,true,0
4,4788,Benign: Compiler Patch Version Bump (go1.23.5->6),BENIGN,TRUSTED,,,true,0
4,4789,Benign: Compiler Patch Version Bump (go1.23.5->6),BENIGN,TRUSTED,,,true,0
4,4790,Benign: Compiler Patch Version Bump (go1.23.5->6),BENIGN,TRUSTED,,,true,0
4,4791,Benign: Compiler Patch Version Bump (go1.23.5->6),BENIGN,TRUSTED,,,true,0
4,4792,Benign: Compiler Patch Version Bump (go1.23.5->6),BENIGN,TRUSTED,,,true,0
4,4793,Benign: Compiler Patch Version Bump (go1.23.5->6),BENIGN,TRUSTED,,,true,0
4,4794,Benign: Compiler Patch Version Bump (go1.23.5->6),BENIGN,TRUSTED,,,true,0
4,4795,Benign: Compiler Patch Version Bump (go1.23.5->6),BENIGN,TRUSTED,,,true,0
4,4796,Benign: Compiler Patch Version Bump (go1.23.5->6),BENIGN,TRUSTED,,,true,0
4,4797,Benign: Compiler Patch Version Bump (go1.23.5->6),BENIGN,TRUSTED,,,true,0
4,4798,Benign: Compiler Patch Version Bump (go1.23.5->6),BENIGN,TRUSTED,,,true,0
4,4799,Benign: Compiler Patch Version Bump (go1.23.5->6),BENIGN,TRUSTED,,,true,0
4,4800,Benign: Compiler Patch Version Bump (go1.23.5->6),BENIGN,TRUSTED,,,true,0
4,4801,Benign: Build Workspace Path Relocation,BENIGN,TRUSTED,,,true,0
4,4802,Benign: Build Workspace Path Relocation,BENIGN,TRUSTED,,,true,0
4,4803,Benign: Build Workspace Path Relocation,BENIGN,TRUSTED,,,true,0
4,4804,Benign: Build Workspace Path Relocation,BENIGN,TRUSTED,,,true,0
4,4805,Benign: Build Workspace Path Relocation,BENIGN,TRUSTED,,,true,0
4,4806,Benign: Build Workspace Path Relocation,BENIGN,TRUSTED,,,true,0
4,4807,Benign: Build Workspace Path Relocation,BENIGN,TRUSTED,,,true,0
4,4808,Benign: Build Workspace Path Relocation,BENIGN,TRUSTED,,,true,0
4,4809,Benign: Build Workspace Path Relocation,BENIGN,TRUSTED,,,true,0
4,4810,Benign: Build Workspace Path Relocation,BENIGN,TRUSTED,,,true,0
4,4811,Benign: Build Workspace Path Relocation,BENIGN,TRUSTED,,,true,0
4,4812,Benign: Build Workspace Path Relocation,BENIGN,TRUSTED,,,true,0
4,4813,Benign: Build Workspace Path Relocation,BENIGN,TRUSTED,,,true,0
4,4814,Benign: Build Workspace Path Relocation,BENIGN,TRUSTED,,,true,0
4,4815,Benign: Build Workspace Path Relocation,BENIGN,TRUSTED,,,true,0
4,4816,Benign: Build Workspace Path Relocation,BENIGN,TRUSTED,,,true,0
4,4817,Benign: Build Workspace Path Relocation,BENIGN,TRUSTED,,,true,0
4,4818,Benign: Build Workspace Path Relocation,BENIGN,TRUSTED,,,true,0
4,4819,Benign: Build Workspace Path Relocation,BENIGN,TRUSTED,,,true,0
4,4820,Benign: Build Workspace Path Relocation,BENIGN,TRUSTED,,,true,0
4,4821,Benign: Build Workspace Path Relocation,BENIGN,TRUSTED,,,true,0
4,4822,Benign: Build Workspace Path Relocation,BENIGN,TRUSTED,,,true,0
4,4823,Benign: Build Workspace Path Relocation,BENIGN,TRUSTED,,,true,0
4,4824,Benign: Build Workspace Path Relocation,BENIGN,TRUSTED,,,true,0
4,4825,Benign: Build Workspace Path Relocation,BENIGN,TRUSTED,,,true,0
4,4826,Benign: Build Workspace Path Relocation,BENIGN,TRUSTED,,,true,0
4,4827,Benign: Build Workspace Path Relocation,BENIGN,TRUSTED,,,true,0
4,4828,Benign: Build Workspace Path Relocation,BENIGN,TRUSTED,,,true,0
4,4829,Benign: Build Workspace Path Relocation,BENIGN,TRUSTED,,,true,0
4,4830,Benign: Build Workspace Path Relocation,BENIGN,TRUSTED,,,true,0
4,4831,Benign: Build Workspace Path Relocation,BENIGN,TRUSTED,,,true,0
4,4832,Benign: Build Workspace Path Relocation,BENIGN,TRUSTED,,,true,0
4,4833,Benign: Build Workspace Path Relocation,BENIGN,TRUSTED,,,true,0
4,4834,Benign: Build Workspace Path Relocation,BENIGN,TRUSTED,,,true,0
4,4835,Benign: Build Workspace Path Relocation,BENIGN,TRUSTED,,,true,0
4,4836,Benign: Build Workspace Path Relocation,BENIGN,TRUSTED,,,true,0
4,4837,Benign: Build Workspace Path Relocation,BENIGN,TRUSTED,,,true,0
4,4838,Benign: Build Workspace Path Relocation,BENIGN,TRUSTED,,,true,0
4,4839,Benign: Build Workspace Path Relocation,BENIGN,TRUSTED,,,true,0
4,4840,Benign: Build Workspace Path Relocation,BENIGN,TRUSTED,,,true,0
4,4841,Benign: Build Workspace Path Relocation,BENIGN,TRUSTED,,,true,0
4,4842,Benign: Build Workspace Path Relocation,BENIGN,TRUSTED,,,true,0
4,4843,Benign: Build Workspace Path Relocation,BENIGN,TRUSTED,,,true,0
4,4844,Benign: Build Workspace Path Relocation,BENIGN,TRUSTED,,,true,0
4,4845,Benign: Build Workspace Path Relocation,BENIGN,TRUSTED,,,true,1504
4,4846,Benign: Build Workspace Path Relocation,BENIGN,TRUSTED,,,true,0
4,4847,Benign: Build Workspace Path Relocation,BENIGN,TRUSTED,,,true,0
4,4848,Benign: Build Workspace Path Relocation,BENIGN,TRUSTED,,,true,0
4,4849,Benign: Build Workspace Path Relocation,BENIGN,TRUSTED,,,true,0
4,4850,Benign: Build Workspace Path Relocation,BENIGN,TRUSTED,,,true,0
4,4851,Benign: Synchronized Lockfile Version Bump,BENIGN,TRUSTED,,,true,0
4,4852,Benign: Synchronized Lockfile Version Bump,BENIGN,TRUSTED,,,true,0
4,4853,Benign: Synchronized Lockfile Version Bump,BENIGN,TRUSTED,,,true,0
4,4854,Benign: Synchronized Lockfile Version Bump,BENIGN,TRUSTED,,,true,0
4,4855,Benign: Synchronized Lockfile Version Bump,BENIGN,TRUSTED,,,true,0
4,4856,Benign: Synchronized Lockfile Version Bump,BENIGN,TRUSTED,,,true,0
4,4857,Benign: Synchronized Lockfile Version Bump,BENIGN,TRUSTED,,,true,0
4,4858,Benign: Synchronized Lockfile Version Bump,BENIGN,TRUSTED,,,true,0
4,4859,Benign: Synchronized Lockfile Version Bump,BENIGN,TRUSTED,,,true,0
4,4860,Benign: Synchronized Lockfile Version Bump,BENIGN,TRUSTED,,,true,0
4,4861,Benign: Synchronized Lockfile Version Bump,BENIGN,TRUSTED,,,true,0
4,4862,Benign: Synchronized Lockfile Version Bump,BENIGN,TRUSTED,,,true,0
4,4863,Benign: Synchronized Lockfile Version Bump,BENIGN,TRUSTED,,,true,0
4,4864,Benign: Synchronized Lockfile Version Bump,BENIGN,TRUSTED,,,true,0
4,4865,Benign: Synchronized Lockfile Version Bump,BENIGN,TRUSTED,,,true,0
4,4866,Benign: Synchronized Lockfile Version Bump,BENIGN,TRUSTED,,,true,0
4,4867,Benign: Synchronized Lockfile Version Bump,BENIGN,TRUSTED,,,true,0
4,4868,Benign: Synchronized Lockfile Version Bump,BENIGN,TRUSTED,,,true,0
4,4869,Benign: Synchronized Lockfile Version Bump,BENIGN,TRUSTED,,,true,0
4,4870,Benign: Synchronized Lockfile Version Bump,BENIGN,TRUSTED,,,true,0
4,4871,Benign: Synchronized Lockfile Version Bump,BENIGN,TRUSTED,,,true,0
4,4872,Benign: Synchronized Lockfile Version Bump,BENIGN,TRUSTED,,,true,0
4,4873,Benign: Synchronized Lockfile Version Bump,BENIGN,TRUSTED,,,true,0
4,4874,Benign: Synchronized Lockfile Version Bump,BENIGN,TRUSTED,,,true,0
4,4875,Benign: Synchronized Lockfile Version Bump,BENIGN,TRUSTED,,,true,0
4,4876,Benign: Synchronized Lockfile Version Bump,BENIGN,TRUSTED,,,true,0
4,4877,Benign: Synchronized Lockfile Version Bump,BENIGN,TRUSTED,,,true,0
4,4878,Benign: Synchronized Lockfile Version Bump,BENIGN,TRUSTED,,,true,0
4,4879,Benign: Synchronized Lockfile Version Bump,BENIGN,TRUSTED,,,true,0
4,4880,Benign: Synchronized Lockfile Version Bump,BENIGN,TRUSTED,,,true,0
4,4881,Benign: Synchronized Lockfile Version Bump,BENIGN,TRUSTED,,,true,0
4,4882,Benign: Synchronized Lockfile Version Bump,BENIGN,TRUSTED,,,true,0
4,4883,Benign: Synchronized Lockfile Version Bump,BENIGN,TRUSTED,,,true,0
4,4884,Benign: Synchronized Lockfile Version Bump,BENIGN,TRUSTED,,,true,0
4,4885,Benign: Synchronized Lockfile Version Bump,BENIGN,TRUSTED,,,true,0
4,4886,Benign: Synchronized Lockfile Version Bump,BENIGN,TRUSTED,,,true,0
4,4887,Benign: Synchronized Lockfile Version Bump,BENIGN,TRUSTED,,,true,0
4,4888,Benign: Synchronized Lockfile Version Bump,BENIGN,TRUSTED,,,true,0
4,4889,Benign: Synchronized Lockfile Version Bump,BENIGN,TRUSTED,,,true,0
4,4890,Benign: Synchronized Lockfile Version Bump,BENIGN,TRUSTED,,,true,0
4,4891,Benign: Synchronized Lockfile Version Bump,BENIGN,TRUSTED,,,true,0
4,4892,Benign: Synchronized Lockfile Version Bump,BENIGN,TRUSTED,,,true,0
4,4893,Benign: Synchronized Lockfile Version Bump,BENIGN,TRUSTED,,,true,0
4,4894,Benign: Synchronized Lockfile Version Bump,BENIGN,TRUSTED,,,true,0
4,4895,Benign: Synchronized Lockfile Version Bump,BENIGN,TRUSTED,,,true,0
4,4896,Benign: Synchronized Lockfile Version Bump,BENIGN,TRUSTED,,,true,1004
4,4897,Benign: Synchronized Lockfile Version Bump,BENIGN,TRUSTED,,,true,0
4,4898,Benign: Synchronized Lockfile Version Bump,BENIGN,TRUSTED,,,true,0
4,4899,Benign: Synchronized Lockfile Version Bump,BENIGN,TRUSTED,,,true,0
4,4900,Benign: Synchronized Lockfile Version Bump,BENIGN,TRUSTED,,,true,0
4,4901,Benign: Reordered JSON/SBOM Attribute Keys,BENIGN,TRUSTED,,,true,0
4,4902,Benign: Reordered JSON/SBOM Attribute Keys,BENIGN,TRUSTED,,,true,0
4,4903,Benign: Reordered JSON/SBOM Attribute Keys,BENIGN,TRUSTED,,,true,0
4,4904,Benign: Reordered JSON/SBOM Attribute Keys,BENIGN,TRUSTED,,,true,0
4,4905,Benign: Reordered JSON/SBOM Attribute Keys,BENIGN,TRUSTED,,,true,0
4,4906,Benign: Reordered JSON/SBOM Attribute Keys,BENIGN,TRUSTED,,,true,0
4,4907,Benign: Reordered JSON/SBOM Attribute Keys,BENIGN,TRUSTED,,,true,0
4,4908,Benign: Reordered JSON/SBOM Attribute Keys,BENIGN,TRUSTED,,,true,0
4,4909,Benign: Reordered JSON/SBOM Attribute Keys,BENIGN,TRUSTED,,,true,0
4,4910,Benign: Reordered JSON/SBOM Attribute Keys,BENIGN,TRUSTED,,,true,0
4,4911,Benign: Reordered JSON/SBOM Attribute Keys,BENIGN,TRUSTED,,,true,0
4,4912,Benign: Reordered JSON/SBOM Attribute Keys,BENIGN,TRUSTED,,,true,0
4,4913,Benign: Reordered JSON/SBOM Attribute Keys,BENIGN,TRUSTED,,,true,0
4,4914,Benign: Reordered JSON/SBOM Attribute Keys,BENIGN,TRUSTED,,,true,0
4,4915,Benign: Reordered JSON/SBOM Attribute Keys,BENIGN,TRUSTED,,,true,0
4,4916,Benign: Reordered JSON/SBOM Attribute Keys,BENIGN,TRUSTED,,,true,0
4,4917,Benign: Reordered JSON/SBOM Attribute Keys,BENIGN,TRUSTED,,,true,0
4,4918,Benign: Reordered JSON/SBOM Attribute Keys,BENIGN,TRUSTED,,,true,0
4,4919,Benign: Reordered JSON/SBOM Attribute Keys,BENIGN,TRUSTED,,,true,0
4,4920,Benign: Reordered JSON/SBOM Attribute Keys,BENIGN,TRUSTED,,,true,0
4,4921,Benign: Reordered JSON/SBOM Attribute Keys,BENIGN,TRUSTED,,,true,0
4,4922,Benign: Reordered JSON/SBOM Attribute Keys,BENIGN,TRUSTED,,,true,0
4,4923,Benign: Reordered JSON/SBOM Attribute Keys,BENIGN,TRUSTED,,,true,0
4,4924,Benign: Reordered JSON/SBOM Attribute Keys,BENIGN,TRUSTED,,,true,0
4,4925,Benign: Reordered JSON/SBOM Attribute Keys,BENIGN,TRUSTED,,,true,0
4,4926,Benign: Reordered JSON/SBOM Attribute Keys,BENIGN,TRUSTED,,,true,0
4,4927,Benign: Reordered JSON/SBOM Attribute Keys,BENIGN,TRUSTED,,,true,0
4,4928,Benign: Reordered JSON/SBOM Attribute Keys,BENIGN,TRUSTED,,,true,0
4,4929,Benign: Reordered JSON/SBOM Attribute Keys,BENIGN,TRUSTED,,,true,0
4,4930,Benign: Reordered JSON/SBOM Attribute Keys,BENIGN,TRUSTED,,,true,0
4,4931,Benign: Reordered JSON/SBOM Attribute Keys,BENIGN,TRUSTED,,,true,0
4,4932,Benign: Reordered JSON/SBOM Attribute Keys,BENIGN,TRUSTED,,,true,0
4,4933,Benign: Reordered JSON/SBOM Attribute Keys,BENIGN,TRUSTED,,,true,0
4,4934,Benign: Reordered JSON/SBOM Attribute Keys,BENIGN,TRUSTED,,,true,0
4,4935,Benign: Reordered JSON/SBOM Attribute Keys,BENIGN,TRUSTED,,,true,0
4,4936,Benign: Reordered JSON/SBOM Attribute Keys,BENIGN,TRUSTED,,,true,0
4,4937,Benign: Reordered JSON/SBOM Attribute Keys,BENIGN,TRUSTED,,,true,0
4,4938,Benign: Reordered JSON/SBOM Attribute Keys,BENIGN,TRUSTED,,,true,0
4,4939,Benign: Reordered JSON/SBOM Attribute Keys,BENIGN,TRUSTED,,,true,503
4,4940,Benign: Reordered JSON/SBOM Attribute Keys,BENIGN,TRUSTED,,,true,0
4,4941,Benign: Reordered JSON/SBOM Attribute Keys,BENIGN,TRUSTED,,,true,0
4,4942,Benign: Reordered JSON/SBOM Attribute Keys,BENIGN,TRUSTED,,,true,0
4,4943,Benign: Reordered JSON/SBOM Attribute Keys,BENIGN,TRUSTED,,,true,0
4,4944,Benign: Reordered JSON/SBOM Attribute Keys,BENIGN,TRUSTED,,,true,0
4,4945,Benign: Reordered JSON/SBOM Attribute Keys,BENIGN,TRUSTED,,,true,0
4,4946,Benign: Reordered JSON/SBOM Attribute Keys,BENIGN,TRUSTED,,,true,0
4,4947,Benign: Reordered JSON/SBOM Attribute Keys,BENIGN,TRUSTED,,,true,0
4,4948,Benign: Reordered JSON/SBOM Attribute Keys,BENIGN,TRUSTED,,,true,0
4,4949,Benign: Reordered JSON/SBOM Attribute Keys,BENIGN,TRUSTED,,,true,0
4,4950,Benign: Reordered JSON/SBOM Attribute Keys,BENIGN,TRUSTED,,,true,0
4,4951,Benign: Incremental Build with Object Cache Hit,BENIGN,TRUSTED,,,true,0
4,4952,Benign: Incremental Build with Object Cache Hit,BENIGN,TRUSTED,,,true,0
4,4953,Benign: Incremental Build with Object Cache Hit,BENIGN,TRUSTED,,,true,0
4,4954,Benign: Incremental Build with Object Cache Hit,BENIGN,TRUSTED,,,true,0
4,4955,Benign: Incremental Build with Object Cache Hit,BENIGN,TRUSTED,,,true,0
4,4956,Benign: Incremental Build with Object Cache Hit,BENIGN,TRUSTED,,,true,0
4,4957,Benign: Incremental Build with Object Cache Hit,BENIGN,TRUSTED,,,true,0
4,4958,Benign: Incremental Build with Object Cache Hit,BENIGN,TRUSTED,,,true,0
4,4959,Benign: Incremental Build with Object Cache Hit,BENIGN,TRUSTED,,,true,0
4,4960,Benign: Incremental Build with Object Cache Hit,BENIGN,TRUSTED,,,true,0
4,4961,Benign: Incremental Build with Object Cache Hit,BENIGN,TRUSTED,,,true,0
4,4962,Benign: Incremental Build with Object Cache Hit,BENIGN,TRUSTED,,,true,0
4,4963,Benign: Incremental Build with Object Cache Hit,BENIGN,TRUSTED,,,true,0
4,4964,Benign: Incremental Build with Object Cache Hit,BENIGN,TRUSTED,,,true,0
4,4965,Benign: Incremental Build with Object Cache Hit,BENIGN,TRUSTED,,,true,0
4,4966,Benign: Incremental Build with Object Cache Hit,BENIGN,TRUSTED,,,true,0
4,4967,Benign: Incremental Build with Object Cache Hit,BENIGN,TRUSTED,,,true,0
4,4968,Benign: Incremental Build with Object Cache Hit,BENIGN,TRUSTED,,,true,0
4,4969,Benign: Incremental Build with Object Cache Hit,BENIGN,TRUSTED,,,true,0
4,4970,Benign: Incremental Build with Object Cache Hit,BENIGN,TRUSTED,,,true,0
4,4971,Benign: Incremental Build with Object Cache Hit,BENIGN,TRUSTED,,,true,0
4,4972,Benign: Incremental Build with Object Cache Hit,BENIGN,TRUSTED,,,true,0
4,4973,Benign: Incremental Build with Object Cache Hit,BENIGN,TRUSTED,,,true,0
4,4974,Benign: Incremental Build with Object Cache Hit,BENIGN,TRUSTED,,,true,0
4,4975,Benign: Incremental Build with Object Cache Hit,BENIGN,TRUSTED,,,true,0
4,4976,Benign: Incremental Build with Object Cache Hit,BENIGN,TRUSTED,,,true,0
4,4977,Benign: Incremental Build with Object Cache Hit,BENIGN,TRUSTED,,,true,0
4,4978,Benign: Incremental Build with Object Cache Hit,BENIGN,TRUSTED,,,true,0
4,4979,Benign: Incremental Build with Object Cache Hit,BENIGN,TRUSTED,,,true,0
4,4980,Benign: Incremental Build with Object Cache Hit,BENIGN,TRUSTED,,,true,0
4,4981,Benign: Incremental Build with Object Cache Hit,BENIGN,TRUSTED,,,true,0
4,4982,Benign: Incremental Build with Object Cache Hit,BENIGN,TRUSTED,,,true,0
4,4983,Benign: Incremental Build with Object Cache Hit,BENIGN,TRUSTED,,,true,0
4,4984,Benign: Incremental Build with Object Cache Hit,BENIGN,TRUSTED,,,true,0
4,4985,Benign: Incremental Build with Object Cache Hit,BENIGN,TRUSTED,,,true,0
4,4986,Benign: Incremental Build with Object Cache Hit,BENIGN,TRUSTED,,,true,0
4,4987,Benign: Incremental Build with Object Cache Hit,BENIGN,TRUSTED,,,true,0
4,4988,Benign: Incremental Build with Object Cache Hit,BENIGN,TRUSTED,,,true,0
4,4989,Benign: Incremental Build with Object Cache Hit,BENIGN,TRUSTED,,,true,0
4,4990,Benign: Incremental Build with Object Cache Hit,BENIGN,TRUSTED,,,true,0
4,4991,Benign: Incremental Build with Object Cache Hit,BENIGN,TRUSTED,,,true,0
4,4992,Benign: Incremental Build with Object Cache Hit,BENIGN,TRUSTED,,,true,0
4,4993,Benign: Incremental Build with Object Cache Hit,BENIGN,TRUSTED,,,true,0
4,4994,Benign: Incremental Build with Object Cache Hit,BENIGN,TRUSTED,,,true,0
4,4995,Benign: Incremental Build with Object Cache Hit,BENIGN,TRUSTED,,,true,0
4,4996,Benign: Incremental Build with Object Cache Hit,BENIGN,TRUSTED,,,true,0
4,4997,Benign: Incremental Build with Object Cache Hit,BENIGN,TRUSTED,,,true,0
4,4998,Benign: Incremental Build with Object Cache Hit,BENIGN,TRUSTED,,,true,0
4,4999,Benign: Incremental Build with Object Cache Hit,BENIGN,TRUSTED,,,true,0
4,5000,Benign: Incremental Build with Object Cache Hit,BENIGN,TRUSTED,,,true,0
5,5001,Source: Stealth Uncommitted Code,ATTACK,REJECTED,SOURCE,SOURCE,true,0
5,5002,Source: Stealth Uncommitted Code,ATTACK,REJECTED,SOURCE,SOURCE,true,0
5,5003,Source: Stealth Uncommitted Code,ATTACK,REJECTED,SOURCE,SOURCE,true,0
5,5004,Source: Stealth Uncommitted Code,ATTACK,REJECTED,SOURCE,SOURCE,true,0
5,5005,Source: Stealth Uncommitted Code,ATTACK,REJECTED,SOURCE,SOURCE,true,0
5,5006,Source: Stealth Uncommitted Code,ATTACK,REJECTED,SOURCE,SOURCE,true,0
5,5007,Source: Stealth Uncommitted Code,ATTACK,REJECTED,SOURCE,SOURCE,true,0
5,5008,Source: Stealth Uncommitted Code,ATTACK,REJECTED,SOURCE,SOURCE,true,0
5,5009,Source: Stealth Uncommitted Code,ATTACK,REJECTED,SOURCE,SOURCE,true,0
5,5010,Source: Stealth Uncommitted Code,ATTACK,REJECTED,SOURCE,SOURCE,true,0
5,5011,Source: Stealth Uncommitted Code,ATTACK,REJECTED,SOURCE,SOURCE,true,0
5,5012,Source: Stealth Uncommitted Code,ATTACK,REJECTED,SOURCE,SOURCE,true,0
5,5013,Source: Stealth Uncommitted Code,ATTACK,REJECTED,SOURCE,SOURCE,true,0
5,5014,Source: Stealth Uncommitted Code,ATTACK,REJECTED,SOURCE,SOURCE,true,0
5,5015,Source: Stealth Uncommitted Code,ATTACK,REJECTED,SOURCE,SOURCE,true,0
5,5016,Source: Stealth Uncommitted Code,ATTACK,REJECTED,SOURCE,SOURCE,true,0
5,5017,Source: Stealth Uncommitted Code,ATTACK,REJECTED,SOURCE,SOURCE,true,0
5,5018,Source: Stealth Uncommitted Code,ATTACK,REJECTED,SOURCE,SOURCE,true,0
5,5019,Source: Stealth Uncommitted Code,ATTACK,REJECTED,SOURCE,SOURCE,true,0
5,5020,Source: Stealth Uncommitted Code,ATTACK,REJECTED,SOURCE,SOURCE,true,0
5,5021,Source: Stealth Uncommitted Code,ATTACK,REJECTED,SOURCE,SOURCE,true,0
5,5022,Source: Stealth Uncommitted Code,ATTACK,REJECTED,SOURCE,SOURCE,true,0
5,5023,Source: Stealth Uncommitted Code,ATTACK,REJECTED,SOURCE,SOURCE,true,0
5,5024,Source: Stealth Uncommitted Code,ATTACK,REJECTED,SOURCE,SOURCE,true,0
5,5025,Source: Stealth Uncommitted Code,ATTACK,REJECTED,SOURCE,SOURCE,true,0
5,5026,Source: Stealth Uncommitted Code,ATTACK,REJECTED,SOURCE,SOURCE,true,0
5,5027,Source: Stealth Uncommitted Code,ATTACK,REJECTED,SOURCE,SOURCE,true,0
5,5028,Source: Stealth Uncommitted Code,ATTACK,REJECTED,SOURCE,SOURCE,true,0
5,5029,Source: Stealth Uncommitted Code,ATTACK,REJECTED,SOURCE,SOURCE,true,0
5,5030,Source: Stealth Uncommitted Code,ATTACK,REJECTED,SOURCE,SOURCE,true,0
5,5031,Source: Stealth Uncommitted Code,ATTACK,REJECTED,SOURCE,SOURCE,true,0
5,5032,Source: Stealth Uncommitted Code,ATTACK,REJECTED,SOURCE,SOURCE,true,0
5,5033,Source: Stealth Uncommitted Code,ATTACK,REJECTED,SOURCE,SOURCE,true,0
5,5034,Source: Stealth Uncommitted Code,ATTACK,REJECTED,SOURCE,SOURCE,true,0
5,5035,Source: Stealth Uncommitted Code,ATTACK,REJECTED,SOURCE,SOURCE,true,0
5,5036,Source: Stealth Uncommitted Code,ATTACK,REJECTED,SOURCE,SOURCE,true,0
5,5037,Source: Stealth Uncommitted Code,ATTACK,REJECTED,SOURCE,SOURCE,true,0
5,5038,Source: Stealth Uncommitted Code,ATTACK,REJECTED,SOURCE,SOURCE,true,0
5,5039,Source: Stealth Uncommitted Code,ATTACK,REJECTED,SOURCE,SOURCE,true,0
5,5040,Source: Stealth Uncommitted Code,ATTACK,REJECTED,SOURCE,SOURCE,true,0
5,5041,Source: Stealth Uncommitted Code,ATTACK,REJECTED,SOURCE,SOURCE,true,0
5,5042,Source: Stealth Uncommitted Code,ATTACK,REJECTED,SOURCE,SOURCE,true,0
5,5043,Source: Stealth Uncommitted Code,ATTACK,REJECTED,SOURCE,SOURCE,true,0
5,5044,Source: Stealth Uncommitted Code,ATTACK,REJECTED,SOURCE,SOURCE,true,0
5,5045,Source: Stealth Uncommitted Code,ATTACK,REJECTED,SOURCE,SOURCE,true,0
5,5046,Source: Stealth Uncommitted Code,ATTACK,REJECTED,SOURCE,SOURCE,true,0
5,5047,Source: Stealth Uncommitted Code,ATTACK,REJECTED,SOURCE,SOURCE,true,1090
5,5048,Source: Stealth Uncommitted Code,ATTACK,REJECTED,SOURCE,SOURCE,true,0
5,5049,Source: Stealth Uncommitted Code,ATTACK,REJECTED,SOURCE,SOURCE,true,0
5,5050,Source: Stealth Uncommitted Code,ATTACK,REJECTED,SOURCE,SOURCE,true,0
5,5051,Source: Commit Author/Email Spoofing,ATTACK,TRUSTED,,SOURCE,false,0
5,5052,Source: Commit Author/Email Spoofing,ATTACK,TRUSTED,,SOURCE,false,0
5,5053,Source: Commit Author/Email Spoofing,ATTACK,TRUSTED,,SOURCE,false,0
5,5054,Source: Commit Author/Email Spoofing,ATTACK,TRUSTED,,SOURCE,false,0
5,5055,Source: Commit Author/Email Spoofing,ATTACK,TRUSTED,,SOURCE,false,0
5,5056,Source: Commit Author/Email Spoofing,ATTACK,TRUSTED,,SOURCE,false,0
5,5057,Source: Commit Author/Email Spoofing,ATTACK,TRUSTED,,SOURCE,false,0
5,5058,Source: Commit Author/Email Spoofing,ATTACK,TRUSTED,,SOURCE,false,0
5,5059,Source: Commit Author/Email Spoofing,ATTACK,TRUSTED,,SOURCE,false,0
5,5060,Source: Commit Author/Email Spoofing,ATTACK,TRUSTED,,SOURCE,false,0
5,5061,Source: Commit Author/Email Spoofing,ATTACK,TRUSTED,,SOURCE,false,0
5,5062,Source: Commit Author/Email Spoofing,ATTACK,TRUSTED,,SOURCE,false,0
5,5063,Source: Commit Author/Email Spoofing,ATTACK,TRUSTED,,SOURCE,false,0
5,5064,Source: Commit Author/Email Spoofing,ATTACK,TRUSTED,,SOURCE,false,0
5,5065,Source: Commit Author/Email Spoofing,ATTACK,TRUSTED,,SOURCE,false,0
5,5066,Source: Commit Author/Email Spoofing,ATTACK,TRUSTED,,SOURCE,false,0
5,5067,Source: Commit Author/Email Spoofing,ATTACK,TRUSTED,,SOURCE,false,0
5,5068,Source: Commit Author/Email Spoofing,ATTACK,TRUSTED,,SOURCE,false,0
5,5069,Source: Commit Author/Email Spoofing,ATTACK,TRUSTED,,SOURCE,false,0
5,5070,Source: Commit Author/Email Spoofing,ATTACK,TRUSTED,,SOURCE,false,0
5,5071,Source: Commit Author/Email Spoofing,ATTACK,TRUSTED,,SOURCE,false,0
5,5072,Source: Commit Author/Email Spoofing,ATTACK,TRUSTED,,SOURCE,false,0
5,5073,Source: Commit Author/Email Spoofing,ATTACK,TRUSTED,,SOURCE,false,0
5,5074,Source: Commit Author/Email Spoofing,ATTACK,TRUSTED,,SOURCE,false,0
5,5075,Source: Commit Author/Email Spoofing,ATTACK,TRUSTED,,SOURCE,false,0
5,5076,Source: Commit Author/Email Spoofing,ATTACK,TRUSTED,,SOURCE,false,0
5,5077,Source: Commit Author/Email Spoofing,ATTACK,TRUSTED,,SOURCE,false,0
5,5078,Source: Commit Author/Email Spoofing,ATTACK,TRUSTED,,SOURCE,false,0
5,5079,Source: Commit Author/Email Spoofing,ATTACK,TRUSTED,,SOURCE,false,0
5,5080,Source: Commit Author/Email Spoofing,ATTACK,TRUSTED,,SOURCE,false,0
5,5081,Source: Commit Author/Email Spoofing,ATTACK,TRUSTED,,SOURCE,false,0
5,5082,Source: Commit Author/Email Spoofing,ATTACK,TRUSTED,,SOURCE,false,0
5,5083,Source: Commit Author/Email Spoofing,ATTACK,TRUSTED,,SOURCE,false,504
5,5084,Source: Commit Author/Email Spoofing,ATTACK,TRUSTED,,SOURCE,false,0
5,5085,Source: Commit Author/Email Spoofing,ATTACK,TRUSTED,,SOURCE,false,0
5,5086,Source: Commit Author/Email Spoofing,ATTACK,TRUSTED,,SOURCE,false,0
5,5087,Source: Commit Author/Email Spoofing,ATTACK,TRUSTED,,SOURCE,false,0
5,5088,Source: Commit Author/Email Spoofing,ATTACK,TRUSTED,,SOURCE,false,0
5,5089,Source: Commit Author/Email Spoofing,ATTACK,TRUSTED,,SOURCE,false,0
5,5090,Source: Commit Author/Email Spoofing,ATTACK,TRUSTED,,SOURCE,false,0
5,5091,Source: Commit Author/Email Spoofing,ATTACK,TRUSTED,,SOURCE,false,0
5,5092,Source: Commit Author/Email Spoofing,ATTACK,TRUSTED,,SOURCE,false,0
5,5093,Source: Commit Author/Email Spoofing,ATTACK,TRUSTED,,SOURCE,false,0
5,5094,Source: Commit Author/Email Spoofing,ATTACK,TRUSTED,,SOURCE,false,0
5,5095,Source: Commit Author/Email Spoofing,ATTACK,TRUSTED,,SOURCE,false,0
5,5096,Source: Commit Author/Email Spoofing,ATTACK,TRUSTED,,SOURCE,false,0
5,5097,Source: Commit Author/Email Spoofing,ATTACK,TRUSTED,,SOURCE,false,0
5,5098,Source: Commit Author/Email Spoofing,ATTACK,TRUSTED,,SOURCE,false,0
5,5099,Source: Commit Author/Email Spoofing,ATTACK,TRUSTED,,SOURCE,false,0
5,5100,Source: Commit Author/Email Spoofing,ATTACK,TRUSTED,,SOURCE,false,0
5,5101,Dependency: Compatible Semver Substitution,ATTACK,REJECTED,DEPENDENCIES,DEPENDENCIES,true,0
5,5102,Dependency: Compatible Semver Substitution,ATTACK,REJECTED,DEPENDENCIES,DEPENDENCIES,true,0
5,5103,Dependency: Compatible Semver Substitution,ATTACK,REJECTED,DEPENDENCIES,DEPENDENCIES,true,0
5,5104,Dependency: Compatible Semver Substitution,ATTACK,REJECTED,DEPENDENCIES,DEPENDENCIES,true,0
5,5105,Dependency: Compatible Semver Substitution,ATTACK,REJECTED,DEPENDENCIES,DEPENDENCIES,true,0
5,5106,Dependency: Compatible Semver Substitution,ATTACK,REJECTED,DEPENDENCIES,DEPENDENCIES,true,0
5,5107,Dependency: Compatible Semver Substitution,ATTACK,REJECTED,DEPENDENCIES,DEPENDENCIES,true,0
5,5108,Dependency: Compatible Semver Substitution,ATTACK,REJECTED,DEPENDENCIES,DEPENDENCIES,true,0
5,5109,Dependency: Compatible Semver Substitution,ATTACK,REJECTED,DEPENDENCIES,DEPENDENCIES,true,0
5,5110,Dependency: Compatible Semver Substitution,ATTACK,REJECTED,DEPENDENCIES,DEPENDENCIES,true,0
5,5111,Dependency: Compatible Semver Substitution,ATTACK,REJECTED,DEPENDENCIES,DEPENDENCIES,true,0
5,5112,Dependency: Compatible Semver Substitution,ATTACK,REJECTED,DEPENDENCIES,DEPENDENCIES,true,0
5,5113,Dependency: Compatible Semver Substitution,ATTACK,REJECTED,DEPENDENCIES,DEPENDENCIES,true,0
5,5114,Dependency: Compatible Semver Substitution,ATTACK,REJECTED,DEPENDENCIES,DEPENDENCIES,true,0
5,5115,Dependency: Compatible Semver Substitution,ATTACK,REJECTED,DEPENDENCIES,DEPENDENCIES,true,0
5,5116,Dependency: Compatible Semver Substitution,ATTACK,REJECTED,DEPENDENCIES,DEPENDENCIES,true,0
5,5117,Dependency: Compatible Semver Substitution,ATTACK,REJECTED,DEPENDENCIES,DEPENDENCIES,true,0
5,5118,Dependency: Compatible Semver Substitution,ATTACK,REJECTED,DEPENDENCIES,DEPENDENCIES,true,0
5,5119,Dependency: Compatible Semver Substitution,ATTACK,REJECTED,DEPENDENCIES,DEPENDENCIES,true,0
5,5120,Dependency: Compatible Semver Substitution,ATTACK,REJECTED,DEPENDENCIES,DEPENDENCIES,true,0
5,5121,Dependency: Compatible Semver Substitution,ATTACK,REJECTED,DEPENDENCIES,DEPENDENCIES,true,0
5,5122,Dependency: Compatible Semver Substitution,ATTACK,REJECTED,DEPENDENCIES,DEPENDENCIES,true,0
5,5123,Dependency: Compatible Semver Substitution,ATTACK,REJECTED,DEPENDENCIES,DEPENDENCIES,true,0
5,5124,Dependency: Compatible Semver Substitution,ATTACK,REJECTED,DEPENDENCIES,DEPENDENCIES,true,0
5,5125,Dependency: Compatible Semver Substitution,ATTACK,REJECTED,DEPENDENCIES,DEPENDENCIES,true,0
5,5126,Dependency: Compatible Semver Substitution,ATTACK,REJECTED,DEPENDENCIES,DEPENDENCIES,true,0
5,5127,Dependency: Compatible Semver Substitution,ATTACK,REJECTED,DEPENDENCIES,DEPENDENCIES,true,0
5,5128,Dependency: Compatible Semver Substitution,ATTACK,REJECTED,DEPENDENCIES,DEPENDENCIES,true,0
5,5129,Dependency: Compatible Semver Substitution,ATTACK,REJECTED,DEPENDENCIES,DEPENDENCIES,true,0
5,5130,Dependency: Compatible Semver Substitution,ATTACK,REJECTED,DEPENDENCIES,DEPENDENCIES,true,0
5,5131,Dependency: Compatible Semver Substitution,ATTACK,REJECTED,DEPENDENCIES,DEPENDENCIES,true,0
5,5132,Dependency: Compatible Semver Substitution,ATTACK,REJECTED,DEPENDENCIES,DEPENDENCIES,true,0
5,5133,Dependency: Compatible Semver Substitution,ATTACK,REJECTED,DEPENDENCIES,DEPENDENCIES,true,0
5,5134,Dependency: Compatible Semver Substitution,ATTACK,REJECTED,DEPENDENCIES,DEPENDENCIES,true,0
5,5135,Dependency: Compatible Semver Substitution,ATTACK,REJECTED,DEPENDENCIES,DEPENDENCIES,true,0
5,5136,Dependency: Compatible Semver Substitution,ATTACK,REJECTED,DEPENDENCIES,DEPENDENCIES,true,0
5,5137,Dependency: Compatible Semver Substitution,ATTACK,REJECTED,DEPENDENCIES,DEPENDENCIES,true,0
5,5138,Dependency: Compatible Semver Substitution,ATTACK,REJECTED,DEPENDENCIES,DEPENDENCIES,true,0
5,5139,Dependency: Compatible Semver Substitution,ATTACK,REJECTED,DEPENDENCIES,DEPENDENCIES,true,0
5,5140,Dependency: Compatible Semver Substitution,ATTACK,REJECTED,DEPENDENCIES,DEPENDENCIES,true,0
5,5141,Dependency: Compatible Semver Substitution,ATTACK,REJECTED,DEPENDENCIES,DEPENDENCIES,true,0
5,5142,Dependency: Compatible Semver Substitution,ATTACK,REJECTED,DEPENDENCIES,DEPENDENCIES,true,0
5,5143,Dependency: Compatible Semver Substitution,ATTACK,REJECTED,DEPENDENCIES,DEPENDENCIES,true,0
5,5144,Dependency: Compatible Semver Substitution,ATTACK,REJECTED,DEPENDENCIES,DEPENDENCIES,true,0
5,5145,Dependency: Compatible Semver Substitution,ATTACK,REJECTED,DEPENDENCIES,DEPENDENCIES,true,0
5,5146,Dependency: Compatible Semver Substitution,ATTACK,REJECTED,DEPENDENCIES,DEPENDENCIES,true,0
5,5147,Dependency: Compatible Semver Substitution,ATTACK,REJECTED,DEPENDENCIES,DEPENDENCIES,true,0
5,5148,Dependency: Compatible Semver Substitution,ATTACK,REJECTED,DEPENDENCIES,DEPENDENCIES,true,0
5,5149,Dependency: Compatible Semver Substitution,ATTACK,REJECTED,DEPENDENCIES,DEPENDENCIES,true,0
5,5150,Dependency: Compatible Semver Substitution,ATTACK,REJECTED,DEPENDENCIES,DEPENDENCIES,true,0
5,5151,Dependency: Unapproved Mirror Registry,ATTACK,REJECTED,DEPENDENCIES,DEPENDENCIES,true,0
5,5152,Dependency: Unapproved Mirror Registry,ATTACK,REJECTED,DEPENDENCIES,DEPENDENCIES,true,0
5,5153,Dependency: Unapproved Mirror Registry,ATTACK,REJECTED,DEPENDENCIES,DEPENDENCIES,true,0
5,5154,Dependency: Unapproved Mirror Registry,ATTACK,REJECTED,DEPENDENCIES,DEPENDENCIES,true,0
5,5155,Dependency: Unapproved Mirror Registry,ATTACK,REJECTED,DEPENDENCIES,DEPENDENCIES,true,0
5,5156,Dependency: Unapproved Mirror Registry,ATTACK,REJECTED,DEPENDENCIES,DEPENDENCIES,true,0
5,5157,Dependency: Unapproved Mirror Registry,ATTACK,REJECTED,DEPENDENCIES,DEPENDENCIES,true,1016
5,5158,Dependency: Unapproved Mirror Registry,ATTACK,REJECTED,DEPENDENCIES,DEPENDENCIES,true,0
5,5159,Dependency: Unapproved Mirror Registry,ATTACK,REJECTED,DEPENDENCIES,DEPENDENCIES,true,0
5,5160,Dependency: Unapproved Mirror Registry,ATTACK,REJECTED,DEPENDENCIES,DEPENDENCIES,true,0
5,5161,Dependency: Unapproved Mirror Registry,ATTACK,REJECTED,DEPENDENCIES,DEPENDENCIES,true,0
5,5162,Dependency: Unapproved Mirror Registry,ATTACK,REJECTED,DEPENDENCIES,DEPENDENCIES,true,0
5,5163,Dependency: Unapproved Mirror Registry,ATTACK,REJECTED,DEPENDENCIES,DEPENDENCIES,true,0
5,5164,Dependency: Unapproved Mirror Registry,ATTACK,REJECTED,DEPENDENCIES,DEPENDENCIES,true,0
5,5165,Dependency: Unapproved Mirror Registry,ATTACK,REJECTED,DEPENDENCIES,DEPENDENCIES,true,0
5,5166,Dependency: Unapproved Mirror Registry,ATTACK,REJECTED,DEPENDENCIES,DEPENDENCIES,true,0
5,5167,Dependency: Unapproved Mirror Registry,ATTACK,REJECTED,DEPENDENCIES,DEPENDENCIES,true,0
5,5168,Dependency: Unapproved Mirror Registry,ATTACK,REJECTED,DEPENDENCIES,DEPENDENCIES,true,0
5,5169,Dependency: Unapproved Mirror Registry,ATTACK,REJECTED,DEPENDENCIES,DEPENDENCIES,true,0
5,5170,Dependency: Unapproved Mirror Registry,ATTACK,REJECTED,DEPENDENCIES,DEPENDENCIES,true,0
5,5171,Dependency: Unapproved Mirror Registry,ATTACK,REJECTED,DEPENDENCIES,DEPENDENCIES,true,0
5,5172,Dependency: Unapproved Mirror Registry,ATTACK,REJECTED,DEPENDENCIES,DEPENDENCIES,true,0
5,5173,Dependency: Unapproved Mirror Registry,ATTACK,REJECTED,DEPENDENCIES,DEPENDENCIES,true,0
5,5174,Dependency: Unapproved Mirror Registry,ATTACK,REJECTED,DEPENDENCIES,DEPENDENCIES,true,0
5,5175,Dependency: Unapproved Mirror Registry,ATTACK,REJECTED,DEPENDENCIES,DEPENDENCIES,true,0
5,5176,Dependency: Unapproved Mirror Registry,ATTACK,REJECTED,DEPENDENCIES,DEPENDENCIES,true,0
5,5177,Dependency: Unapproved Mirror Registry,ATTACK,REJECTED,DEPENDENCIES,DEPENDENCIES,true,0
5,5178,Dependency: Unapproved Mirror Registry,ATTACK,REJECTED,DEPENDENCIES,DEPENDENCIES,true,0
5,5179,Dependency: Unapproved Mirror Registry,ATTACK,REJECTED,DEPENDENCIES,DEPENDENCIES,true,0
5,5180,Dependency: Unapproved Mirror Registry,ATTACK,REJECTED,DEPENDENCIES,DEPENDENCIES,true,0
5,5181,Dependency: Unapproved Mirror Registry,ATTACK,REJECTED,DEPENDENCIES,DEPENDENCIES,true,0
5,5182,Dependency: Unapproved Mirror Registry,ATTACK,REJECTED,DEPENDENCIES,DEPENDENCIES,true,0
5,5183,Dependency: Unapproved Mirror Registry,ATTACK,REJECTED,DEPENDENCIES,DEPENDENCIES,true,0
5,5184,Dependency: Unapproved Mirror Registry,ATTACK,REJECTED,DEPENDENCIES,DEPENDENCIES,true,0
5,5185,Dependency: Unapproved Mirror Registry,ATTACK,REJECTED,DEPENDENCIES,DEPENDENCIES,true,0
5,5186,Dependency: Unapproved Mirror Registry,ATTACK,REJECTED,DEPENDENCIES,DEPENDENCIES,true,0
5,5187,Dependency: Unapproved Mirror Registry,ATTACK,REJECTED,DEPENDENCIES,DEPENDENCIES,true,0
5,5188,Dependency: Unapproved Mirror Registry,ATTACK,REJECTED,DEPENDENCIES,DEPENDENCIES,true,0
5,5189,Dependency: Unapproved Mirror Registry,ATTACK,REJECTED,DEPENDENCIES,DEPENDENCIES,true,0
5,5190,Dependency: Unapproved Mirror Registry,ATTACK,REJECTED,DEPENDENCIES,DEPENDENCIES,true,0
5,5191,Dependency: Unapproved Mirror Registry,ATTACK,REJECTED,DEPENDENCIES,DEPENDENCIES,true,0
5,5192,Dependency: Unapproved Mirror Registry,ATTACK,REJECTED,DEPENDENCIES,DEPENDENCIES,true,0
5,5193,Dependency: Unapproved Mirror Registry,ATTACK,REJECTED,DEPENDENCIES,DEPENDENCIES,true,0
5,5194,Dependency: Unapproved Mirror Registry,ATTACK,REJECTED,DEPENDENCIES,DEPENDENCIES,true,0
5,5195,Dependency: Unapproved Mirror Registry,ATTACK,REJECTED,DEPENDENCIES,DEPENDENCIES,true,0
5,5196,Dependency: Unapproved Mirror Registry,ATTACK,REJECTED,DEPENDENCIES,DEPENDENCIES,true,0
5,5197,Dependency: Unapproved Mirror Registry,ATTACK,REJECTED,DEPENDENCIES,DEPENDENCIES,true,0
5,5198,Dependency: Unapproved Mirror Registry,ATTACK,REJECTED,DEPENDENCIES,DEPENDENCIES,true,0
5,5199,Dependency: Unapproved Mirror Registry,ATTACK,REJECTED,DEPENDENCIES,DEPENDENCIES,true,0
5,5200,Dependency: Unapproved Mirror Registry,ATTACK,REJECTED,DEPENDENCIES,DEPENDENCIES,true,0
5,5201,Lockfile: Missing/Stripped Hash Integrity,ATTACK,REJECTED,DEPENDENCIES,LOCKFILE,true,0
5,5202,Lockfile: Missing/Stripped Hash Integrity,ATTACK,REJECTED,DEPENDENCIES,LOCKFILE,true,0
5,5203,Lockfile: Missing/Stripped Hash Integrity,ATTACK,REJECTED,DEPENDENCIES,LOCKFILE,true,0
5,5204,Lockfile: Missing/Stripped Hash Integrity,ATTACK,REJECTED,DEPENDENCIES,LOCKFILE,true,0
5,5205,Lockfile: Missing/Stripped Hash Integrity,ATTACK,REJECTED,DEPENDENCIES,LOCKFILE,true,0
5,5206,Lockfile: Missing/Stripped Hash Integrity,ATTACK,REJECTED,DEPENDENCIES,LOCKFILE,true,0
5,5207,Lockfile: Missing/Stripped Hash Integrity,ATTACK,REJECTED,DEPENDENCIES,LOCKFILE,true,0
5,5208,Lockfile: Missing/Stripped Hash Integrity,ATTACK,REJECTED,DEPENDENCIES,LOCKFILE,true,0
5,5209,Lockfile: Missing/Stripped Hash Integrity,ATTACK,REJECTED,DEPENDENCIES,LOCKFILE,true,0
5,5210,Lockfile: Missing/Stripped Hash Integrity,ATTACK,REJECTED,DEPENDENCIES,LOCKFILE,true,0
5,5211,Lockfile: Missing/Stripped Hash Integrity,ATTACK,REJECTED,DEPENDENCIES,LOCKFILE,true,0
5,5212,Lockfile: Missing/Stripped Hash Integrity,ATTACK,REJECTED,DEPENDENCIES,LOCKFILE,true,0
5,5213,Lockfile: Missing/Stripped Hash Integrity,ATTACK,REJECTED,DEPENDENCIES,LOCKFILE,true,0
5,5214,Lockfile: Missing/Stripped Hash Integrity,ATTACK,REJECTED,DEPENDENCIES,LOCKFILE,true,0
5,5215,Lockfile: Missing/Stripped Hash Integrity,ATTACK,REJECTED,DEPENDENCIES,LOCKFILE,true,0
5,5216,Lockfile: Missing/Stripped Hash Integrity,ATTACK,REJECTED,DEPENDENCIES,LOCKFILE,true,0
5,5217,Lockfile: Missing/Stripped Hash Integrity,ATTACK,REJECTED,DEPENDENCIES,LOCKFILE,true,0
5,5218,Lockfile: Missing/Stripped Hash Integrity,ATTACK,REJECTED,DEPENDENCIES,LOCKFILE,true,0
5,5219,Lockfile: Missing/Stripped Hash Integrity,ATTACK,REJECTED,DEPENDENCIES,LOCKFILE,true,0
5,5220,Lockfile: Missing/Stripped Hash Integrity,ATTACK,REJECTED,DEPENDENCIES,LOCKFILE,true,0
5,5221,Lockfile: Missing/Stripped Hash Integrity,ATTACK,REJECTED,DEPENDENCIES,LOCKFILE,true,0
5,5222,Lockfile: Missing/Stripped Hash Integrity,ATTACK,REJECTED,DEPENDENCIES,LOCKFILE,true,0
5,5223,Lockfile: Missing/Stripped Hash Integrity,ATTACK,REJECTED,DEPENDENCIES,LOCKFILE,true,0
5,5224,Lockfile: Missing/Stripped Hash Integrity,ATTACK,REJECTED,DEPENDENCIES,LOCKFILE,true,0
5,5225,Lockfile: Missing/Stripped Hash Integrity,ATTACK,REJECTED,DEPENDENCIES,LOCKFILE,true,0
5,5226,Lockfile: Missing/Stripped Hash Integrity,ATTACK,REJECTED,DEPENDENCIES,LOCKFILE,true,0
5,5227,Lockfile: Missing/Stripped Hash Integrity,ATTACK,REJECTED,DEPENDENCIES,LOCKFILE,true,0
5,5228,Lockfile: Missing/Stripped Hash Integrity,ATTACK,REJECTED,DEPENDENCIES,LOCKFILE,true,0
5,5229,Lockfile: Missing/Stripped Hash Integrity,ATTACK,REJECTED,DEPENDENCIES,LOCKFILE,true,0
5,5230,Lockfile: Missing/Stripped Hash Integrity,ATTACK,REJECTED,DEPENDENCIES,LOCKFILE,true,0
5,5231,Lockfile: Missing/Stripped Hash Integrity,ATTACK,REJECTED,DEPENDENCIES,LOCKFILE,true,0
5,5232,Lockfile: Missing/Stripped Hash Integrity,ATTACK,REJECTED,DEPENDENCIES,LOCKFILE,true,0
5,5233,Lockfile: Missing/Stripped Hash Integrity,ATTACK,REJECTED,DEPENDENCIES,LOCKFILE,true,0
5,5234,Lockfile: Missing/Stripped Hash Integrity,ATTACK,REJECTED,DEPENDENCIES,LOCKFILE,true,0
5,5235,Lockfile: Missing/Stripped Hash Integrity,ATTACK,REJECTED,DEPENDENCIES,LOCKFILE,true,0
5,5236,Lockfile: Missing/Stripped Hash Integrity,ATTACK,REJECTED,DEPENDENCIES,LOCKFILE,true,0
5,5237,Lockfile: Missing/Stripped Hash Integrity,ATTACK,REJECTED,DEPENDENCIES,LOCKFILE,true,0
5,5238,Lockfile: Missing/Stripped Hash Integrity,ATTACK,REJECTED,DEPENDENCIES,LOCKFILE,true,0
5,5239,Lockfile: Missing/Stripped Hash Integrity,ATTACK,REJECTED,DEPENDENCIES,LOCKFILE,true,0
5,5240,Lockfile: Missing/Stripped Hash Integrity,ATTACK,REJECTED,DEPENDENCIES,LOCKFILE,true,0
5,5241,Lockfile: Missing/Stripped Hash Integrity,ATTACK,REJECTED,DEPENDENCIES,LOCKFILE,true,0
5,5242,Lockfile: Missing/Stripped Hash Integrity,ATTACK,REJECTED,DEPENDENCIES,LOCKFILE,true,0
5,5243,Lockfile: Missing/Stripped Hash Integrity,ATTACK,REJECTED,DEPENDENCIES,LOCKFILE,true,0
5,5244,Lockfile: Missing/Stripped Hash Integrity,ATTACK,REJECTED,DEPENDENCIES,LOCKFILE,true,0
5,5245,Lockfile: Missing/Stripped Hash Integrity,ATTACK,REJECTED,DEPENDENCIES,LOCKFILE,true,0
5,5246,Lockfile: Missing/Stripped Hash Integrity,ATTACK,REJECTED,DEPENDENCIES,LOCKFILE,true,0
5,5247,Lockfile: Missing/Stripped Hash Integrity,ATTACK,REJECTED,DEPENDENCIES,LOCKFILE,true,0
5,5248,Lockfile: Missing/Stripped Hash Integrity,ATTACK,REJECTED,DEPENDENCIES,LOCKFILE,true,0
5,5249,Lockfile: Missing/Stripped Hash Integrity,ATTACK,REJECTED,DEPENDENCIES,LOCKFILE,true,0
5,5250,Lockfile: Missing/Stripped Hash Integrity,ATTACK,REJECTED,DEPENDENCIES,LOCKFILE,true,0
5,5251,Process: Short-Lived Subprocess (Polling Evasion),ATTACK,TRUSTED,,PROCESS,false,0
5,5252,Process: Short-Lived Subprocess (Polling Evasion),ATTACK,TRUSTED,,PROCESS,false,0
5,5253,Process: Short-Lived Subprocess (Polling Evasion),ATTACK,TRUSTED,,PROCESS,false,0
5,5254,Process: Short-Lived Subprocess (Polling Evasion),ATTACK,TRUSTED,,PROCESS,false,0
5,5255,Process: Short-Lived Subprocess (Polling Evasion),ATTACK,TRUSTED,,PROCESS,false,0
5,5256,Process: Short-Lived Subprocess (Polling Evasion),ATTACK,TRUSTED,,PROCESS,false,0
5,5257,Process: Short-Lived Subprocess (Polling Evasion),ATTACK,TRUSTED,,PROCESS,false,0
5,5258,Process: Short-Lived Subprocess (Polling Evasion),ATTACK,TRUSTED,,PROCESS,false,0
5,5259,Process: Short-Lived Subprocess (Polling Evasion),ATTACK,TRUSTED,,PROCESS,false,0
5,5260,Process: Short-Lived Subprocess (Polling Evasion),ATTACK,TRUSTED,,PROCESS,false,1005
5,5261,Process: Short-Lived Subprocess (Polling Evasion),ATTACK,TRUSTED,,PROCESS,false,0
5,5262,Process: Short-Lived Subprocess (Polling Evasion),ATTACK,TRUSTED,,PROCESS,false,0
5,5263,Process: Short-Lived Subprocess (Polling Evasion),ATTACK,TRUSTED,,PROCESS,false,0
5,5264,Process: Short-Lived Subprocess (Polling Evasion),ATTACK,TRUSTED,,PROCESS,false,0
5,5265,Process: Short-Lived Subprocess (Polling Evasion),ATTACK,TRUSTED,,PROCESS,false,0
5,5266,Process: Short-Lived Subprocess (Polling Evasion),ATTACK,TRUSTED,,PROCESS,false,0
5,5267,Process: Short-Lived Subprocess (Polling Evasion),ATTACK,TRUSTED,,PROCESS,false,0
5,5268,Process: Short-Lived Subprocess (Polling Evasion),ATTACK,TRUSTED,,PROCESS,false,0
5,5269,Process: Short-Lived Subprocess (Polling Evasion),ATTACK,TRUSTED,,PROCESS,false,0
5,5270,Process: Short-Lived Subprocess (Polling Evasion),ATTACK,TRUSTED,,PROCESS,false,0
5,5271,Process: Short-Lived Subprocess (Polling Evasion),ATTACK,TRUSTED,,PROCESS,false,0
5,5272,Process: Short-Lived Subprocess (Polling Evasion),ATTACK,TRUSTED,,PROCESS,false,0
5,5273,Process: Short-Lived Subprocess (Polling Evasion),ATTACK,TRUSTED,,PROCESS,false,0
5,5274,Process: Short-Lived Subprocess (Polling Evasion),ATTACK,TRUSTED,,PROCESS,false,0
5,5275,Process: Short-Lived Subprocess (Polling Evasion),ATTACK,TRUSTED,,PROCESS,false,0
5,5276,Process: Short-Lived Subprocess (Polling Evasion),ATTACK,TRUSTED,,PROCESS,false,0
5,5277,Process: Short-Lived Subprocess (Polling Evasion),ATTACK,TRUSTED,,PROCESS,false,0
5,5278,Process: Short-Lived Subprocess (Polling Evasion),ATTACK,TRUSTED,,PROCESS,false,0
5,5279,Process: Short-Lived Subprocess (Polling Evasion),ATTACK,TRUSTED,,PROCESS,false,0
5,5280,Process: Short-Lived Subprocess (Polling Evasion),ATTACK,TRUSTED,,PROCESS,false,0
5,5281,Process: Short-Lived Subprocess (Polling Evasion),ATTACK,TRUSTED,,PROCESS,false,0
5,5282,Process: Short-Lived Subprocess (Polling Evasion),ATTACK,TRUSTED,,PROCESS,false,0
5,5283,Process: Short-Lived Subprocess (Polling Evasion),ATTACK,TRUSTED,,PROCESS,false,0
5,5284,Process: Short-Lived Subprocess (Polling Evasion),ATTACK,TRUSTED,,PROCESS,false,0
5,5285,Process: Short-Lived Subprocess (Polling Evasion),ATTACK,TRUSTED,,PROCESS,false,0
5,5286,Process: Short-Lived Subprocess (Polling Evasion),ATTACK,TRUSTED,,PROCESS,false,0
5,5287,Process: Short-Lived Subprocess (Polling Evasion),ATTACK,TRUSTED,,PROCESS,false,0
5,5288,Process: Short-Lived Subprocess (Polling Evasion),ATTACK,TRUSTED,,PROCESS,false,0
5,5289,Process: Short-Lived Subprocess (Polling Evasion),ATTACK,TRUSTED,,PROCESS,false,0
5,5290,Process: Short-Lived Subprocess (Polling Evasion),ATTACK,TRUSTED,,PROCESS,false,0
5,5291,Process: Short-Lived Subprocess (Polling Evasion),ATTACK,TRUSTED,,PROCESS,false,0
5,5292,Process: Short-Lived Subprocess (Polling Evasion),ATTACK,TRUSTED,,PROCESS,false,0
5,5293,Process: Short-Lived Subprocess (Polling Evasion),ATTACK,TRUSTED,,PROCESS,false,0
5,5294,Process: Short-Lived Subprocess (Polling Evasion),ATTACK,TRUSTED,,PROCESS,false,0
5,5295,Process: Short-Lived Subprocess (Polling Evasion),ATTACK,TRUSTED,,PROCESS,false,0
5,5296,Process: Short-Lived Subprocess (Polling Evasion),ATTACK,TRUSTED,,PROCESS,false,0
5,5297,Process: Short-Lived Subprocess (Polling Evasion),ATTACK,TRUSTED,,PROCESS,false,0
5,5298,Process: Short-Lived Subprocess (Polling Evasion),ATTACK,TRUSTED,,PROCESS,false,0
5,5299,Process: Short-Lived Subprocess (Polling Evasion),ATTACK,TRUSTED,,PROCESS,false,0
5,5300,Process: Short-Lived Subprocess (Polling Evasion),ATTACK,TRUSTED,,PROCESS,false,0
5,5301,Process: Renamed Binary Execution (svchost/python),ATTACK,REJECTED,PROCESS,PROCESS,true,0
5,5302,Process: Renamed Binary Execution (svchost/python),ATTACK,REJECTED,PROCESS,PROCESS,true,0
5,5303,Process: Renamed Binary Execution (svchost/python),ATTACK,REJECTED,PROCESS,PROCESS,true,0
5,5304,Process: Renamed Binary Execution (svchost/python),ATTACK,REJECTED,PROCESS,PROCESS,true,0
5,5305,Process: Renamed Binary Execution (svchost/python),ATTACK,REJECTED,PROCESS,PROCESS,true,0
5,5306,Process: Renamed Binary Execution (svchost/python),ATTACK,REJECTED,PROCESS,PROCESS,true,0
5,5307,Process: Renamed Binary Execution (svchost/python),ATTACK,REJECTED,PROCESS,PROCESS,true,0
5,5308,Process: Renamed Binary Execution (svchost/python),ATTACK,REJECTED,PROCESS,PROCESS,true,0
5,5309,Process: Renamed Binary Execution (svchost/python),ATTACK,REJECTED,PROCESS,PROCESS,true,0
5,5310,Process: Renamed Binary Execution (svchost/python),ATTACK,REJECTED,PROCESS,PROCESS,true,0
5,5311,Process: Renamed Binary Execution (svchost/python),ATTACK,REJECTED,PROCESS,PROCESS,true,0
5,5312,Process: Renamed Binary Execution (svchost/python),ATTACK,REJECTED,PROCESS,PROCESS,true,0
5,5313,Process: Renamed Binary Execution (svchost/python),ATTACK,REJECTED,PROCESS,PROCESS,true,0
5,5314,Process: Renamed Binary Execution (svchost/python),ATTACK,REJECTED,PROCESS,PROCESS,true,0
5,5315,Process: Renamed Binary Execution (svchost/python),ATTACK,REJECTED,PROCESS,PROCESS,true,0
5,5316,Process: Renamed Binary Execution (svchost/python),ATTACK,REJECTED,PROCESS,PROCESS,true,0
5,5317,Process: Renamed Binary Execution (svchost/python),ATTACK,REJECTED,PROCESS,PROCESS,true,0
5,5318,Process: Renamed Binary Execution (svchost/python),ATTACK,REJECTED,PROCESS,PROCESS,true,0
5,5319,Process: Renamed Binary Execution (svchost/python),ATTACK,REJECTED,PROCESS,PROCESS,true,0
5,5320,Process: Renamed Binary Execution (svchost/python),ATTACK,REJECTED,PROCESS,PROCESS,true,0
5,5321,Process: Renamed Binary Execution (svchost/python),ATTACK,REJECTED,PROCESS,PROCESS,true,0
5,5322,Process: Renamed Binary Execution (svchost/python),ATTACK,REJECTED,PROCESS,PROCESS,true,0
5,5323,Process: Renamed Binary Execution (svchost/python),ATTACK,REJECTED,PROCESS,PROCESS,true,0
5,5324,Process: Renamed Binary Execution (svchost/python),ATTACK,REJECTED,PROCESS,PROCESS,true,0
5,5325,Process: Renamed Binary Execution (svchost/python),ATTACK,REJECTED,PROCESS,PROCESS,true,0
5,5326,Process: Renamed Binary Execution (svchost/python),ATTACK,REJECTED,PROCESS,PROCESS,true,0
5,5327,Process: Renamed Binary Execution (svchost/python),ATTACK,REJECTED,PROCESS,PROCESS,true,0
5,5328,Process: Renamed Binary Execution (svchost/python),ATTACK,REJECTED,PROCESS,PROCESS,true,0
5,5329,Process: Renamed Binary Execution (svchost/python),ATTACK,REJECTED,PROCESS,PROCESS,true,0
5,5330,Process: Renamed Binary Execution (svchost/python),ATTACK,REJECTED,PROCESS,PROCESS,true,0
5,5331,Process: Renamed Binary Execution (svchost/python),ATTACK,REJECTED,PROCESS,PROCESS,true,0
5,5332,Process: Renamed Binary Execution (svchost/python),ATTACK,REJECTED,PROCESS,PROCESS,true,0
5,5333,Process: Renamed Binary Execution (svchost/python),ATTACK,REJECTED,PROCESS,PROCESS,true,0
5,5334,Process: Renamed Binary Execution (svchost/python),ATTACK,REJECTED,PROCESS,PROCESS,true,0
5,5335,Process: Renamed Binary Execution (svchost/python),ATTACK,REJECTED,PROCESS,PROCESS,true,0
5,5336,Process: Renamed Binary Execution (svchost/python),ATTACK,REJECTED,PROCESS,PROCESS,true,0
5,5337,Process: Renamed Binary Execution (svchost/python),ATTACK,REJECTED,PROCESS,PROCESS,true,0
5,5338,Process: Renamed Binary Execution (svchost/python),ATTACK,REJECTED,PROCESS,PROCESS,true,0
5,5339,Process: Renamed Binary Execution (svchost/python),ATTACK,REJECTED,PROCESS,PROCESS,true,0
5,5340,Process: Renamed Binary Execution (svchost/python),ATTACK,REJECTED,PROCESS,PROCESS,true,0
5,5341,Process: Renamed Binary Execution (svchost/python),ATTACK,REJECTED,PROCESS,PROCESS,true,0
5,5342,Process: Renamed Binary Execution (svchost/python),ATTACK,REJECTED,PROCESS,PROCESS,true,0
5,5343,Process: Renamed Binary Execution (svchost/python),ATTACK,REJECTED,PROCESS,PROCESS,true,0
5,5344,Process: Renamed Binary Execution (svchost/python),ATTACK,REJECTED,PROCESS,PROCESS,true,0
5,5345,Process: Renamed Binary Execution (svchost/python),ATTACK,REJECTED,PROCESS,PROCESS,true,0
5,5346,Process: Renamed Binary Execution (svchost/python),ATTACK,REJECTED,PROCESS,PROCESS,true,0
5,5347,Process: Renamed Binary Execution (svchost/python),ATTACK,REJECTED,PROCESS,PROCESS,true,0
5,5348,Process: Renamed Binary Execution (svchost/python),ATTACK,REJECTED,PROCESS,PROCESS,true,0
5,5349,Process: Renamed Binary Execution (svchost/python),ATTACK,REJECTED,PROCESS,PROCESS,true,0
5,5350,Process: Renamed Binary Execution (svchost/python),ATTACK,REJECTED,PROCESS,PROCESS,true,0
5,5351,Filesystem: Boundary Escape (/tmp or %TEMP%),ATTACK,TRUSTED,,FILESYSTEM,false,0
5,5352,Filesystem: Boundary Escape (/tmp or %TEMP%),ATTACK,TRUSTED,,FILESYSTEM,false,0
5,5353,Filesystem: Boundary Escape (/tmp or %TEMP%),ATTACK,TRUSTED,,FILESYSTEM,false,0
5,5354,Filesystem: Boundary Escape (/tmp or %TEMP%),ATTACK,TRUSTED,,FILESYSTEM,false,0
5,5355,Filesystem: Boundary Escape (/tmp or %TEMP%),ATTACK,TRUSTED,,FILESYSTEM,false,0
5,5356,Filesystem: Boundary Escape (/tmp or %TEMP%),ATTACK,TRUSTED,,FILESYSTEM,false,0
5,5357,Filesystem: Boundary Escape (/tmp or %TEMP%),ATTACK,TRUSTED,,FILESYSTEM,false,0
5,5358,Filesystem: Boundary Escape (/tmp or %TEMP%),ATTACK,TRUSTED,,FILESYSTEM,false,0
5,5359,Filesystem: Boundary Escape (/tmp or %TEMP%),ATTACK,TRUSTED,,FILESYSTEM,false,0
5,5360,Filesystem: Boundary Escape (/tmp or %TEMP%),ATTACK,TRUSTED,,FILESYSTEM,false,0
5,5361,Filesystem: Boundary Escape (/tmp or %TEMP%),ATTACK,TRUSTED,,FILESYSTEM,false,0
5,5362,Filesystem: Boundary Escape (/tmp or %TEMP%),ATTACK,TRUSTED,,FILESYSTEM,false,0
5,5363,Filesystem: Boundary Escape (/tmp or %TEMP%),ATTACK,TRUSTED,,FILESYSTEM,false,0
5,5364,Filesystem: Boundary Escape (/tmp or %TEMP%),ATTACK,TRUSTED,,FILESYSTEM,false,0
5,5365,Filesystem: Boundary Escape (/tmp or %TEMP%),ATTACK,TRUSTED,,FILESYSTEM,false,0
5,5366,Filesystem: Boundary Escape (/tmp or %TEMP%),ATTACK,TRUSTED,,FILESYSTEM,false,0
5,5367,Filesystem: Boundary Escape (/tmp or %TEMP%),ATTACK,TRUSTED,,FILESYSTEM,false,0
5,5368,Filesystem: Boundary Escape (/tmp or %TEMP%),ATTACK,TRUSTED,,FILESYSTEM,false,0
5,5369,Filesystem: Boundary Escape (/tmp or %TEMP%),ATTACK,TRUSTED,,FILESYSTEM,false,0
5,5370,Filesystem: Boundary Escape (/tmp or %TEMP%),ATTACK,TRUSTED,,FILESYSTEM,false,0
5,5371,Filesystem: Boundary Escape (/tmp or %TEMP%),ATTACK,TRUSTED,,FILESYSTEM,false,0
5,5372,Filesystem: Boundary Escape (/tmp or %TEMP%),ATTACK,TRUSTED,,FILESYSTEM,false,0
5,5373,Filesystem: Boundary Escape (/tmp or %TEMP%),ATTACK,TRUSTED,,FILESYSTEM,false,0
5,5374,Filesystem: Boundary Escape (/tmp or %TEMP%),ATTACK,TRUSTED,,FILESYSTEM,false,0
5,5375,Filesystem: Boundary Escape (/tmp or %TEMP%),ATTACK,TRUSTED,,FILESYSTEM,false,0
5,5376,Filesystem: Boundary Escape (/tmp or %TEMP%),ATTACK,TRUSTED,,FILESYSTEM,false,0
5,5377,Filesystem: Boundary Escape (/tmp or %TEMP%),ATTACK,TRUSTED,,FILESYSTEM,false,0
5,5378,Filesystem: Boundary Escape (/tmp or %TEMP%),ATTACK,TRUSTED,,FILESYSTEM,false,0
5,5379,Filesystem: Boundary Escape (/tmp or %TEMP%),ATTACK,TRUSTED,,FILESYSTEM,false,0
5,5380,Filesystem: Boundary Escape (/tmp or %TEMP%),ATTACK,TRUSTED,,FILESYSTEM,false,0
5,5381,Filesystem: Boundary Escape (/tmp or %TEMP%),ATTACK,TRUSTED,,FILESYSTEM,false,0
5,5382,Filesystem: Boundary Escape (/tmp or %TEMP%),ATTACK,TRUSTED,,FILESYSTEM,false,0
5,5383,Filesystem: Boundary Escape (/tmp or %TEMP%),ATTACK,TRUSTED,,FILESYSTEM,false,0
5,5384,Filesystem: Boundary Escape (/tmp or %TEMP%),ATTACK,TRUSTED,,FILESYSTEM,false,0
5,5385,Filesystem: Boundary Escape (/tmp or %TEMP%),ATTACK,TRUSTED,,FILESYSTEM,false,0
5,5386,Filesystem: Boundary Escape (/tmp or %TEMP%),ATTACK,TRUSTED,,FILESYSTEM,false,0
5,5387,Filesystem: Boundary Escape (/tmp or %TEMP%),ATTACK,TRUSTED,,FILESYSTEM,false,0
5,5388,Filesystem: Boundary Escape (/tmp or %TEMP%),ATTACK,TRUSTED,,FILESYSTEM,false,0
5,5389,Filesystem: Boundary Escape (/tmp or %TEMP%),ATTACK,TRUSTED,,FILESYSTEM,false,0
5,5390,Filesystem: Boundary Escape (/tmp or %TEMP%),ATTACK,TRUSTED,,FILESYSTEM,false,0
5,5391,Filesystem: Boundary Escape (/tmp or %TEMP%),ATTACK,TRUSTED,,FILESYSTEM,false,0
5,5392,Filesystem: Boundary Escape (/tmp or %TEMP%),ATTACK,TRUSTED,,FILESYSTEM,false,0
5,5393,Filesystem: Boundary Escape (/tmp or %TEMP%),ATTACK,TRUSTED,,FILESYSTEM,false,0
5,5394,Filesystem: Boundary Escape (/tmp or %TEMP%),ATTACK,TRUSTED,,FILESYSTEM,false,0
5,5395,Filesystem: Boundary Escape (/tmp or %TEMP%),ATTACK,TRUSTED,,FILESYSTEM,false,0
5,5396,Filesystem: Boundary Escape (/tmp or %TEMP%),ATTACK,TRUSTED,,FILESYSTEM,false,0
5,5397,Filesystem: Boundary Escape (/tmp or %TEMP%),ATTACK,TRUSTED,,FILESYSTEM,false,0
5,5398,Filesystem: Boundary Escape (/tmp or %TEMP%),ATTACK,TRUSTED,,FILESYSTEM,false,0
5,5399,Filesystem: Boundary Escape (/tmp or %TEMP%),ATTACK,TRUSTED,,FILESYSTEM,false,0
5,5400,Filesystem: Boundary Escape (/tmp or %TEMP%),ATTACK,TRUSTED,,FILESYSTEM,false,0
5,5401,Filesystem: Payload Swap (Preserved Size/Time),ATTACK,REJECTED,FILESYSTEM,FILESYSTEM,true,0
5,5402,Filesystem: Payload Swap (Preserved Size/Time),ATTACK,REJECTED,FILESYSTEM,FILESYSTEM,true,0
5,5403,Filesystem: Payload Swap (Preserved Size/Time),ATTACK,REJECTED,FILESYSTEM,FILESYSTEM,true,0
5,5404,Filesystem: Payload Swap (Preserved Size/Time),ATTACK,REJECTED,FILESYSTEM,FILESYSTEM,true,0
5,5405,Filesystem: Payload Swap (Preserved Size/Time),ATTACK,REJECTED,FILESYSTEM,FILESYSTEM,true,0
5,5406,Filesystem: Payload Swap (Preserved Size/Time),ATTACK,REJECTED,FILESYSTEM,FILESYSTEM,true,999
5,5407,Filesystem: Payload Swap (Preserved Size/Time),ATTACK,REJECTED,FILESYSTEM,FILESYSTEM,true,0
5,5408,Filesystem: Payload Swap (Preserved Size/Time),ATTACK,REJECTED,FILESYSTEM,FILESYSTEM,true,0
5,5409,Filesystem: Payload Swap (Preserved Size/Time),ATTACK,REJECTED,FILESYSTEM,FILESYSTEM,true,0
5,5410,Filesystem: Payload Swap (Preserved Size/Time),ATTACK,REJECTED,FILESYSTEM,FILESYSTEM,true,0
5,5411,Filesystem: Payload Swap (Preserved Size/Time),ATTACK,REJECTED,FILESYSTEM,FILESYSTEM,true,0
5,5412,Filesystem: Payload Swap (Preserved Size/Time),ATTACK,REJECTED,FILESYSTEM,FILESYSTEM,true,0
5,5413,Filesystem: Payload Swap (Preserved Size/Time),ATTACK,REJECTED,FILESYSTEM,FILESYSTEM,true,0
5,5414,Filesystem: Payload Swap (Preserved Size/Time),ATTACK,REJECTED,FILESYSTEM,FILESYSTEM,true,0
5,5415,Filesystem: Payload Swap (Preserved Size/Time),ATTACK,REJECTED,FILESYSTEM,FILESYSTEM,true,0
5,5416,Filesystem: Payload Swap (Preserved Size/Time),ATTACK,REJECTED,FILESYSTEM,FILESYSTEM,true,0
5,5417,Filesystem: Payload Swap (Preserved Size/Time),ATTACK,REJECTED,FILESYSTEM,FILESYSTEM,true,0
5,5418,Filesystem: Payload Swap (Preserved Size/Time),ATTACK,REJECTED,FILESYSTEM,FILESYSTEM,true,0
5,5419,Filesystem: Payload Swap (Preserved Size/Time),ATTACK,REJECTED,FILESYSTEM,FILESYSTEM,true,0
5,5420,Filesystem: Payload Swap (Preserved Size/Time),ATTACK,REJECTED,FILESYSTEM,FILESYSTEM,true,0
5,5421,Filesystem: Payload Swap (Preserved Size/Time),ATTACK,REJECTED,FILESYSTEM,FILESYSTEM,true,0
5,5422,Filesystem: Payload Swap (Preserved Size/Time),ATTACK,REJECTED,FILESYSTEM,FILESYSTEM,true,0
5,5423,Filesystem: Payload Swap (Preserved Size/Time),ATTACK,REJECTED,FILESYSTEM,FILESYSTEM,true,0
5,5424,Filesystem: Payload Swap (Preserved Size/Time),ATTACK,REJECTED,FILESYSTEM,FILESYSTEM,true,0
5,5425,Filesystem: Payload Swap (Preserved Size/Time),ATTACK,REJECTED,FILESYSTEM,FILESYSTEM,true,0
5,5426,Filesystem: Payload Swap (Preserved Size/Time),ATTACK,REJECTED,FILESYSTEM,FILESYSTEM,true,0
5,5427,Filesystem: Payload Swap (Preserved Size/Time),ATTACK,REJECTED,FILESYSTEM,FILESYSTEM,true,0
5,5428,Filesystem: Payload Swap (Preserved Size/Time),ATTACK,REJECTED,FILESYSTEM,FILESYSTEM,true,0
5,5429,Filesystem: Payload Swap (Preserved Size/Time),ATTACK,REJECTED,FILESYSTEM,FILESYSTEM,true,0
5,5430,Filesystem: Payload Swap (Preserved Size/Time),ATTACK,REJECTED,FILESYSTEM,FILESYSTEM,true,0
5,5431,Filesystem: Payload Swap (Preserved Size/Time),ATTACK,REJECTED,FILESYSTEM,FILESYSTEM,true,0
5,5432,Filesystem: Payload Swap (Preserved Size/Time),ATTACK,REJECTED,FILESYSTEM,FILESYSTEM,true,0
5,5433,Filesystem: Payload Swap (Preserved Size/Time),ATTACK,REJECTED,FILESYSTEM,FILESYSTEM,true,0
5,5434,Filesystem: Payload Swap (Preserved Size/Time),ATTACK,REJECTED,FILESYSTEM,FILESYSTEM,true,0
5,5435,Filesystem: Payload Swap (Preserved Size/Time),ATTACK,REJECTED,FILESYSTEM,FILESYSTEM,true,0
5,5436,Filesystem: Payload Swap (Preserved Size/Time),ATTACK,REJECTED,FILESYSTEM,FILESYSTEM,true,0
5,5437,Filesystem: Payload Swap (Preserved Size/Time),ATTACK,REJECTED,FILESYSTEM,FILESYSTEM,true,0
5,5438,Filesystem: Payload Swap (Preserved Size/Time),ATTACK,REJECTED,FILESYSTEM,FILESYSTEM,true,0
5,5439,Filesystem: Payload Swap (Preserved Size/Time),ATTACK,REJECTED,FILESYSTEM,FILESYSTEM,true,0
5,5440,Filesystem: Payload Swap (Preserved Size/Time),ATTACK,REJECTED,FILESYSTEM,FILESYSTEM,true,0
5,5441,Filesystem: Payload Swap (Preserved Size/Time),ATTACK,REJECTED,FILESYSTEM,FILESYSTEM,true,0
5,5442,Filesystem: Payload Swap (Preserved Size/Time),ATTACK,REJECTED,FILESYSTEM,FILESYSTEM,true,0
5,5443,Filesystem: Payload Swap (Preserved Size/Time),ATTACK,REJECTED,FILESYSTEM,FILESYSTEM,true,0
5,5444,Filesystem: Payload Swap (Preserved Size/Time),ATTACK,REJECTED,FILESYSTEM,FILESYSTEM,true,0
5,5445,Filesystem: Payload Swap (Preserved Size/Time),ATTACK,REJECTED,FILESYSTEM,FILESYSTEM,true,0
5,5446,Filesystem: Payload Swap (Preserved Size/Time),ATTACK,REJECTED,FILESYSTEM,FILESYSTEM,true,0
5,5447,Filesystem: Payload Swap (Preserved Size/Time),ATTACK,REJECTED,FILESYSTEM,FILESYSTEM,true,0
5,5448,Filesystem: Payload Swap (Preserved Size/Time),ATTACK,REJECTED,FILESYSTEM,FILESYSTEM,true,0
5,5449,Filesystem: Payload Swap (Preserved Size/Time),ATTACK,REJECTED,FILESYSTEM,FILESYSTEM,true,0
5,5450,Filesystem: Payload Swap (Preserved Size/Time),ATTACK,REJECTED,FILESYSTEM,FILESYSTEM,true,0
5,5451,Network: Ephemeral UDP/DNS Exfiltration,ATTACK,TRUSTED,,NETWORK,false,0
5,5452,Network: Ephemeral UDP/DNS Exfiltration,ATTACK,TRUSTED,,NETWORK,false,0
5,5453,Network: Ephemeral UDP/DNS Exfiltration,ATTACK,TRUSTED,,NETWORK,false,0
5,5454,Network: Ephemeral UDP/DNS Exfiltration,ATTACK,TRUSTED,,NETWORK,false,0
5,5455,Network: Ephemeral UDP/DNS Exfiltration,ATTACK,TRUSTED,,NETWORK,false,0
5,5456,Network: Ephemeral UDP/DNS Exfiltration,ATTACK,TRUSTED,,NETWORK,false,0
5,5457,Network: Ephemeral UDP/DNS Exfiltration,ATTACK,TRUSTED,,NETWORK,false,0
5,5458,Network: Ephemeral UDP/DNS Exfiltration,ATTACK,TRUSTED,,NETWORK,false,0
5,5459,Network: Ephemeral UDP/DNS Exfiltration,ATTACK,TRUSTED,,NETWORK,false,0
5,5460,Network: Ephemeral UDP/DNS Exfiltration,ATTACK,TRUSTED,,NETWORK,false,0
5,5461,Network: Ephemeral UDP/DNS Exfiltration,ATTACK,TRUSTED,,NETWORK,false,0
5,5462,Network: Ephemeral UDP/DNS Exfiltration,ATTACK,TRUSTED,,NETWORK,false,0
5,5463,Network: Ephemeral UDP/DNS Exfiltration,ATTACK,TRUSTED,,NETWORK,false,0
5,5464,Network: Ephemeral UDP/DNS Exfiltration,ATTACK,TRUSTED,,NETWORK,false,0
5,5465,Network: Ephemeral UDP/DNS Exfiltration,ATTACK,TRUSTED,,NETWORK,false,0
5,5466,Network: Ephemeral UDP/DNS Exfiltration,ATTACK,TRUSTED,,NETWORK,false,0
5,5467,Network: Ephemeral UDP/DNS Exfiltration,ATTACK,TRUSTED,,NETWORK,false,0
5,5468,Network: Ephemeral UDP/DNS Exfiltration,ATTACK,TRUSTED,,NETWORK,false,0
5,5469,Network: Ephemeral UDP/DNS Exfiltration,ATTACK,TRUSTED,,NETWORK,false,0
5,5470,Network: Ephemeral UDP/DNS Exfiltration,ATTACK,TRUSTED,,NETWORK,false,0
5,5471,Network: Ephemeral UDP/DNS Exfiltration,ATTACK,TRUSTED,,NETWORK,false,0
5,5472,Network: Ephemeral UDP/DNS Exfiltration,ATTACK,TRUSTED,,NETWORK,false,0
5,5473,Network: Ephemeral UDP/DNS Exfiltration,ATTACK,TRUSTED,,NETWORK,false,0
5,5474,Network: Ephemeral UDP/DNS Exfiltration,ATTACK,TRUSTED,,NETWORK,false,0
5,5475,Network: Ephemeral UDP/DNS Exfiltration,ATTACK,TRUSTED,,NETWORK,false,0
5,5476,Network: Ephemeral UDP/DNS Exfiltration,ATTACK,TRUSTED,,NETWORK,false,0
5,5477,Network: Ephemeral UDP/DNS Exfiltration,ATTACK,TRUSTED,,NETWORK,false,0
5,5478,Network: Ephemeral UDP/DNS Exfiltration,ATTACK,TRUSTED,,NETWORK,false,0
5,5479,Network: Ephemeral UDP/DNS Exfiltration,ATTACK,TRUSTED,,NETWORK,false,0
5,5480,Network: Ephemeral UDP/DNS Exfiltration,ATTACK,TRUSTED,,NETWORK,false,0
5,5481,Network: Ephemeral UDP/DNS Exfiltration,ATTACK,TRUSTED,,NETWORK,false,0
5,5482,Network: Ephemeral UDP/DNS Exfiltration,ATTACK,TRUSTED,,NETWORK,false,0
5,5483,Network: Ephemeral UDP/DNS Exfiltration,ATTACK,TRUSTED,,NETWORK,false,0
5,5484,Network: Ephemeral UDP/DNS Exfiltration,ATTACK,TRUSTED,,NETWORK,false,0
5,5485,Network: Ephemeral UDP/DNS Exfiltration,ATTACK,TRUSTED,,NETWORK,false,0
5,5486,Network: Ephemeral UDP/DNS Exfiltration,ATTACK,TRUSTED,,NETWORK,false,0
5,5487,Network: Ephemeral UDP/DNS Exfiltration,ATTACK,TRUSTED,,NETWORK,false,0
5,5488,Network: Ephemeral UDP/DNS Exfiltration,ATTACK,TRUSTED,,NETWORK,false,0
5,5489,Network: Ephemeral UDP/DNS Exfiltration,ATTACK,TRUSTED,,NETWORK,false,0
5,5490,Network: Ephemeral UDP/DNS Exfiltration,ATTACK,TRUSTED,,NETWORK,false,0
5,5491,Network: Ephemeral UDP/DNS Exfiltration,ATTACK,TRUSTED,,NETWORK,false,0
5,5492,Network: Ephemeral UDP/DNS Exfiltration,ATTACK,TRUSTED,,NETWORK,false,0
5,5493,Network: Ephemeral UDP/DNS Exfiltration,ATTACK,TRUSTED,,NETWORK,false,0
5,5494,Network: Ephemeral UDP/DNS Exfiltration,ATTACK,TRUSTED,,NETWORK,false,0
5,5495,Network: Ephemeral UDP/DNS Exfiltration,ATTACK,TRUSTED,,NETWORK,false,0
5,5496,Network: Ephemeral UDP/DNS Exfiltration,ATTACK,TRUSTED,,NETWORK,false,1000
5,5497,Network: Ephemeral UDP/DNS Exfiltration,ATTACK,TRUSTED,,NETWORK,false,0
5,5498,Network: Ephemeral UDP/DNS Exfiltration,ATTACK,TRUSTED,,NETWORK,false,0
5,5499,Network: Ephemeral UDP/DNS Exfiltration,ATTACK,TRUSTED,,NETWORK,false,0
5,5500,Network: Ephemeral UDP/DNS Exfiltration,ATTACK,TRUSTED,,NETWORK,false,0
5,5501,Network: Allowed CDN Subdomain Multiplexing,ATTACK,REJECTED,NETWORK,NETWORK,true,0
5,5502,Network: Allowed CDN Subdomain Multiplexing,ATTACK,REJECTED,NETWORK,NETWORK,true,0
5,5503,Network: Allowed CDN Subdomain Multiplexing,ATTACK,REJECTED,NETWORK,NETWORK,true,0
5,5504,Network: Allowed CDN Subdomain Multiplexing,ATTACK,REJECTED,NETWORK,NETWORK,true,0
5,5505,Network: Allowed CDN Subdomain Multiplexing,ATTACK,REJECTED,NETWORK,NETWORK,true,0
5,5506,Network: Allowed CDN Subdomain Multiplexing,ATTACK,REJECTED,NETWORK,NETWORK,true,0
5,5507,Network: Allowed CDN Subdomain Multiplexing,ATTACK,REJECTED,NETWORK,NETWORK,true,0
5,5508,Network: Allowed CDN Subdomain Multiplexing,ATTACK,REJECTED,NETWORK,NETWORK,true,0
5,5509,Network: Allowed CDN Subdomain Multiplexing,ATTACK,REJECTED,NETWORK,NETWORK,true,0
5,5510,Network: Allowed CDN Subdomain Multiplexing,ATTACK,REJECTED,NETWORK,NETWORK,true,0
5,5511,Network: Allowed CDN Subdomain Multiplexing,ATTACK,REJECTED,NETWORK,NETWORK,true,0
5,5512,Network: Allowed CDN Subdomain Multiplexing,ATTACK,REJECTED,NETWORK,NETWORK,true,0
5,5513,Network: Allowed CDN Subdomain Multiplexing,ATTACK,REJECTED,NETWORK,NETWORK,true,0
5,5514,Network: Allowed CDN Subdomain Multiplexing,ATTACK,REJECTED,NETWORK,NETWORK,true,0
5,5515,Network: Allowed CDN Subdomain Multiplexing,ATTACK,REJECTED,NETWORK,NETWORK,true,0
5,5516,Network: Allowed CDN Subdomain Multiplexing,ATTACK,REJECTED,NETWORK,NETWORK,true,0
5,5517,Network: Allowed CDN Subdomain Multiplexing,ATTACK,REJECTED,NETWORK,NETWORK,true,0
5,5518,Network: Allowed CDN Subdomain Multiplexing,ATTACK,REJECTED,NETWORK,NETWORK,true,0
5,5519,Network: Allowed CDN Subdomain Multiplexing,ATTACK,REJECTED,NETWORK,NETWORK,true,0
5,5520,Network: Allowed CDN Subdomain Multiplexing,ATTACK,REJECTED,NETWORK,NETWORK,true,0
5,5521,Network: Allowed CDN Subdomain Multiplexing,ATTACK,REJECTED,NETWORK,NETWORK,true,0
5,5522,Network: Allowed CDN Subdomain Multiplexing,ATTACK,REJECTED,NETWORK,NETWORK,true,0
5,5523,Network: Allowed CDN Subdomain Multiplexing,ATTACK,REJECTED,NETWORK,NETWORK,true,0
5,5524,Network: Allowed CDN Subdomain Multiplexing,ATTACK,REJECTED,NETWORK,NETWORK,true,0
5,5525,Network: Allowed CDN Subdomain Multiplexing,ATTACK,REJECTED,NETWORK,NETWORK,true,0
5,5526,Network: Allowed CDN Subdomain Multiplexing,ATTACK,REJECTED,NETWORK,NETWORK,true,0
5,5527,Network: Allowed CDN Subdomain Multiplexing,ATTACK,REJECTED,NETWORK,NETWORK,true,0
5,5528,Network: Allowed CDN Subdomain Multiplexing,ATTACK,REJECTED,NETWORK,NETWORK,true,0
5,5529,Network: Allowed CDN Subdomain Multiplexing,ATTACK,REJECTED,NETWORK,NETWORK,true,0
5,5530,Network: Allowed CDN Subdomain Multiplexing,ATTACK,REJECTED,NETWORK,NETWORK,true,0
5,5531,Network: Allowed CDN Subdomain Multiplexing,ATTACK,REJECTED,NETWORK,NETWORK,true,0
5,5532,Network: Allowed CDN Subdomain Multiplexing,ATTACK,REJECTED,NETWORK,NETWORK,true,0
5,5533,Network: Allowed CDN Subdomain Multiplexing,ATTACK,REJECTED,NETWORK,NETWORK,true,0
5,5534,Network: Allowed CDN Subdomain Multiplexing,ATTACK,REJECTED,NETWORK,NETWORK,true,0
5,5535,Network: Allowed CDN Subdomain Multiplexing,ATTACK,REJECTED,NETWORK,NETWORK,true,0
5,5536,Network: Allowed CDN Subdomain Multiplexing,ATTACK,REJECTED,NETWORK,NETWORK,true,0
5,5537,Network: Allowed CDN Subdomain Multiplexing,ATTACK,REJECTED,NETWORK,NETWORK,true,0
5,5538,Network: Allowed CDN Subdomain Multiplexing,ATTACK,REJECTED,NETWORK,NETWORK,true,0
5,5539,Network: Allowed CDN Subdomain Multiplexing,ATTACK,REJECTED,NETWORK,NETWORK,true,0
5,5540,Network: Allowed CDN Subdomain Multiplexing,ATTACK,REJECTED,NETWORK,NETWORK,true,0
5,5541,Network: Allowed CDN Subdomain Multiplexing,ATTACK,REJECTED,NETWORK,NETWORK,true,0
5,5542,Network: Allowed CDN Subdomain Multiplexing,ATTACK,REJECTED,NETWORK,NETWORK,true,0
5,5543,Network: Allowed CDN Subdomain Multiplexing,ATTACK,REJECTED,NETWORK,NETWORK,true,0
5,5544,Network: Allowed CDN Subdomain Multiplexing,ATTACK,REJECTED,NETWORK,NETWORK,true,0
5,5545,Network: Allowed CDN Subdomain Multiplexing,ATTACK,REJECTED,NETWORK,NETWORK,true,0
5,5546,Network: Allowed CDN Subdomain Multiplexing,ATTACK,REJECTED,NETWORK,NETWORK,true,0
5,5547,Network: Allowed CDN Subdomain Multiplexing,ATTACK,REJECTED,NETWORK,NETWORK,true,0
5,5548,Network: Allowed CDN Subdomain Multiplexing,ATTACK,REJECTED,NETWORK,NETWORK,true,0
5,5549,Network: Allowed CDN Subdomain Multiplexing,ATTACK,REJECTED,NETWORK,NETWORK,true,0
5,5550,Network: Allowed CDN Subdomain Multiplexing,ATTACK,REJECTED,NETWORK,NETWORK,true,0
5,5551,Artifact: Post-Build Binary Swap,ATTACK,REJECTED,PROVENANCE,PROVENANCE,true,1001
5,5552,Artifact: Post-Build Binary Swap,ATTACK,REJECTED,PROVENANCE,PROVENANCE,true,0
5,5553,Artifact: Post-Build Binary Swap,ATTACK,REJECTED,PROVENANCE,PROVENANCE,true,0
5,5554,Artifact: Post-Build Binary Swap,ATTACK,REJECTED,PROVENANCE,PROVENANCE,true,0
5,5555,Artifact: Post-Build Binary Swap,ATTACK,REJECTED,PROVENANCE,PROVENANCE,true,0
5,5556,Artifact: Post-Build Binary Swap,ATTACK,REJECTED,PROVENANCE,PROVENANCE,true,0
5,5557,Artifact: Post-Build Binary Swap,ATTACK,REJECTED,PROVENANCE,PROVENANCE,true,0
5,5558,Artifact: Post-Build Binary Swap,ATTACK,REJECTED,PROVENANCE,PROVENANCE,true,0
5,5559,Artifact: Post-Build Binary Swap,ATTACK,REJECTED,PROVENANCE,PROVENANCE,true,0
5,5560,Artifact: Post-Build Binary Swap,ATTACK,REJECTED,PROVENANCE,PROVENANCE,true,0
5,5561,Artifact: Post-Build Binary Swap,ATTACK,REJECTED,PROVENANCE,PROVENANCE,true,0
5,5562,Artifact: Post-Build Binary Swap,ATTACK,REJECTED,PROVENANCE,PROVENANCE,true,0
5,5563,Artifact: Post-Build Binary Swap,ATTACK,REJECTED,PROVENANCE,PROVENANCE,true,0
5,5564,Artifact: Post-Build Binary Swap,ATTACK,REJECTED,PROVENANCE,PROVENANCE,true,0
5,5565,Artifact: Post-Build Binary Swap,ATTACK,REJECTED,PROVENANCE,PROVENANCE,true,0
5,5566,Artifact: Post-Build Binary Swap,ATTACK,REJECTED,PROVENANCE,PROVENANCE,true,0
5,5567,Artifact: Post-Build Binary Swap,ATTACK,REJECTED,PROVENANCE,PROVENANCE,true,0
5,5568,Artifact: Post-Build Binary Swap,ATTACK,REJECTED,PROVENANCE,PROVENANCE,true,0
5,5569,Artifact: Post-Build Binary Swap,ATTACK,REJECTED,PROVENANCE,PROVENANCE,true,0
5,5570,Artifact: Post-Build Binary Swap,ATTACK,REJECTED,PROVENANCE,PROVENANCE,true,0
5,5571,Artifact: Post-Build Binary Swap,ATTACK,REJECTED,PROVENANCE,PROVENANCE,true,0
5,5572,Artifact: Post-Build Binary Swap,ATTACK,REJECTED,PROVENANCE,PROVENANCE,true,0
5,5573,Artifact: Post-Build Binary Swap,ATTACK,REJECTED,PROVENANCE,PROVENANCE,true,0
5,5574,Artifact: Post-Build Binary Swap,ATTACK,REJECTED,PROVENANCE,PROVENANCE,true,0
5,5575,Artifact: Post-Build Binary Swap,ATTACK,REJECTED,PROVENANCE,PROVENANCE,true,0
5,5576,Artifact: Post-Build Binary Swap,ATTACK,REJECTED,PROVENANCE,PROVENANCE,true,0
5,5577,Artifact: Post-Build Binary Swap,ATTACK,REJECTED,PROVENANCE,PROVENANCE,true,0
5,5578,Artifact: Post-Build Binary Swap,ATTACK,REJECTED,PROVENANCE,PROVENANCE,true,0
5,5579,Artifact: Post-Build Binary Swap,ATTACK,REJECTED,PROVENANCE,PROVENANCE,true,0
5,5580,Artifact: Post-Build Binary Swap,ATTACK,REJECTED,PROVENANCE,PROVENANCE,true,0
5,5581,Artifact: Post-Build Binary Swap,ATTACK,REJECTED,PROVENANCE,PROVENANCE,true,0
5,5582,Artifact: Post-Build Binary Swap,ATTACK,REJECTED,PROVENANCE,PROVENANCE,true,0
5,5583,Artifact: Post-Build Binary Swap,ATTACK,REJECTED,PROVENANCE,PROVENANCE,true,0
5,5584,Artifact: Post-Build Binary Swap,ATTACK,REJECTED,PROVENANCE,PROVENANCE,true,0
5,5585,Artifact: Post-Build Binary Swap,ATTACK,REJECTED,PROVENANCE,PROVENANCE,true,0
5,5586,Artifact: Post-Build Binary Swap,ATTACK,REJECTED,PROVENANCE,PROVENANCE,true,0
5,5587,Artifact: Post-Build Binary Swap,ATTACK,REJECTED,PROVENANCE,PROVENANCE,true,0
5,5588,Artifact: Post-Build Binary Swap,ATTACK,REJECTED,PROVENANCE,PROVENANCE,true,0
5,5589,Artifact: Post-Build Binary Swap,ATTACK,REJECTED,PROVENANCE,PROVENANCE,true,0
5,5590,Artifact: Post-Build Binary Swap,ATTACK,REJECTED,PROVENANCE,PROVENANCE,true,0
5,5591,Artifact: Post-Build Binary Swap,ATTACK,REJECTED,PROVENANCE,PROVENANCE,true,0
5,5592,Artifact: Post-Build Binary Swap,ATTACK,REJECTED,PROVENANCE,PROVENANCE,true,0
5,5593,Artifact: Post-Build Binary Swap,ATTACK,REJECTED,PROVENANCE,PROVENANCE,true,0
5,5594,Artifact: Post-Build Binary Swap,ATTACK,REJECTED,PROVENANCE,PROVENANCE,true,0
5,5595,Artifact: Post-Build Binary Swap,ATTACK,REJECTED,PROVENANCE,PROVENANCE,true,0
5,5596,Artifact: Post-Build Binary Swap,ATTACK,REJECTED,PROVENANCE,PROVENANCE,true,0
5,5597,Artifact: Post-Build Binary Swap,ATTACK,REJECTED,PROVENANCE,PROVENANCE,true,0
5,5598,Artifact: Post-Build Binary Swap,ATTACK,REJECTED,PROVENANCE,PROVENANCE,true,0
5,5599,Artifact: Post-Build Binary Swap,ATTACK,REJECTED,PROVENANCE,PROVENANCE,true,0
5,5600,Artifact: Post-Build Binary Swap,ATTACK,REJECTED,PROVENANCE,PROVENANCE,true,0
5,5601,Artifact: Appended Trailing Overlay Payload,ATTACK,REJECTED,PROVENANCE,PROVENANCE,true,0
5,5602,Artifact: Appended Trailing Overlay Payload,ATTACK,REJECTED,PROVENANCE,PROVENANCE,true,0
5,5603,Artifact: Appended Trailing Overlay Payload,ATTACK,REJECTED,PROVENANCE,PROVENANCE,true,0
5,5604,Artifact: Appended Trailing Overlay Payload,ATTACK,REJECTED,PROVENANCE,PROVENANCE,true,0
5,5605,Artifact: Appended Trailing Overlay Payload,ATTACK,REJECTED,PROVENANCE,PROVENANCE,true,0
5,5606,Artifact: Appended Trailing Overlay Payload,ATTACK,REJECTED,PROVENANCE,PROVENANCE,true,0
5,5607,Artifact: Appended Trailing Overlay Payload,ATTACK,REJECTED,PROVENANCE,PROVENANCE,true,0
5,5608,Artifact: Appended Trailing Overlay Payload,ATTACK,REJECTED,PROVENANCE,PROVENANCE,true,0
5,5609,Artifact: Appended Trailing Overlay Payload,ATTACK,REJECTED,PROVENANCE,PROVENANCE,true,0
5,5610,Artifact: Appended Trailing Overlay Payload,ATTACK,REJECTED,PROVENANCE,PROVENANCE,true,0
5,5611,Artifact: Appended Trailing Overlay Payload,ATTACK,REJECTED,PROVENANCE,PROVENANCE,true,0
5,5612,Artifact: Appended Trailing Overlay Payload,ATTACK,REJECTED,PROVENANCE,PROVENANCE,true,0
5,5613,Artifact: Appended Trailing Overlay Payload,ATTACK,REJECTED,PROVENANCE,PROVENANCE,true,0
5,5614,Artifact: Appended Trailing Overlay Payload,ATTACK,REJECTED,PROVENANCE,PROVENANCE,true,0
5,5615,Artifact: Appended Trailing Overlay Payload,ATTACK,REJECTED,PROVENANCE,PROVENANCE,true,0
5,5616,Artifact: Appended Trailing Overlay Payload,ATTACK,REJECTED,PROVENANCE,PROVENANCE,true,0
5,5617,Artifact: Appended Trailing Overlay Payload,ATTACK,REJECTED,PROVENANCE,PROVENANCE,true,0
5,5618,Artifact: Appended Trailing Overlay Payload,ATTACK,REJECTED,PROVENANCE,PROVENANCE,true,0
5,5619,Artifact: Appended Trailing Overlay Payload,ATTACK,REJECTED,PROVENANCE,PROVENANCE,true,0
5,5620,Artifact: Appended Trailing Overlay Payload,ATTACK,REJECTED,PROVENANCE,PROVENANCE,true,0
5,5621,Artifact: Appended Trailing Overlay Payload,ATTACK,REJECTED,PROVENANCE,PROVENANCE,true,0
5,5622,Artifact: Appended Trailing Overlay Payload,ATTACK,REJECTED,PROVENANCE,PROVENANCE,true,0
5,5623,Artifact: Appended Trailing Overlay Payload,ATTACK,REJECTED,PROVENANCE,PROVENANCE,true,0
5,5624,Artifact: Appended Trailing Overlay Payload,ATTACK,REJECTED,PROVENANCE,PROVENANCE,true,0
5,5625,Artifact: Appended Trailing Overlay Payload,ATTACK,REJECTED,PROVENANCE,PROVENANCE,true,0
5,5626,Artifact: Appended Trailing Overlay Payload,ATTACK,REJECTED,PROVENANCE,PROVENANCE,true,0
5,5627,Artifact: Appended Trailing Overlay Payload,ATTACK,REJECTED,PROVENANCE,PROVENANCE,true,0
5,5628,Artifact: Appended Trailing Overlay Payload,ATTACK,REJECTED,PROVENANCE,PROVENANCE,true,0
5,5629,Artifact: Appended Trailing Overlay Payload,ATTACK,REJECTED,PROVENANCE,PROVENANCE,true,0
5,5630,Artifact: Appended Trailing Overlay Payload,ATTACK,REJECTED,PROVENANCE,PROVENANCE,true,0
5,5631,Artifact: Appended Trailing Overlay Payload,ATTACK,REJECTED,PROVENANCE,PROVENANCE,true,0
5,5632,Artifact: Appended Trailing Overlay Payload,ATTACK,REJECTED,PROVENANCE,PROVENANCE,true,998
5,5633,Artifact: Appended Trailing Overlay Payload,ATTACK,REJECTED,PROVENANCE,PROVENANCE,true,0
5,5634,Artifact: Appended Trailing Overlay Payload,ATTACK,REJECTED,PROVENANCE,PROVENANCE,true,0
5,5635,Artifact: Appended Trailing Overlay Payload,ATTACK,REJECTED,PROVENANCE,PROVENANCE,true,0
5,5636,Artifact: Appended Trailing Overlay Payload,ATTACK,REJECTED,PROVENANCE,PROVENANCE,true,0
5,5637,Artifact: Appended Trailing Overlay Payload,ATTACK,REJECTED,PROVENANCE,PROVENANCE,true,0
5,5638,Artifact: Appended Trailing Overlay Payload,ATTACK,REJECTED,PROVENANCE,PROVENANCE,true,0
5,5639,Artifact: Appended Trailing Overlay Payload,ATTACK,REJECTED,PROVENANCE,PROVENANCE,true,0
5,5640,Artifact: Appended Trailing Overlay Payload,ATTACK,REJECTED,PROVENANCE,PROVENANCE,true,0
5,5641,Artifact: Appended Trailing Overlay Payload,ATTACK,REJECTED,PROVENANCE,PROVENANCE,true,0
5,5642,Artifact: Appended Trailing Overlay Payload,ATTACK,REJECTED,PROVENANCE,PROVENANCE,true,0
5,5643,Artifact: Appended Trailing Overlay Payload,ATTACK,REJECTED,PROVENANCE,PROVENANCE,true,0
5,5644,Artifact: Appended Trailing Overlay Payload,ATTACK,REJECTED,PROVENANCE,PROVENANCE,true,0
5,5645,Artifact: Appended Trailing Overlay Payload,ATTACK,REJECTED,PROVENANCE,PROVENANCE,true,0
5,5646,Artifact: Appended Trailing Overlay Payload,ATTACK,REJECTED,PROVENANCE,PROVENANCE,true,0
5,5647,Artifact: Appended Trailing Overlay Payload,ATTACK,REJECTED,PROVENANCE,PROVENANCE,true,0
5,5648,Artifact: Appended Trailing Overlay Payload,ATTACK,REJECTED,PROVENANCE,PROVENANCE,true,0
5,5649,Artifact: Appended Trailing Overlay Payload,ATTACK,REJECTED,PROVENANCE,PROVENANCE,true,0
5,5650,Artifact: Appended Trailing Overlay Payload,ATTACK,REJECTED,PROVENANCE,PROVENANCE,true,0
5,5651,SBOM: Stealth Transitive Component Omission,ATTACK,REJECTED,SBOM,SBOM,true,0
5,5652,SBOM: Stealth Transitive Component Omission,ATTACK,REJECTED,SBOM,SBOM,true,0
5,5653,SBOM: Stealth Transitive Component Omission,ATTACK,REJECTED,SBOM,SBOM,true,0
5,5654,SBOM: Stealth Transitive Component Omission,ATTACK,REJECTED,SBOM,SBOM,true,0
5,5655,SBOM: Stealth Transitive Component Omission,ATTACK,REJECTED,SBOM,SBOM,true,0
5,5656,SBOM: Stealth Transitive Component Omission,ATTACK,REJECTED,SBOM,SBOM,true,0
5,5657,SBOM: Stealth Transitive Component Omission,ATTACK,REJECTED,SBOM,SBOM,true,0
5,5658,SBOM: Stealth Transitive Component Omission,ATTACK,REJECTED,SBOM,SBOM,true,0
5,5659,SBOM: Stealth Transitive Component Omission,ATTACK,REJECTED,SBOM,SBOM,true,0
5,5660,SBOM: Stealth Transitive Component Omission,ATTACK,REJECTED,SBOM,SBOM,true,0
5,5661,SBOM: Stealth Transitive Component Omission,ATTACK,REJECTED,SBOM,SBOM,true,0
5,5662,SBOM: Stealth Transitive Component Omission,ATTACK,REJECTED,SBOM,SBOM,true,0
5,5663,SBOM: Stealth Transitive Component Omission,ATTACK,REJECTED,SBOM,SBOM,true,0
5,5664,SBOM: Stealth Transitive Component Omission,ATTACK,REJECTED,SBOM,SBOM,true,0
5,5665,SBOM: Stealth Transitive Component Omission,ATTACK,REJECTED,SBOM,SBOM,true,0
5,5666,SBOM: Stealth Transitive Component Omission,ATTACK,REJECTED,SBOM,SBOM,true,0
5,5667,SBOM: Stealth Transitive Component Omission,ATTACK,REJECTED,SBOM,SBOM,true,0
5,5668,SBOM: Stealth Transitive Component Omission,ATTACK,REJECTED,SBOM,SBOM,true,0
5,5669,SBOM: Stealth Transitive Component Omission,ATTACK,REJECTED,SBOM,SBOM,true,0
5,5670,SBOM: Stealth Transitive Component Omission,ATTACK,REJECTED,SBOM,SBOM,true,0
5,5671,SBOM: Stealth Transitive Component Omission,ATTACK,REJECTED,SBOM,SBOM,true,0
5,5672,SBOM: Stealth Transitive Component Omission,ATTACK,REJECTED,SBOM,SBOM,true,0
5,5673,SBOM: Stealth Transitive Component Omission,ATTACK,REJECTED,SBOM,SBOM,true,0
5,5674,SBOM: Stealth Transitive Component Omission,ATTACK,REJECTED,SBOM,SBOM,true,0
5,5675,SBOM: Stealth Transitive Component Omission,ATTACK,REJECTED,SBOM,SBOM,true,0
5,5676,SBOM: Stealth Transitive Component Omission,ATTACK,REJECTED,SBOM,SBOM,true,0
5,5677,SBOM: Stealth Transitive Component Omission,ATTACK,REJECTED,SBOM,SBOM,true,0
5,5678,SBOM: Stealth Transitive Component Omission,ATTACK,REJECTED,SBOM,SBOM,true,0
5,5679,SBOM: Stealth Transitive Component Omission,ATTACK,REJECTED,SBOM,SBOM,true,0
5,5680,SBOM: Stealth Transitive Component Omission,ATTACK,REJECTED,SBOM,SBOM,true,0
5,5681,SBOM: Stealth Transitive Component Omission,ATTACK,REJECTED,SBOM,SBOM,true,0
5,5682,SBOM: Stealth Transitive Component Omission,ATTACK,REJECTED,SBOM,SBOM,true,0
5,5683,SBOM: Stealth Transitive Component Omission,ATTACK,REJECTED,SBOM,SBOM,true,0
5,5684,SBOM: Stealth Transitive Component Omission,ATTACK,REJECTED,SBOM,SBOM,true,0
5,5685,SBOM: Stealth Transitive Component Omission,ATTACK,REJECTED,SBOM,SBOM,true,0
5,5686,SBOM: Stealth Transitive Component Omission,ATTACK,REJECTED,SBOM,SBOM,true,0
5,5687,SBOM: Stealth Transitive Component Omission,ATTACK,REJECTED,SBOM,SBOM,true,0
5,5688,SBOM: Stealth Transitive Component Omission,ATTACK,REJECTED,SBOM,SBOM,true,0
5,5689,SBOM: Stealth Transitive Component Omission,ATTACK,REJECTED,SBOM,SBOM,true,0
5,5690,SBOM: Stealth Transitive Component Omission,ATTACK,REJECTED,SBOM,SBOM,true,0
5,5691,SBOM: Stealth Transitive Component Omission,ATTACK,REJECTED,SBOM,SBOM,true,0
5,5692,SBOM: Stealth Transitive Component Omission,ATTACK,REJECTED,SBOM,SBOM,true,0
5,5693,SBOM: Stealth Transitive Component Omission,ATTACK,REJECTED,SBOM,SBOM,true,0
5,5694,SBOM: Stealth Transitive Component Omission,ATTACK,REJECTED,SBOM,SBOM,true,0
5,5695,SBOM: Stealth Transitive Component Omission,ATTACK,REJECTED,SBOM,SBOM,true,0
5,5696,SBOM: Stealth Transitive Component Omission,ATTACK,REJECTED,SBOM,SBOM,true,0
5,5697,SBOM: Stealth Transitive Component Omission,ATTACK,REJECTED,SBOM,SBOM,true,0
5,5698,SBOM: Stealth Transitive Component Omission,ATTACK,REJECTED,SBOM,SBOM,true,0
5,5699,SBOM: Stealth Transitive Component Omission,ATTACK,REJECTED,SBOM,SBOM,true,0
5,5700,SBOM: Stealth Transitive Component Omission,ATTACK,REJECTED,SBOM,SBOM,true,1368
5,5701,Provenance: Stale Attestation Replay Attack,ATTACK,REJECTED,PROVENANCE,PROVENANCE,true,0
5,5702,Provenance: Stale Attestation Replay Attack,ATTACK,REJECTED,PROVENANCE,PROVENANCE,true,0
5,5703,Provenance: Stale Attestation Replay Attack,ATTACK,REJECTED,PROVENANCE,PROVENANCE,true,0
5,5704,Provenance: Stale Attestation Replay Attack,ATTACK,REJECTED,PROVENANCE,PROVENANCE,true,0
5,5705,Provenance: Stale Attestation Replay Attack,ATTACK,REJECTED,PROVENANCE,PROVENANCE,true,0
5,5706,Provenance: Stale Attestation Replay Attack,ATTACK,REJECTED,PROVENANCE,PROVENANCE,true,0
5,5707,Provenance: Stale Attestation Replay Attack,ATTACK,REJECTED,PROVENANCE,PROVENANCE,true,0
5,5708,Provenance: Stale Attestation Replay Attack,ATTACK,REJECTED,PROVENANCE,PROVENANCE,true,0
5,5709,Provenance: Stale Attestation Replay Attack,ATTACK,REJECTED,PROVENANCE,PROVENANCE,true,0
5,5710,Provenance: Stale Attestation Replay Attack,ATTACK,REJECTED,PROVENANCE,PROVENANCE,true,0
5,5711,Provenance: Stale Attestation Replay Attack,ATTACK,REJECTED,PROVENANCE,PROVENANCE,true,0
5,5712,Provenance: Stale Attestation Replay Attack,ATTACK,REJECTED,PROVENANCE,PROVENANCE,true,0
5,5713,Provenance: Stale Attestation Replay Attack,ATTACK,REJECTED,PROVENANCE,PROVENANCE,true,0
5,5714,Provenance: Stale Attestation Replay Attack,ATTACK,REJECTED,PROVENANCE,PROVENANCE,true,0
5,5715,Provenance: Stale Attestation Replay Attack,ATTACK,REJECTED,PROVENANCE,PROVENANCE,true,0
5,5716,Provenance: Stale Attestation Replay Attack,ATTACK,REJECTED,PROVENANCE,PROVENANCE,true,0
5,5717,Provenance: Stale Attestation Replay Attack,ATTACK,REJECTED,PROVENANCE,PROVENANCE,true,0
5,5718,Provenance: Stale Attestation Replay Attack,ATTACK,REJECTED,PROVENANCE,PROVENANCE,true,0
5,5719,Provenance: Stale Attestation Replay Attack,ATTACK,REJECTED,PROVENANCE,PROVENANCE,true,0
5,5720,Provenance: Stale Attestation Replay Attack,ATTACK,REJECTED,PROVENANCE,PROVENANCE,true,0
5,5721,Provenance: Stale Attestation Replay Attack,ATTACK,REJECTED,PROVENANCE,PROVENANCE,true,0
5,5722,Provenance: Stale Attestation Replay Attack,ATTACK,REJECTED,PROVENANCE,PROVENANCE,true,0
5,5723,Provenance: Stale Attestation Replay Attack,ATTACK,REJECTED,PROVENANCE,PROVENANCE,true,0
5,5724,Provenance: Stale Attestation Replay Attack,ATTACK,REJECTED,PROVENANCE,PROVENANCE,true,0
5,5725,Provenance: Stale Attestation Replay Attack,ATTACK,REJECTED,PROVENANCE,PROVENANCE,true,0
5,5726,Provenance: Stale Attestation Replay Attack,ATTACK,REJECTED,PROVENANCE,PROVENANCE,true,0
5,5727,Provenance: Stale Attestation Replay Attack,ATTACK,REJECTED,PROVENANCE,PROVENANCE,true,0
5,5728,Provenance: Stale Attestation Replay Attack,ATTACK,REJECTED,PROVENANCE,PROVENANCE,true,0
5,5729,Provenance: Stale Attestation Replay Attack,ATTACK,REJECTED,PROVENANCE,PROVENANCE,true,0
5,5730,Provenance: Stale Attestation Replay Attack,ATTACK,REJECTED,PROVENANCE,PROVENANCE,true,0
5,5731,Provenance: Stale Attestation Replay Attack,ATTACK,REJECTED,PROVENANCE,PROVENANCE,true,0
5,5732,Provenance: Stale Attestation Replay Attack,ATTACK,REJECTED,PROVENANCE,PROVENANCE,true,0
5,5733,Provenance: Stale Attestation Replay Attack,ATTACK,REJECTED,PROVENANCE,PROVENANCE,true,0
5,5734,Provenance: Stale Attestation Replay Attack,ATTACK,REJECTED,PROVENANCE,PROVENANCE,true,0
5,5735,Provenance: Stale Attestation Replay Attack,ATTACK,REJECTED,PROVENANCE,PROVENANCE,true,0
5,5736,Provenance: Stale Attestation Replay Attack,ATTACK,REJECTED,PROVENANCE,PROVENANCE,true,0
5,5737,Provenance: Stale Attestation Replay Attack,ATTACK,REJECTED,PROVENANCE,PROVENANCE,true,0
5,5738,Provenance: Stale Attestation Replay Attack,ATTACK,REJECTED,PROVENANCE,PROVENANCE,true,522
5,5739,Provenance: Stale Attestation Replay Attack,ATTACK,REJECTED,PROVENANCE,PROVENANCE,true,0
5,5740,Provenance: Stale Attestation Replay Attack,ATTACK,REJECTED,PROVENANCE,PROVENANCE,true,0
5,5741,Provenance: Stale Attestation Replay Attack,ATTACK,REJECTED,PROVENANCE,PROVENANCE,true,0
5,5742,Provenance: Stale Attestation Replay Attack,ATTACK,REJECTED,PROVENANCE,PROVENANCE,true,0
5,5743,Provenance: Stale Attestation Replay Attack,ATTACK,REJECTED,PROVENANCE,PROVENANCE,true,0
5,5744,Provenance: Stale Attestation Replay Attack,ATTACK,REJECTED,PROVENANCE,PROVENANCE,true,0
5,5745,Provenance: Stale Attestation Replay Attack,ATTACK,REJECTED,PROVENANCE,PROVENANCE,true,0
5,5746,Provenance: Stale Attestation Replay Attack,ATTACK,REJECTED,PROVENANCE,PROVENANCE,true,0
5,5747,Provenance: Stale Attestation Replay Attack,ATTACK,REJECTED,PROVENANCE,PROVENANCE,true,0
5,5748,Provenance: Stale Attestation Replay Attack,ATTACK,REJECTED,PROVENANCE,PROVENANCE,true,0
5,5749,Provenance: Stale Attestation Replay Attack,ATTACK,REJECTED,PROVENANCE,PROVENANCE,true,0
5,5750,Provenance: Stale Attestation Replay Attack,ATTACK,REJECTED,PROVENANCE,PROVENANCE,true,0
5,5751,Provenance: Intermediate Digest Masking,ATTACK,REJECTED,PROVENANCE,PROVENANCE,true,0
5,5752,Provenance: Intermediate Digest Masking,ATTACK,REJECTED,PROVENANCE,PROVENANCE,true,0
5,5753,Provenance: Intermediate Digest Masking,ATTACK,REJECTED,PROVENANCE,PROVENANCE,true,0
5,5754,Provenance: Intermediate Digest Masking,ATTACK,REJECTED,PROVENANCE,PROVENANCE,true,0
5,5755,Provenance: Intermediate Digest Masking,ATTACK,REJECTED,PROVENANCE,PROVENANCE,true,0
5,5756,Provenance: Intermediate Digest Masking,ATTACK,REJECTED,PROVENANCE,PROVENANCE,true,0
5,5757,Provenance: Intermediate Digest Masking,ATTACK,REJECTED,PROVENANCE,PROVENANCE,true,0
5,5758,Provenance: Intermediate Digest Masking,ATTACK,REJECTED,PROVENANCE,PROVENANCE,true,0
5,5759,Provenance: Intermediate Digest Masking,ATTACK,REJECTED,PROVENANCE,PROVENANCE,true,0
5,5760,Provenance: Intermediate Digest Masking,ATTACK,REJECTED,PROVENANCE,PROVENANCE,true,0
5,5761,Provenance: Intermediate Digest Masking,ATTACK,REJECTED,PROVENANCE,PROVENANCE,true,0
5,5762,Provenance: Intermediate Digest Masking,ATTACK,REJECTED,PROVENANCE,PROVENANCE,true,0
5,5763,Provenance: Intermediate Digest Masking,ATTACK,REJECTED,PROVENANCE,PROVENANCE,true,0
5,5764,Provenance: Intermediate Digest Masking,ATTACK,REJECTED,PROVENANCE,PROVENANCE,true,0
5,5765,Provenance: Intermediate Digest Masking,ATTACK,REJECTED,PROVENANCE,PROVENANCE,true,0
5,5766,Provenance: Intermediate Digest Masking,ATTACK,REJECTED,PROVENANCE,PROVENANCE,true,0
5,5767,Provenance: Intermediate Digest Masking,ATTACK,REJECTED,PROVENANCE,PROVENANCE,true,0
5,5768,Provenance: Intermediate Digest Masking,ATTACK,REJECTED,PROVENANCE,PROVENANCE,true,0
5,5769,Provenance: Intermediate Digest Masking,ATTACK,REJECTED,PROVENANCE,PROVENANCE,true,0
5,5770,Provenance: Intermediate Digest Masking,ATTACK,REJECTED,PROVENANCE,PROVENANCE,true,0
5,5771,Provenance: Intermediate Digest Masking,ATTACK,REJECTED,PROVENANCE,PROVENANCE,true,0
5,5772,Provenance: Intermediate Digest Masking,ATTACK,REJECTED,PROVENANCE,PROVENANCE,true,0
5,5773,Provenance: Intermediate Digest Masking,ATTACK,REJECTED,PROVENANCE,PROVENANCE,true,0
5,5774,Provenance: Intermediate Digest Masking,ATTACK,REJECTED,PROVENANCE,PROVENANCE,true,0
5,5775,Provenance: Intermediate Digest Masking,ATTACK,REJECTED,PROVENANCE,PROVENANCE,true,0
5,5776,Provenance: Intermediate Digest Masking,ATTACK,REJECTED,PROVENANCE,PROVENANCE,true,0
5,5777,Provenance: Intermediate Digest Masking,ATTACK,REJECTED,PROVENANCE,PROVENANCE,true,0
5,5778,Provenance: Intermediate Digest Masking,ATTACK,REJECTED,PROVENANCE,PROVENANCE,true,0
5,5779,Provenance: Intermediate Digest Masking,ATTACK,REJECTED,PROVENANCE,PROVENANCE,true,0
5,5780,Provenance: Intermediate Digest Masking,ATTACK,REJECTED,PROVENANCE,PROVENANCE,true,0
5,5781,Provenance: Intermediate Digest Masking,ATTACK,REJECTED,PROVENANCE,PROVENANCE,true,0
5,5782,Provenance: Intermediate Digest Masking,ATTACK,REJECTED,PROVENANCE,PROVENANCE,true,0
5,5783,Provenance: Intermediate Digest Masking,ATTACK,REJECTED,PROVENANCE,PROVENANCE,true,0
5,5784,Provenance: Intermediate Digest Masking,ATTACK,REJECTED,PROVENANCE,PROVENANCE,true,0
5,5785,Provenance: Intermediate Digest Masking,ATTACK,REJECTED,PROVENANCE,PROVENANCE,true,0
5,5786,Provenance: Intermediate Digest Masking,ATTACK,REJECTED,PROVENANCE,PROVENANCE,true,0
5,5787,Provenance: Intermediate Digest Masking,ATTACK,REJECTED,PROVENANCE,PROVENANCE,true,0
5,5788,Provenance: Intermediate Digest Masking,ATTACK,REJECTED,PROVENANCE,PROVENANCE,true,0
5,5789,Provenance: Intermediate Digest Masking,ATTACK,REJECTED,PROVENANCE,PROVENANCE,true,0
5,5790,Provenance: Intermediate Digest Masking,ATTACK,REJECTED,PROVENANCE,PROVENANCE,true,0
5,5791,Provenance: Intermediate Digest Masking,ATTACK,REJECTED,PROVENANCE,PROVENANCE,true,0
5,5792,Provenance: Intermediate Digest Masking,ATTACK,REJECTED,PROVENANCE,PROVENANCE,true,0
5,5793,Provenance: Intermediate Digest Masking,ATTACK,REJECTED,PROVENANCE,PROVENANCE,true,0
5,5794,Provenance: Intermediate Digest Masking,ATTACK,REJECTED,PROVENANCE,PROVENANCE,true,0
5,5795,Provenance: Intermediate Digest Masking,ATTACK,REJECTED,PROVENANCE,PROVENANCE,true,0
5,5796,Provenance: Intermediate Digest Masking,ATTACK,REJECTED,PROVENANCE,PROVENANCE,true,0
5,5797,Provenance: Intermediate Digest Masking,ATTACK,REJECTED,PROVENANCE,PROVENANCE,true,0
5,5798,Provenance: Intermediate Digest Masking,ATTACK,REJECTED,PROVENANCE,PROVENANCE,true,0
5,5799,Provenance: Intermediate Digest Masking,ATTACK,REJECTED,PROVENANCE,PROVENANCE,true,0
5,5800,Provenance: Intermediate Digest Masking,ATTACK,REJECTED,PROVENANCE,PROVENANCE,true,0
5,5801,Signature: Foreign Key from Untrusted Store,ATTACK,REJECTED,SIGNATURE,SIGNATURE,true,0
5,5802,Signature: Foreign Key from Untrusted Store,ATTACK,REJECTED,SIGNATURE,SIGNATURE,true,0
5,5803,Signature: Foreign Key from Untrusted Store,ATTACK,REJECTED,SIGNATURE,SIGNATURE,true,0
5,5804,Signature: Foreign Key from Untrusted Store,ATTACK,REJECTED,SIGNATURE,SIGNATURE,true,0
5,5805,Signature: Foreign Key from Untrusted Store,ATTACK,REJECTED,SIGNATURE,SIGNATURE,true,0
5,5806,Signature: Foreign Key from Untrusted Store,ATTACK,REJECTED,SIGNATURE,SIGNATURE,true,0
5,5807,Signature: Foreign Key from Untrusted Store,ATTACK,REJECTED,SIGNATURE,SIGNATURE,true,0
5,5808,Signature: Foreign Key from Untrusted Store,ATTACK,REJECTED,SIGNATURE,SIGNATURE,true,0
5,5809,Signature: Foreign Key from Untrusted Store,ATTACK,REJECTED,SIGNATURE,SIGNATURE,true,0
5,5810,Signature: Foreign Key from Untrusted Store,ATTACK,REJECTED,SIGNATURE,SIGNATURE,true,0
5,5811,Signature: Foreign Key from Untrusted Store,ATTACK,REJECTED,SIGNATURE,SIGNATURE,true,0
5,5812,Signature: Foreign Key from Untrusted Store,ATTACK,REJECTED,SIGNATURE,SIGNATURE,true,0
5,5813,Signature: Foreign Key from Untrusted Store,ATTACK,REJECTED,SIGNATURE,SIGNATURE,true,0
5,5814,Signature: Foreign Key from Untrusted Store,ATTACK,REJECTED,SIGNATURE,SIGNATURE,true,0
5,5815,Signature: Foreign Key from Untrusted Store,ATTACK,REJECTED,SIGNATURE,SIGNATURE,true,0
5,5816,Signature: Foreign Key from Untrusted Store,ATTACK,REJECTED,SIGNATURE,SIGNATURE,true,0
5,5817,Signature: Foreign Key from Untrusted Store,ATTACK,REJECTED,SIGNATURE,SIGNATURE,true,0
5,5818,Signature: Foreign Key from Untrusted Store,ATTACK,REJECTED,SIGNATURE,SIGNATURE,true,0
5,5819,Signature: Foreign Key from Untrusted Store,ATTACK,REJECTED,SIGNATURE,SIGNATURE,true,0
5,5820,Signature: Foreign Key from Untrusted Store,ATTACK,REJECTED,SIGNATURE,SIGNATURE,true,0
5,5821,Signature: Foreign Key from Untrusted Store,ATTACK,REJECTED,SIGNATURE,SIGNATURE,true,0
5,5822,Signature: Foreign Key from Untrusted Store,ATTACK,REJECTED,SIGNATURE,SIGNATURE,true,0
5,5823,Signature: Foreign Key from Untrusted Store,ATTACK,REJECTED,SIGNATURE,SIGNATURE,true,0
5,5824,Signature: Foreign Key from Untrusted Store,ATTACK,REJECTED,SIGNATURE,SIGNATURE,true,0
5,5825,Signature: Foreign Key from Untrusted Store,ATTACK,REJECTED,SIGNATURE,SIGNATURE,true,0
5,5826,Signature: Foreign Key from Untrusted Store,ATTACK,REJECTED,SIGNATURE,SIGNATURE,true,0
5,5827,Signature: Foreign Key from Untrusted Store,ATTACK,REJECTED,SIGNATURE,SIGNATURE,true,0
5,5828,Signature: Foreign Key from Untrusted Store,ATTACK,REJECTED,SIGNATURE,SIGNATURE,true,0
5,5829,Signature: Foreign Key from Untrusted Store,ATTACK,REJECTED,SIGNATURE,SIGNATURE,true,0
5,5830,Signature: Foreign Key from Untrusted Store,ATTACK,REJECTED,SIGNATURE,SIGNATURE,true,0
5,5831,Signature: Foreign Key from Untrusted Store,ATTACK,REJECTED,SIGNATURE,SIGNATURE,true,0
5,5832,Signature: Foreign Key from Untrusted Store,ATTACK,REJECTED,SIGNATURE,SIGNATURE,true,0
5,5833,Signature: Foreign Key from Untrusted Store,ATTACK,REJECTED,SIGNATURE,SIGNATURE,true,0
5,5834,Signature: Foreign Key from Untrusted Store,ATTACK,REJECTED,SIGNATURE,SIGNATURE,true,0
5,5835,Signature: Foreign Key from Untrusted Store,ATTACK,REJECTED,SIGNATURE,SIGNATURE,true,0
5,5836,Signature: Foreign Key from Untrusted Store,ATTACK,REJECTED,SIGNATURE,SIGNATURE,true,0
5,5837,Signature: Foreign Key from Untrusted Store,ATTACK,REJECTED,SIGNATURE,SIGNATURE,true,0
5,5838,Signature: Foreign Key from Untrusted Store,ATTACK,REJECTED,SIGNATURE,SIGNATURE,true,0
5,5839,Signature: Foreign Key from Untrusted Store,ATTACK,REJECTED,SIGNATURE,SIGNATURE,true,0
5,5840,Signature: Foreign Key from Untrusted Store,ATTACK,REJECTED,SIGNATURE,SIGNATURE,true,0
5,5841,Signature: Foreign Key from Untrusted Store,ATTACK,REJECTED,SIGNATURE,SIGNATURE,true,0
5,5842,Signature: Foreign Key from Untrusted Store,ATTACK,REJECTED,SIGNATURE,SIGNATURE,true,0
5,5843,Signature: Foreign Key from Untrusted Store,ATTACK,REJECTED,SIGNATURE,SIGNATURE,true,0
5,5844,Signature: Foreign Key from Untrusted Store,ATTACK,REJECTED,SIGNATURE,SIGNATURE,true,0
5,5845,Signature: Foreign Key from Untrusted Store,ATTACK,REJECTED,SIGNATURE,SIGNATURE,true,0
5,5846,Signature: Foreign Key from Untrusted Store,ATTACK,REJECTED,SIGNATURE,SIGNATURE,true,0
5,5847,Signature: Foreign Key from Untrusted Store,ATTACK,REJECTED,SIGNATURE,SIGNATURE,true,0
5,5848,Signature: Foreign Key from Untrusted Store,ATTACK,REJECTED,SIGNATURE,SIGNATURE,true,0
5,5849,Signature: Foreign Key from Untrusted Store,ATTACK,REJECTED,SIGNATURE,SIGNATURE,true,0
5,5850,Signature: Foreign Key from Untrusted Store,ATTACK,REJECTED,SIGNATURE,SIGNATURE,true,0
5,5851,Temporal: Impossible Causality Inversion,ATTACK,REJECTED,PROVENANCE,PROVENANCE,true,0
5,5852,Temporal: Impossible Causality Inversion,ATTACK,REJECTED,PROVENANCE,PROVENANCE,true,0
5,5853,Temporal: Impossible Causality Inversion,ATTACK,REJECTED,PROVENANCE,PROVENANCE,true,0
5,5854,Temporal: Impossible Causality Inversion,ATTACK,REJECTED,PROVENANCE,PROVENANCE,true,0
5,5855,Temporal: Impossible Causality Inversion,ATTACK,REJECTED,PROVENANCE,PROVENANCE,true,0
5,5856,Temporal: Impossible Causality Inversion,ATTACK,REJECTED,PROVENANCE,PROVENANCE,true,0
5,5857,Temporal: Impossible Causality Inversion,ATTACK,REJECTED,PROVENANCE,PROVENANCE,true,0
5,5858,Temporal: Impossible Causality Inversion,ATTACK,REJECTED,PROVENANCE,PROVENANCE,true,0
5,5859,Temporal: Impossible Causality Inversion,ATTACK,REJECTED,PROVENANCE,PROVENANCE,true,0
5,5860,Temporal: Impossible Causality Inversion,ATTACK,REJECTED,PROVENANCE,PROVENANCE,true,0
5,5861,Temporal: Impossible Causality Inversion,ATTACK,REJECTED,PROVENANCE,PROVENANCE,true,0
5,5862,Temporal: Impossible Causality Inversion,ATTACK,REJECTED,PROVENANCE,PROVENANCE,true,0
5,5863,Temporal: Impossible Causality Inversion,ATTACK,REJECTED,PROVENANCE,PROVENANCE,true,0
5,5864,Temporal: Impossible Causality Inversion,ATTACK,REJECTED,PROVENANCE,PROVENANCE,true,0
5,5865,Temporal: Impossible Causality Inversion,ATTACK,REJECTED,PROVENANCE,PROVENANCE,true,0
5,5866,Temporal: Impossible Causality Inversion,ATTACK,REJECTED,PROVENANCE,PROVENANCE,true,0
5,5867,Temporal: Impossible Causality Inversion,ATTACK,REJECTED,PROVENANCE,PROVENANCE,true,0
5,5868,Temporal: Impossible Causality Inversion,ATTACK,REJECTED,PROVENANCE,PROVENANCE,true,0
5,5869,Temporal: Impossible Causality Inversion,ATTACK,REJECTED,PROVENANCE,PROVENANCE,true,0
5,5870,Temporal: Impossible Causality Inversion,ATTACK,REJECTED,PROVENANCE,PROVENANCE,true,0
5,5871,Temporal: Impossible Causality Inversion,ATTACK,REJECTED,PROVENANCE,PROVENANCE,true,0
5,5872,Temporal: Impossible Causality Inversion,ATTACK,REJECTED,PROVENANCE,PROVENANCE,true,0
5,5873,Temporal: Impossible Causality Inversion,ATTACK,REJECTED,PROVENANCE,PROVENANCE,true,0
5,5874,Temporal: Impossible Causality Inversion,ATTACK,REJECTED,PROVENANCE,PROVENANCE,true,0
5,5875,Temporal: Impossible Causality Inversion,ATTACK,REJECTED,PROVENANCE,PROVENANCE,true,1254
5,5876,Temporal: Impossible Causality Inversion,ATTACK,REJECTED,PROVENANCE,PROVENANCE,true,0
5,5877,Temporal: Impossible Causality Inversion,ATTACK,REJECTED,PROVENANCE,PROVENANCE,true,0
5,5878,Temporal: Impossible Causality Inversion,ATTACK,REJECTED,PROVENANCE,PROVENANCE,true,0
5,5879,Temporal: Impossible Causality Inversion,ATTACK,REJECTED,PROVENANCE,PROVENANCE,true,0
5,5880,Temporal: Impossible Causality Inversion,ATTACK,REJECTED,PROVENANCE,PROVENANCE,true,0
5,5881,Temporal: Impossible Causality Inversion,ATTACK,REJECTED,PROVENANCE,PROVENANCE,true,0
5,5882,Temporal: Impossible Causality Inversion,ATTACK,REJECTED,PROVENANCE,PROVENANCE,true,0
5,5883,Temporal: Impossible Causality Inversion,ATTACK,REJECTED,PROVENANCE,PROVENANCE,true,0
5,5884,Temporal: Impossible Causality Inversion,ATTACK,REJECTED,PROVENANCE,PROVENANCE,true,0
5,5885,Temporal: Impossible Causality Inversion,ATTACK,REJECTED,PROVENANCE,PROVENANCE,true,0
5,5886,Temporal: Impossible Causality Inversion,ATTACK,REJECTED,PROVENANCE,PROVENANCE,true,0
5,5887,Temporal: Impossible Causality Inversion,ATTACK,REJECTED,PROVENANCE,PROVENANCE,true,0
5,5888,Temporal: Impossible Causality Inversion,ATTACK,REJECTED,PROVENANCE,PROVENANCE,true,0
5,5889,Temporal: Impossible Causality Inversion,ATTACK,REJECTED,PROVENANCE,PROVENANCE,true,0
5,5890,Temporal: Impossible Causality Inversion,ATTACK,REJECTED,PROVENANCE,PROVENANCE,true,0
5,5891,Temporal: Impossible Causality Inversion,ATTACK,REJECTED,PROVENANCE,PROVENANCE,true,0
5,5892,Temporal: Impossible Causality Inversion,ATTACK,REJECTED,PROVENANCE,PROVENANCE,true,0
5,5893,Temporal: Impossible Causality Inversion,ATTACK,REJECTED,PROVENANCE,PROVENANCE,true,0
5,5894,Temporal: Impossible Causality Inversion,ATTACK,REJECTED,PROVENANCE,PROVENANCE,true,0
5,5895,Temporal: Impossible Causality Inversion,ATTACK,REJECTED,PROVENANCE,PROVENANCE,true,0
5,5896,Temporal: Impossible Causality Inversion,ATTACK,REJECTED,PROVENANCE,PROVENANCE,true,0
5,5897,Temporal: Impossible Causality Inversion,ATTACK,REJECTED,PROVENANCE,PROVENANCE,true,0
5,5898,Temporal: Impossible Causality Inversion,ATTACK,REJECTED,PROVENANCE,PROVENANCE,true,0
5,5899,Temporal: Impossible Causality Inversion,ATTACK,REJECTED,PROVENANCE,PROVENANCE,true,0
5,5900,Temporal: Impossible Causality Inversion,ATTACK,REJECTED,PROVENANCE,PROVENANCE,true,0
5,5901,Composed: Dual-Layer Source + Dependency Attack,ATTACK,REJECTED,SOURCE,SOURCE,true,0
5,5902,Composed: Dual-Layer Source + Dependency Attack,ATTACK,REJECTED,SOURCE,SOURCE,true,0
5,5903,Composed: Dual-Layer Source + Dependency Attack,ATTACK,REJECTED,SOURCE,SOURCE,true,0
5,5904,Composed: Dual-Layer Source + Dependency Attack,ATTACK,REJECTED,SOURCE,SOURCE,true,0
5,5905,Composed: Dual-Layer Source + Dependency Attack,ATTACK,REJECTED,SOURCE,SOURCE,true,0
5,5906,Composed: Dual-Layer Source + Dependency Attack,ATTACK,REJECTED,SOURCE,SOURCE,true,0
5,5907,Composed: Dual-Layer Source + Dependency Attack,ATTACK,REJECTED,SOURCE,SOURCE,true,0
5,5908,Composed: Dual-Layer Source + Dependency Attack,ATTACK,REJECTED,SOURCE,SOURCE,true,0
5,5909,Composed: Dual-Layer Source + Dependency Attack,ATTACK,REJECTED,SOURCE,SOURCE,true,0
5,5910,Composed: Dual-Layer Source + Dependency Attack,ATTACK,REJECTED,SOURCE,SOURCE,true,0
5,5911,Composed: Dual-Layer Source + Dependency Attack,ATTACK,REJECTED,SOURCE,SOURCE,true,0
5,5912,Composed: Dual-Layer Source + Dependency Attack,ATTACK,REJECTED,SOURCE,SOURCE,true,0
5,5913,Composed: Dual-Layer Source + Dependency Attack,ATTACK,REJECTED,SOURCE,SOURCE,true,0
5,5914,Composed: Dual-Layer Source + Dependency Attack,ATTACK,REJECTED,SOURCE,SOURCE,true,0
5,5915,Composed: Dual-Layer Source + Dependency Attack,ATTACK,REJECTED,SOURCE,SOURCE,true,0
5,5916,Composed: Dual-Layer Source + Dependency Attack,ATTACK,REJECTED,SOURCE,SOURCE,true,0
5,5917,Composed: Dual-Layer Source + Dependency Attack,ATTACK,REJECTED,SOURCE,SOURCE,true,0
5,5918,Composed: Dual-Layer Source + Dependency Attack,ATTACK,REJECTED,SOURCE,SOURCE,true,0
5,5919,Composed: Dual-Layer Source + Dependency Attack,ATTACK,REJECTED,SOURCE,SOURCE,true,0
5,5920,Composed: Dual-Layer Source + Dependency Attack,ATTACK,REJECTED,SOURCE,SOURCE,true,0
5,5921,Composed: Dual-Layer Source + Dependency Attack,ATTACK,REJECTED,SOURCE,SOURCE,true,0
5,5922,Composed: Dual-Layer Source + Dependency Attack,ATTACK,REJECTED,SOURCE,SOURCE,true,0
5,5923,Composed: Dual-Layer Source + Dependency Attack,ATTACK,REJECTED,SOURCE,SOURCE,true,0
5,5924,Composed: Dual-Layer Source + Dependency Attack,ATTACK,REJECTED,SOURCE,SOURCE,true,0
5,5925,Composed: Dual-Layer Source + Dependency Attack,ATTACK,REJECTED,SOURCE,SOURCE,true,0
5,5926,Composed: Dual-Layer Source + Dependency Attack,ATTACK,REJECTED,SOURCE,SOURCE,true,0
5,5927,Composed: Dual-Layer Source + Dependency Attack,ATTACK,REJECTED,SOURCE,SOURCE,true,0
5,5928,Composed: Dual-Layer Source + Dependency Attack,ATTACK,REJECTED,SOURCE,SOURCE,true,0
5,5929,Composed: Dual-Layer Source + Dependency Attack,ATTACK,REJECTED,SOURCE,SOURCE,true,0
5,5930,Composed: Dual-Layer Source + Dependency Attack,ATTACK,REJECTED,SOURCE,SOURCE,true,0
5,5931,Composed: Dual-Layer Source + Dependency Attack,ATTACK,REJECTED,SOURCE,SOURCE,true,0
5,5932,Composed: Dual-Layer Source + Dependency Attack,ATTACK,REJECTED,SOURCE,SOURCE,true,0
5,5933,Composed: Dual-Layer Source + Dependency Attack,ATTACK,REJECTED,SOURCE,SOURCE,true,0
5,5934,Composed: Dual-Layer Source + Dependency Attack,ATTACK,REJECTED,SOURCE,SOURCE,true,0
5,5935,Composed: Dual-Layer Source + Dependency Attack,ATTACK,REJECTED,SOURCE,SOURCE,true,0
5,5936,Composed: Dual-Layer Source + Dependency Attack,ATTACK,REJECTED,SOURCE,SOURCE,true,0
5,5937,Composed: Dual-Layer Source + Dependency Attack,ATTACK,REJECTED,SOURCE,SOURCE,true,0
5,5938,Composed: Dual-Layer Source + Dependency Attack,ATTACK,REJECTED,SOURCE,SOURCE,true,0
5,5939,Composed: Dual-Layer Source + Dependency Attack,ATTACK,REJECTED,SOURCE,SOURCE,true,0
5,5940,Composed: Dual-Layer Source + Dependency Attack,ATTACK,REJECTED,SOURCE,SOURCE,true,0
5,5941,Composed: Dual-Layer Source + Dependency Attack,ATTACK,REJECTED,SOURCE,SOURCE,true,0
5,5942,Composed: Dual-Layer Source + Dependency Attack,ATTACK,REJECTED,SOURCE,SOURCE,true,0
5,5943,Composed: Dual-Layer Source + Dependency Attack,ATTACK,REJECTED,SOURCE,SOURCE,true,0
5,5944,Composed: Dual-Layer Source + Dependency Attack,ATTACK,REJECTED,SOURCE,SOURCE,true,0
5,5945,Composed: Dual-Layer Source + Dependency Attack,ATTACK,REJECTED,SOURCE,SOURCE,true,0
5,5946,Composed: Dual-Layer Source + Dependency Attack,ATTACK,REJECTED,SOURCE,SOURCE,true,0
5,5947,Composed: Dual-Layer Source + Dependency Attack,ATTACK,REJECTED,SOURCE,SOURCE,true,0
5,5948,Composed: Dual-Layer Source + Dependency Attack,ATTACK,REJECTED,SOURCE,SOURCE,true,0
5,5949,Composed: Dual-Layer Source + Dependency Attack,ATTACK,REJECTED,SOURCE,SOURCE,true,0
5,5950,Composed: Dual-Layer Source + Dependency Attack,ATTACK,REJECTED,SOURCE,SOURCE,true,0
5,5951,Composed: Triple-Layer Process + Network + Binary,ATTACK,REJECTED,PROCESS,PROCESS,true,0
5,5952,Composed: Triple-Layer Process + Network + Binary,ATTACK,REJECTED,PROCESS,PROCESS,true,0
5,5953,Composed: Triple-Layer Process + Network + Binary,ATTACK,REJECTED,PROCESS,PROCESS,true,0
5,5954,Composed: Triple-Layer Process + Network + Binary,ATTACK,REJECTED,PROCESS,PROCESS,true,0
5,5955,Composed: Triple-Layer Process + Network + Binary,ATTACK,REJECTED,PROCESS,PROCESS,true,0
5,5956,Composed: Triple-Layer Process + Network + Binary,ATTACK,REJECTED,PROCESS,PROCESS,true,0
5,5957,Composed: Triple-Layer Process + Network + Binary,ATTACK,REJECTED,PROCESS,PROCESS,true,0
5,5958,Composed: Triple-Layer Process + Network + Binary,ATTACK,REJECTED,PROCESS,PROCESS,true,0
5,5959,Composed: Triple-Layer Process + Network + Binary,ATTACK,REJECTED,PROCESS,PROCESS,true,0
5,5960,Composed: Triple-Layer Process + Network + Binary,ATTACK,REJECTED,PROCESS,PROCESS,true,0
5,5961,Composed: Triple-Layer Process + Network + Binary,ATTACK,REJECTED,PROCESS,PROCESS,true,0
5,5962,Composed: Triple-Layer Process + Network + Binary,ATTACK,REJECTED,PROCESS,PROCESS,true,0
5,5963,Composed: Triple-Layer Process + Network + Binary,ATTACK,REJECTED,PROCESS,PROCESS,true,0
5,5964,Composed: Triple-Layer Process + Network + Binary,ATTACK,REJECTED,PROCESS,PROCESS,true,0
5,5965,Composed: Triple-Layer Process + Network + Binary,ATTACK,REJECTED,PROCESS,PROCESS,true,0
5,5966,Composed: Triple-Layer Process + Network + Binary,ATTACK,REJECTED,PROCESS,PROCESS,true,0
5,5967,Composed: Triple-Layer Process + Network + Binary,ATTACK,REJECTED,PROCESS,PROCESS,true,0
5,5968,Composed: Triple-Layer Process + Network + Binary,ATTACK,REJECTED,PROCESS,PROCESS,true,0
5,5969,Composed: Triple-Layer Process + Network + Binary,ATTACK,REJECTED,PROCESS,PROCESS,true,0
5,5970,Composed: Triple-Layer Process + Network + Binary,ATTACK,REJECTED,PROCESS,PROCESS,true,1006
5,5971,Composed: Triple-Layer Process + Network + Binary,ATTACK,REJECTED,PROCESS,PROCESS,true,0
5,5972,Composed: Triple-Layer Process + Network + Binary,ATTACK,REJECTED,PROCESS,PROCESS,true,0
5,5973,Composed: Triple-Layer Process + Network + Binary,ATTACK,REJECTED,PROCESS,PROCESS,true,0
5,5974,Composed: Triple-Layer Process + Network + Binary,ATTACK,REJECTED,PROCESS,PROCESS,true,0
5,5975,Composed: Triple-Layer Process + Network + Binary,ATTACK,REJECTED,PROCESS,PROCESS,true,0
5,5976,Composed: Triple-Layer Process + Network + Binary,ATTACK,REJECTED,PROCESS,PROCESS,true,0
5,5977,Composed: Triple-Layer Process + Network + Binary,ATTACK,REJECTED,PROCESS,PROCESS,true,0
5,5978,Composed: Triple-Layer Process + Network + Binary,ATTACK,REJECTED,PROCESS,PROCESS,true,0
5,5979,Composed: Triple-Layer Process + Network + Binary,ATTACK,REJECTED,PROCESS,PROCESS,true,0
5,5980,Composed: Triple-Layer Process + Network + Binary,ATTACK,REJECTED,PROCESS,PROCESS,true,0
5,5981,Composed: Triple-Layer Process + Network + Binary,ATTACK,REJECTED,PROCESS,PROCESS,true,0
5,5982,Composed: Triple-Layer Process + Network + Binary,ATTACK,REJECTED,PROCESS,PROCESS,true,0
5,5983,Composed: Triple-Layer Process + Network + Binary,ATTACK,REJECTED,PROCESS,PROCESS,true,0
5,5984,Composed: Triple-Layer Process + Network + Binary,ATTACK,REJECTED,PROCESS,PROCESS,true,0
5,5985,Composed: Triple-Layer Process + Network + Binary,ATTACK,REJECTED,PROCESS,PROCESS,true,0
5,5986,Composed: Triple-Layer Process + Network + Binary,ATTACK,REJECTED,PROCESS,PROCESS,true,0
5,5987,Composed: Triple-Layer Process + Network + Binary,ATTACK,REJECTED,PROCESS,PROCESS,true,0
5,5988,Composed: Triple-Layer Process + Network + Binary,ATTACK,REJECTED,PROCESS,PROCESS,true,0
5,5989,Composed: Triple-Layer Process + Network + Binary,ATTACK,REJECTED,PROCESS,PROCESS,true,0
5,5990,Composed: Triple-Layer Process + Network + Binary,ATTACK,REJECTED,PROCESS,PROCESS,true,0
5,5991,Composed: Triple-Layer Process + Network + Binary,ATTACK,REJECTED,PROCESS,PROCESS,true,0
5,5992,Composed: Triple-Layer Process + Network + Binary,ATTACK,REJECTED,PROCESS,PROCESS,true,0
5,5993,Composed: Triple-Layer Process + Network + Binary,ATTACK,REJECTED,PROCESS,PROCESS,true,0
5,5994,Composed: Triple-Layer Process + Network + Binary,ATTACK,REJECTED,PROCESS,PROCESS,true,0
5,5995,Composed: Triple-Layer Process + Network + Binary,ATTACK,REJECTED,PROCESS,PROCESS,true,0
5,5996,Composed: Triple-Layer Process + Network + Binary,ATTACK,REJECTED,PROCESS,PROCESS,true,0
5,5997,Composed: Triple-Layer Process + Network + Binary,ATTACK,REJECTED,PROCESS,PROCESS,true,0
5,5998,Composed: Triple-Layer Process + Network + Binary,ATTACK,REJECTED,PROCESS,PROCESS,true,0
5,5999,Composed: Triple-Layer Process + Network + Binary,ATTACK,REJECTED,PROCESS,PROCESS,true,0
5,6000,Composed: Triple-Layer Process + Network + Binary,ATTACK,REJECTED,PROCESS,PROCESS,true,0
5,6001,Benign: Compiler Patch Version Bump (go1.23.5->6),BENIGN,TRUSTED,,,true,0
5,6002,Benign: Compiler Patch Version Bump (go1.23.5->6),BENIGN,TRUSTED,,,true,0
5,6003,Benign: Compiler Patch Version Bump (go1.23.5->6),BENIGN,TRUSTED,,,true,0
5,6004,Benign: Compiler Patch Version Bump (go1.23.5->6),BENIGN,TRUSTED,,,true,0
5,6005,Benign: Compiler Patch Version Bump (go1.23.5->6),BENIGN,TRUSTED,,,true,0
5,6006,Benign: Compiler Patch Version Bump (go1.23.5->6),BENIGN,TRUSTED,,,true,0
5,6007,Benign: Compiler Patch Version Bump (go1.23.5->6),BENIGN,TRUSTED,,,true,0
5,6008,Benign: Compiler Patch Version Bump (go1.23.5->6),BENIGN,TRUSTED,,,true,0
5,6009,Benign: Compiler Patch Version Bump (go1.23.5->6),BENIGN,TRUSTED,,,true,0
5,6010,Benign: Compiler Patch Version Bump (go1.23.5->6),BENIGN,TRUSTED,,,true,0
5,6011,Benign: Compiler Patch Version Bump (go1.23.5->6),BENIGN,TRUSTED,,,true,0
5,6012,Benign: Compiler Patch Version Bump (go1.23.5->6),BENIGN,TRUSTED,,,true,0
5,6013,Benign: Compiler Patch Version Bump (go1.23.5->6),BENIGN,TRUSTED,,,true,0
5,6014,Benign: Compiler Patch Version Bump (go1.23.5->6),BENIGN,TRUSTED,,,true,0
5,6015,Benign: Compiler Patch Version Bump (go1.23.5->6),BENIGN,TRUSTED,,,true,0
5,6016,Benign: Compiler Patch Version Bump (go1.23.5->6),BENIGN,TRUSTED,,,true,0
5,6017,Benign: Compiler Patch Version Bump (go1.23.5->6),BENIGN,TRUSTED,,,true,0
5,6018,Benign: Compiler Patch Version Bump (go1.23.5->6),BENIGN,TRUSTED,,,true,0
5,6019,Benign: Compiler Patch Version Bump (go1.23.5->6),BENIGN,TRUSTED,,,true,0
5,6020,Benign: Compiler Patch Version Bump (go1.23.5->6),BENIGN,TRUSTED,,,true,0
5,6021,Benign: Compiler Patch Version Bump (go1.23.5->6),BENIGN,TRUSTED,,,true,0
5,6022,Benign: Compiler Patch Version Bump (go1.23.5->6),BENIGN,TRUSTED,,,true,0
5,6023,Benign: Compiler Patch Version Bump (go1.23.5->6),BENIGN,TRUSTED,,,true,0
5,6024,Benign: Compiler Patch Version Bump (go1.23.5->6),BENIGN,TRUSTED,,,true,0
5,6025,Benign: Compiler Patch Version Bump (go1.23.5->6),BENIGN,TRUSTED,,,true,0
5,6026,Benign: Compiler Patch Version Bump (go1.23.5->6),BENIGN,TRUSTED,,,true,0
5,6027,Benign: Compiler Patch Version Bump (go1.23.5->6),BENIGN,TRUSTED,,,true,0
5,6028,Benign: Compiler Patch Version Bump (go1.23.5->6),BENIGN,TRUSTED,,,true,0
5,6029,Benign: Compiler Patch Version Bump (go1.23.5->6),BENIGN,TRUSTED,,,true,0
5,6030,Benign: Compiler Patch Version Bump (go1.23.5->6),BENIGN,TRUSTED,,,true,0
5,6031,Benign: Compiler Patch Version Bump (go1.23.5->6),BENIGN,TRUSTED,,,true,0
5,6032,Benign: Compiler Patch Version Bump (go1.23.5->6),BENIGN,TRUSTED,,,true,0
5,6033,Benign: Compiler Patch Version Bump (go1.23.5->6),BENIGN,TRUSTED,,,true,0
5,6034,Benign: Compiler Patch Version Bump (go1.23.5->6),BENIGN,TRUSTED,,,true,0
5,6035,Benign: Compiler Patch Version Bump (go1.23.5->6),BENIGN,TRUSTED,,,true,0
5,6036,Benign: Compiler Patch Version Bump (go1.23.5->6),BENIGN,TRUSTED,,,true,0
5,6037,Benign: Compiler Patch Version Bump (go1.23.5->6),BENIGN,TRUSTED,,,true,0
5,6038,Benign: Compiler Patch Version Bump (go1.23.5->6),BENIGN,TRUSTED,,,true,0
5,6039,Benign: Compiler Patch Version Bump (go1.23.5->6),BENIGN,TRUSTED,,,true,0
5,6040,Benign: Compiler Patch Version Bump (go1.23.5->6),BENIGN,TRUSTED,,,true,0
5,6041,Benign: Compiler Patch Version Bump (go1.23.5->6),BENIGN,TRUSTED,,,true,0
5,6042,Benign: Compiler Patch Version Bump (go1.23.5->6),BENIGN,TRUSTED,,,true,0
5,6043,Benign: Compiler Patch Version Bump (go1.23.5->6),BENIGN,TRUSTED,,,true,0
5,6044,Benign: Compiler Patch Version Bump (go1.23.5->6),BENIGN,TRUSTED,,,true,0
5,6045,Benign: Compiler Patch Version Bump (go1.23.5->6),BENIGN,TRUSTED,,,true,0
5,6046,Benign: Compiler Patch Version Bump (go1.23.5->6),BENIGN,TRUSTED,,,true,0
5,6047,Benign: Compiler Patch Version Bump (go1.23.5->6),BENIGN,TRUSTED,,,true,0
5,6048,Benign: Compiler Patch Version Bump (go1.23.5->6),BENIGN,TRUSTED,,,true,0
5,6049,Benign: Compiler Patch Version Bump (go1.23.5->6),BENIGN,TRUSTED,,,true,0
5,6050,Benign: Compiler Patch Version Bump (go1.23.5->6),BENIGN,TRUSTED,,,true,0
5,6051,Benign: Build Workspace Path Relocation,BENIGN,TRUSTED,,,true,0
5,6052,Benign: Build Workspace Path Relocation,BENIGN,TRUSTED,,,true,0
5,6053,Benign: Build Workspace Path Relocation,BENIGN,TRUSTED,,,true,0
5,6054,Benign: Build Workspace Path Relocation,BENIGN,TRUSTED,,,true,0
5,6055,Benign: Build Workspace Path Relocation,BENIGN,TRUSTED,,,true,0
5,6056,Benign: Build Workspace Path Relocation,BENIGN,TRUSTED,,,true,0
5,6057,Benign: Build Workspace Path Relocation,BENIGN,TRUSTED,,,true,0
5,6058,Benign: Build Workspace Path Relocation,BENIGN,TRUSTED,,,true,0
5,6059,Benign: Build Workspace Path Relocation,BENIGN,TRUSTED,,,true,0
5,6060,Benign: Build Workspace Path Relocation,BENIGN,TRUSTED,,,true,0
5,6061,Benign: Build Workspace Path Relocation,BENIGN,TRUSTED,,,true,0
5,6062,Benign: Build Workspace Path Relocation,BENIGN,TRUSTED,,,true,1385
5,6063,Benign: Build Workspace Path Relocation,BENIGN,TRUSTED,,,true,0
5,6064,Benign: Build Workspace Path Relocation,BENIGN,TRUSTED,,,true,0
5,6065,Benign: Build Workspace Path Relocation,BENIGN,TRUSTED,,,true,0
5,6066,Benign: Build Workspace Path Relocation,BENIGN,TRUSTED,,,true,0
5,6067,Benign: Build Workspace Path Relocation,BENIGN,TRUSTED,,,true,0
5,6068,Benign: Build Workspace Path Relocation,BENIGN,TRUSTED,,,true,0
5,6069,Benign: Build Workspace Path Relocation,BENIGN,TRUSTED,,,true,0
5,6070,Benign: Build Workspace Path Relocation,BENIGN,TRUSTED,,,true,0
5,6071,Benign: Build Workspace Path Relocation,BENIGN,TRUSTED,,,true,0
5,6072,Benign: Build Workspace Path Relocation,BENIGN,TRUSTED,,,true,0
5,6073,Benign: Build Workspace Path Relocation,BENIGN,TRUSTED,,,true,0
5,6074,Benign: Build Workspace Path Relocation,BENIGN,TRUSTED,,,true,0
5,6075,Benign: Build Workspace Path Relocation,BENIGN,TRUSTED,,,true,0
5,6076,Benign: Build Workspace Path Relocation,BENIGN,TRUSTED,,,true,0
5,6077,Benign: Build Workspace Path Relocation,BENIGN,TRUSTED,,,true,0
5,6078,Benign: Build Workspace Path Relocation,BENIGN,TRUSTED,,,true,0
5,6079,Benign: Build Workspace Path Relocation,BENIGN,TRUSTED,,,true,0
5,6080,Benign: Build Workspace Path Relocation,BENIGN,TRUSTED,,,true,0
5,6081,Benign: Build Workspace Path Relocation,BENIGN,TRUSTED,,,true,0
5,6082,Benign: Build Workspace Path Relocation,BENIGN,TRUSTED,,,true,0
5,6083,Benign: Build Workspace Path Relocation,BENIGN,TRUSTED,,,true,0
5,6084,Benign: Build Workspace Path Relocation,BENIGN,TRUSTED,,,true,0
5,6085,Benign: Build Workspace Path Relocation,BENIGN,TRUSTED,,,true,0
5,6086,Benign: Build Workspace Path Relocation,BENIGN,TRUSTED,,,true,0
5,6087,Benign: Build Workspace Path Relocation,BENIGN,TRUSTED,,,true,0
5,6088,Benign: Build Workspace Path Relocation,BENIGN,TRUSTED,,,true,0
5,6089,Benign: Build Workspace Path Relocation,BENIGN,TRUSTED,,,true,0
5,6090,Benign: Build Workspace Path Relocation,BENIGN,TRUSTED,,,true,0
5,6091,Benign: Build Workspace Path Relocation,BENIGN,TRUSTED,,,true,0
5,6092,Benign: Build Workspace Path Relocation,BENIGN,TRUSTED,,,true,0
5,6093,Benign: Build Workspace Path Relocation,BENIGN,TRUSTED,,,true,0
5,6094,Benign: Build Workspace Path Relocation,BENIGN,TRUSTED,,,true,0
5,6095,Benign: Build Workspace Path Relocation,BENIGN,TRUSTED,,,true,0
5,6096,Benign: Build Workspace Path Relocation,BENIGN,TRUSTED,,,true,0
5,6097,Benign: Build Workspace Path Relocation,BENIGN,TRUSTED,,,true,0
5,6098,Benign: Build Workspace Path Relocation,BENIGN,TRUSTED,,,true,0
5,6099,Benign: Build Workspace Path Relocation,BENIGN,TRUSTED,,,true,0
5,6100,Benign: Build Workspace Path Relocation,BENIGN,TRUSTED,,,true,0
5,6101,Benign: Synchronized Lockfile Version Bump,BENIGN,TRUSTED,,,true,0
5,6102,Benign: Synchronized Lockfile Version Bump,BENIGN,TRUSTED,,,true,0
5,6103,Benign: Synchronized Lockfile Version Bump,BENIGN,TRUSTED,,,true,0
5,6104,Benign: Synchronized Lockfile Version Bump,BENIGN,TRUSTED,,,true,0
5,6105,Benign: Synchronized Lockfile Version Bump,BENIGN,TRUSTED,,,true,0
5,6106,Benign: Synchronized Lockfile Version Bump,BENIGN,TRUSTED,,,true,0
5,6107,Benign: Synchronized Lockfile Version Bump,BENIGN,TRUSTED,,,true,0
5,6108,Benign: Synchronized Lockfile Version Bump,BENIGN,TRUSTED,,,true,0
5,6109,Benign: Synchronized Lockfile Version Bump,BENIGN,TRUSTED,,,true,0
5,6110,Benign: Synchronized Lockfile Version Bump,BENIGN,TRUSTED,,,true,0
5,6111,Benign: Synchronized Lockfile Version Bump,BENIGN,TRUSTED,,,true,0
5,6112,Benign: Synchronized Lockfile Version Bump,BENIGN,TRUSTED,,,true,0
5,6113,Benign: Synchronized Lockfile Version Bump,BENIGN,TRUSTED,,,true,0
5,6114,Benign: Synchronized Lockfile Version Bump,BENIGN,TRUSTED,,,true,0
5,6115,Benign: Synchronized Lockfile Version Bump,BENIGN,TRUSTED,,,true,0
5,6116,Benign: Synchronized Lockfile Version Bump,BENIGN,TRUSTED,,,true,0
5,6117,Benign: Synchronized Lockfile Version Bump,BENIGN,TRUSTED,,,true,0
5,6118,Benign: Synchronized Lockfile Version Bump,BENIGN,TRUSTED,,,true,0
5,6119,Benign: Synchronized Lockfile Version Bump,BENIGN,TRUSTED,,,true,0
5,6120,Benign: Synchronized Lockfile Version Bump,BENIGN,TRUSTED,,,true,0
5,6121,Benign: Synchronized Lockfile Version Bump,BENIGN,TRUSTED,,,true,0
5,6122,Benign: Synchronized Lockfile Version Bump,BENIGN,TRUSTED,,,true,0
5,6123,Benign: Synchronized Lockfile Version Bump,BENIGN,TRUSTED,,,true,0
5,6124,Benign: Synchronized Lockfile Version Bump,BENIGN,TRUSTED,,,true,0
5,6125,Benign: Synchronized Lockfile Version Bump,BENIGN,TRUSTED,,,true,0
5,6126,Benign: Synchronized Lockfile Version Bump,BENIGN,TRUSTED,,,true,0
5,6127,Benign: Synchronized Lockfile Version Bump,BENIGN,TRUSTED,,,true,0
5,6128,Benign: Synchronized Lockfile Version Bump,BENIGN,TRUSTED,,,true,0
5,6129,Benign: Synchronized Lockfile Version Bump,BENIGN,TRUSTED,,,true,0
5,6130,Benign: Synchronized Lockfile Version Bump,BENIGN,TRUSTED,,,true,0
5,6131,Benign: Synchronized Lockfile Version Bump,BENIGN,TRUSTED,,,true,0
5,6132,Benign: Synchronized Lockfile Version Bump,BENIGN,TRUSTED,,,true,0
5,6133,Benign: Synchronized Lockfile Version Bump,BENIGN,TRUSTED,,,true,0
5,6134,Benign: Synchronized Lockfile Version Bump,BENIGN,TRUSTED,,,true,0
5,6135,Benign: Synchronized Lockfile Version Bump,BENIGN,TRUSTED,,,true,0
5,6136,Benign: Synchronized Lockfile Version Bump,BENIGN,TRUSTED,,,true,0
5,6137,Benign: Synchronized Lockfile Version Bump,BENIGN,TRUSTED,,,true,0
5,6138,Benign: Synchronized Lockfile Version Bump,BENIGN,TRUSTED,,,true,0
5,6139,Benign: Synchronized Lockfile Version Bump,BENIGN,TRUSTED,,,true,0
5,6140,Benign: Synchronized Lockfile Version Bump,BENIGN,TRUSTED,,,true,0
5,6141,Benign: Synchronized Lockfile Version Bump,BENIGN,TRUSTED,,,true,0
5,6142,Benign: Synchronized Lockfile Version Bump,BENIGN,TRUSTED,,,true,0
5,6143,Benign: Synchronized Lockfile Version Bump,BENIGN,TRUSTED,,,true,0
5,6144,Benign: Synchronized Lockfile Version Bump,BENIGN,TRUSTED,,,true,0
5,6145,Benign: Synchronized Lockfile Version Bump,BENIGN,TRUSTED,,,true,0
5,6146,Benign: Synchronized Lockfile Version Bump,BENIGN,TRUSTED,,,true,0
5,6147,Benign: Synchronized Lockfile Version Bump,BENIGN,TRUSTED,,,true,0
5,6148,Benign: Synchronized Lockfile Version Bump,BENIGN,TRUSTED,,,true,0
5,6149,Benign: Synchronized Lockfile Version Bump,BENIGN,TRUSTED,,,true,0
5,6150,Benign: Synchronized Lockfile Version Bump,BENIGN,TRUSTED,,,true,0
5,6151,Benign: Reordered JSON/SBOM Attribute Keys,BENIGN,TRUSTED,,,true,0
5,6152,Benign: Reordered JSON/SBOM Attribute Keys,BENIGN,TRUSTED,,,true,0
5,6153,Benign: Reordered JSON/SBOM Attribute Keys,BENIGN,TRUSTED,,,true,0
5,6154,Benign: Reordered JSON/SBOM Attribute Keys,BENIGN,TRUSTED,,,true,0
5,6155,Benign: Reordered JSON/SBOM Attribute Keys,BENIGN,TRUSTED,,,true,0
5,6156,Benign: Reordered JSON/SBOM Attribute Keys,BENIGN,TRUSTED,,,true,0
5,6157,Benign: Reordered JSON/SBOM Attribute Keys,BENIGN,TRUSTED,,,true,0
5,6158,Benign: Reordered JSON/SBOM Attribute Keys,BENIGN,TRUSTED,,,true,0
5,6159,Benign: Reordered JSON/SBOM Attribute Keys,BENIGN,TRUSTED,,,true,0
5,6160,Benign: Reordered JSON/SBOM Attribute Keys,BENIGN,TRUSTED,,,true,0
5,6161,Benign: Reordered JSON/SBOM Attribute Keys,BENIGN,TRUSTED,,,true,0
5,6162,Benign: Reordered JSON/SBOM Attribute Keys,BENIGN,TRUSTED,,,true,0
5,6163,Benign: Reordered JSON/SBOM Attribute Keys,BENIGN,TRUSTED,,,true,0
5,6164,Benign: Reordered JSON/SBOM Attribute Keys,BENIGN,TRUSTED,,,true,0
5,6165,Benign: Reordered JSON/SBOM Attribute Keys,BENIGN,TRUSTED,,,true,0
5,6166,Benign: Reordered JSON/SBOM Attribute Keys,BENIGN,TRUSTED,,,true,0
5,6167,Benign: Reordered JSON/SBOM Attribute Keys,BENIGN,TRUSTED,,,true,0
5,6168,Benign: Reordered JSON/SBOM Attribute Keys,BENIGN,TRUSTED,,,true,0
5,6169,Benign: Reordered JSON/SBOM Attribute Keys,BENIGN,TRUSTED,,,true,0
5,6170,Benign: Reordered JSON/SBOM Attribute Keys,BENIGN,TRUSTED,,,true,0
5,6171,Benign: Reordered JSON/SBOM Attribute Keys,BENIGN,TRUSTED,,,true,0
5,6172,Benign: Reordered JSON/SBOM Attribute Keys,BENIGN,TRUSTED,,,true,0
5,6173,Benign: Reordered JSON/SBOM Attribute Keys,BENIGN,TRUSTED,,,true,0
5,6174,Benign: Reordered JSON/SBOM Attribute Keys,BENIGN,TRUSTED,,,true,0
5,6175,Benign: Reordered JSON/SBOM Attribute Keys,BENIGN,TRUSTED,,,true,0
5,6176,Benign: Reordered JSON/SBOM Attribute Keys,BENIGN,TRUSTED,,,true,0
5,6177,Benign: Reordered JSON/SBOM Attribute Keys,BENIGN,TRUSTED,,,true,0
5,6178,Benign: Reordered JSON/SBOM Attribute Keys,BENIGN,TRUSTED,,,true,0
5,6179,Benign: Reordered JSON/SBOM Attribute Keys,BENIGN,TRUSTED,,,true,0
5,6180,Benign: Reordered JSON/SBOM Attribute Keys,BENIGN,TRUSTED,,,true,0
5,6181,Benign: Reordered JSON/SBOM Attribute Keys,BENIGN,TRUSTED,,,true,0
5,6182,Benign: Reordered JSON/SBOM Attribute Keys,BENIGN,TRUSTED,,,true,0
5,6183,Benign: Reordered JSON/SBOM Attribute Keys,BENIGN,TRUSTED,,,true,0
5,6184,Benign: Reordered JSON/SBOM Attribute Keys,BENIGN,TRUSTED,,,true,0
5,6185,Benign: Reordered JSON/SBOM Attribute Keys,BENIGN,TRUSTED,,,true,0
5,6186,Benign: Reordered JSON/SBOM Attribute Keys,BENIGN,TRUSTED,,,true,0
5,6187,Benign: Reordered JSON/SBOM Attribute Keys,BENIGN,TRUSTED,,,true,0
5,6188,Benign: Reordered JSON/SBOM Attribute Keys,BENIGN,TRUSTED,,,true,0
5,6189,Benign: Reordered JSON/SBOM Attribute Keys,BENIGN,TRUSTED,,,true,0
5,6190,Benign: Reordered JSON/SBOM Attribute Keys,BENIGN,TRUSTED,,,true,0
5,6191,Benign: Reordered JSON/SBOM Attribute Keys,BENIGN,TRUSTED,,,true,0
5,6192,Benign: Reordered JSON/SBOM Attribute Keys,BENIGN,TRUSTED,,,true,0
5,6193,Benign: Reordered JSON/SBOM Attribute Keys,BENIGN,TRUSTED,,,true,0
5,6194,Benign: Reordered JSON/SBOM Attribute Keys,BENIGN,TRUSTED,,,true,0
5,6195,Benign: Reordered JSON/SBOM Attribute Keys,BENIGN,TRUSTED,,,true,0
5,6196,Benign: Reordered JSON/SBOM Attribute Keys,BENIGN,TRUSTED,,,true,0
5,6197,Benign: Reordered JSON/SBOM Attribute Keys,BENIGN,TRUSTED,,,true,0
5,6198,Benign: Reordered JSON/SBOM Attribute Keys,BENIGN,TRUSTED,,,true,0
5,6199,Benign: Reordered JSON/SBOM Attribute Keys,BENIGN,TRUSTED,,,true,0
5,6200,Benign: Reordered JSON/SBOM Attribute Keys,BENIGN,TRUSTED,,,true,0
5,6201,Benign: Incremental Build with Object Cache Hit,BENIGN,TRUSTED,,,true,0
5,6202,Benign: Incremental Build with Object Cache Hit,BENIGN,TRUSTED,,,true,0
5,6203,Benign: Incremental Build with Object Cache Hit,BENIGN,TRUSTED,,,true,0
5,6204,Benign: Incremental Build with Object Cache Hit,BENIGN,TRUSTED,,,true,0
5,6205,Benign: Incremental Build with Object Cache Hit,BENIGN,TRUSTED,,,true,0
5,6206,Benign: Incremental Build with Object Cache Hit,BENIGN,TRUSTED,,,true,0
5,6207,Benign: Incremental Build with Object Cache Hit,BENIGN,TRUSTED,,,true,0
5,6208,Benign: Incremental Build with Object Cache Hit,BENIGN,TRUSTED,,,true,0
5,6209,Benign: Incremental Build with Object Cache Hit,BENIGN,TRUSTED,,,true,0
5,6210,Benign: Incremental Build with Object Cache Hit,BENIGN,TRUSTED,,,true,0
5,6211,Benign: Incremental Build with Object Cache Hit,BENIGN,TRUSTED,,,true,0
5,6212,Benign: Incremental Build with Object Cache Hit,BENIGN,TRUSTED,,,true,0
5,6213,Benign: Incremental Build with Object Cache Hit,BENIGN,TRUSTED,,,true,0
5,6214,Benign: Incremental Build with Object Cache Hit,BENIGN,TRUSTED,,,true,0
5,6215,Benign: Incremental Build with Object Cache Hit,BENIGN,TRUSTED,,,true,0
5,6216,Benign: Incremental Build with Object Cache Hit,BENIGN,TRUSTED,,,true,0
5,6217,Benign: Incremental Build with Object Cache Hit,BENIGN,TRUSTED,,,true,0
5,6218,Benign: Incremental Build with Object Cache Hit,BENIGN,TRUSTED,,,true,0
5,6219,Benign: Incremental Build with Object Cache Hit,BENIGN,TRUSTED,,,true,0
5,6220,Benign: Incremental Build with Object Cache Hit,BENIGN,TRUSTED,,,true,0
5,6221,Benign: Incremental Build with Object Cache Hit,BENIGN,TRUSTED,,,true,1505
5,6222,Benign: Incremental Build with Object Cache Hit,BENIGN,TRUSTED,,,true,0
5,6223,Benign: Incremental Build with Object Cache Hit,BENIGN,TRUSTED,,,true,0
5,6224,Benign: Incremental Build with Object Cache Hit,BENIGN,TRUSTED,,,true,0
5,6225,Benign: Incremental Build with Object Cache Hit,BENIGN,TRUSTED,,,true,0
5,6226,Benign: Incremental Build with Object Cache Hit,BENIGN,TRUSTED,,,true,0
5,6227,Benign: Incremental Build with Object Cache Hit,BENIGN,TRUSTED,,,true,0
5,6228,Benign: Incremental Build with Object Cache Hit,BENIGN,TRUSTED,,,true,0
5,6229,Benign: Incremental Build with Object Cache Hit,BENIGN,TRUSTED,,,true,0
5,6230,Benign: Incremental Build with Object Cache Hit,BENIGN,TRUSTED,,,true,0
5,6231,Benign: Incremental Build with Object Cache Hit,BENIGN,TRUSTED,,,true,0
5,6232,Benign: Incremental Build with Object Cache Hit,BENIGN,TRUSTED,,,true,0
5,6233,Benign: Incremental Build with Object Cache Hit,BENIGN,TRUSTED,,,true,0
5,6234,Benign: Incremental Build with Object Cache Hit,BENIGN,TRUSTED,,,true,0
5,6235,Benign: Incremental Build with Object Cache Hit,BENIGN,TRUSTED,,,true,0
5,6236,Benign: Incremental Build with Object Cache Hit,BENIGN,TRUSTED,,,true,0
5,6237,Benign: Incremental Build with Object Cache Hit,BENIGN,TRUSTED,,,true,0
5,6238,Benign: Incremental Build with Object Cache Hit,BENIGN,TRUSTED,,,true,0
5,6239,Benign: Incremental Build with Object Cache Hit,BENIGN,TRUSTED,,,true,0
5,6240,Benign: Incremental Build with Object Cache Hit,BENIGN,TRUSTED,,,true,0
5,6241,Benign: Incremental Build with Object Cache Hit,BENIGN,TRUSTED,,,true,0
5,6242,Benign: Incremental Build with Object Cache Hit,BENIGN,TRUSTED,,,true,0
5,6243,Benign: Incremental Build with Object Cache Hit,BENIGN,TRUSTED,,,true,0
5,6244,Benign: Incremental Build with Object Cache Hit,BENIGN,TRUSTED,,,true,0
5,6245,Benign: Incremental Build with Object Cache Hit,BENIGN,TRUSTED,,,true,0
5,6246,Benign: Incremental Build with Object Cache Hit,BENIGN,TRUSTED,,,true,0
5,6247,Benign: Incremental Build with Object Cache Hit,BENIGN,TRUSTED,,,true,0
5,6248,Benign: Incremental Build with Object Cache Hit,BENIGN,TRUSTED,,,true,0
5,6249,Benign: Incremental Build with Object Cache Hit,BENIGN,TRUSTED,,,true,0
5,6250,Benign: Incremental Build with Object Cache Hit,BENIGN,TRUSTED,,,true,0
